id_cliente,fecha_corte,origen_datos,id_producto,estado_producto
1375586,2015-01-28,train,1,0
1375586,2015-01-28,train,2,0
1375586,2015-01-28,train,3,1
1375586,2015-01-28,train,4,0
1375586,2015-01-28,train,5,0
1375586,2015-01-28,train,6,0
1375586,2015-01-28,train,7,0
1375586,2015-01-28,train,8,0
1375586,2015-01-28,train,9,0
1375586,2015-01-28,train,10,0
1375586,2015-01-28,train,11,0
1375586,2015-01-28,train,12,0
1375586,2015-01-28,train,13,0
1375586,2015-01-28,train,14,0
1375586,2015-01-28,train,15,0
1375586,2015-01-28,train,16,0
1050611,2015-01-28,train,1,0
1050611,2015-01-28,train,2,0
1050611,2015-01-28,train,3,1
1050611,2015-01-28,train,4,0
1050611,2015-01-28,train,5,0
1050611,2015-01-28,train,6,0
1050611,2015-01-28,train,7,0
1050611,2015-01-28,train,8,0
1050611,2015-01-28,train,9,0
1050611,2015-01-28,train,10,0
1050611,2015-01-28,train,11,0
1050611,2015-01-28,train,12,0
1050611,2015-01-28,train,13,0
1050611,2015-01-28,train,14,0
1050611,2015-01-28,train,15,0
1050611,2015-01-28,train,16,0
1050612,2015-01-28,train,1,0
1050612,2015-01-28,train,2,0
1050612,2015-01-28,train,3,1
1050612,2015-01-28,train,4,0
1050612,2015-01-28,train,5,0
1050612,2015-01-28,train,6,0
1050612,2015-01-28,train,7,0
1050612,2015-01-28,train,8,0
1050612,2015-01-28,train,9,0
1050612,2015-01-28,train,10,0
1050612,2015-01-28,train,11,0
1050612,2015-01-28,train,12,0
1050612,2015-01-28,train,13,0
1050612,2015-01-28,train,14,0
1050612,2015-01-28,train,15,0
1050612,2015-01-28,train,16,0
1050613,2015-01-28,train,1,0
1050613,2015-01-28,train,2,0
1050613,2015-01-28,train,3,0
1050613,2015-01-28,train,4,0
1050613,2015-01-28,train,5,0
1050613,2015-01-28,train,6,0
1050613,2015-01-28,train,7,0
1050613,2015-01-28,train,8,0
1050613,2015-01-28,train,9,0
1050613,2015-01-28,train,10,1
1050613,2015-01-28,train,11,0
1050613,2015-01-28,train,12,0
1050613,2015-01-28,train,13,0
1050613,2015-01-28,train,14,0
1050613,2015-01-28,train,15,0
1050613,2015-01-28,train,16,0
1050614,2015-01-28,train,1,0
1050614,2015-01-28,train,2,0
1050614,2015-01-28,train,3,1
1050614,2015-01-28,train,4,0
1050614,2015-01-28,train,5,0
1050614,2015-01-28,train,6,0
1050614,2015-01-28,train,7,0
1050614,2015-01-28,train,8,0
1050614,2015-01-28,train,9,0
1050614,2015-01-28,train,10,0
1050614,2015-01-28,train,11,0
1050614,2015-01-28,train,12,0
1050614,2015-01-28,train,13,0
1050614,2015-01-28,train,14,0
1050614,2015-01-28,train,15,0
1050614,2015-01-28,train,16,0
1050615,2015-01-28,train,1,0
1050615,2015-01-28,train,2,0
1050615,2015-01-28,train,3,1
1050615,2015-01-28,train,4,0
1050615,2015-01-28,train,5,0
1050615,2015-01-28,train,6,0
1050615,2015-01-28,train,7,0
1050615,2015-01-28,train,8,0
1050615,2015-01-28,train,9,0
1050615,2015-01-28,train,10,0
1050615,2015-01-28,train,11,0
1050615,2015-01-28,train,12,0
1050615,2015-01-28,train,13,0
1050615,2015-01-28,train,14,0
1050615,2015-01-28,train,15,0
1050615,2015-01-28,train,16,0
1050616,2015-01-28,train,1,0
1050616,2015-01-28,train,2,0
1050616,2015-01-28,train,3,1
1050616,2015-01-28,train,4,0
1050616,2015-01-28,train,5,0
1050616,2015-01-28,train,6,0
1050616,2015-01-28,train,7,0
1050616,2015-01-28,train,8,0
1050616,2015-01-28,train,9,0
1050616,2015-01-28,train,10,0
1050616,2015-01-28,train,11,0
1050616,2015-01-28,train,12,0
1050616,2015-01-28,train,13,0
1050616,2015-01-28,train,14,0
1050616,2015-01-28,train,15,0
1050616,2015-01-28,train,16,0
1050617,2015-01-28,train,1,0
1050617,2015-01-28,train,2,0
1050617,2015-01-28,train,3,1
1050617,2015-01-28,train,4,0
1050617,2015-01-28,train,5,0
1050617,2015-01-28,train,6,0
1050617,2015-01-28,train,7,0
1050617,2015-01-28,train,8,0
1050617,2015-01-28,train,9,0
1050617,2015-01-28,train,10,0
1050617,2015-01-28,train,11,0
1050617,2015-01-28,train,12,0
1050617,2015-01-28,train,13,0
1050617,2015-01-28,train,14,0
1050617,2015-01-28,train,15,0
1050617,2015-01-28,train,16,0
1050619,2015-01-28,train,1,0
1050619,2015-01-28,train,2,0
1050619,2015-01-28,train,3,1
1050619,2015-01-28,train,4,0
1050619,2015-01-28,train,5,0
1050619,2015-01-28,train,6,0
1050619,2015-01-28,train,7,0
1050619,2015-01-28,train,8,0
1050619,2015-01-28,train,9,0
1050619,2015-01-28,train,10,0
1050619,2015-01-28,train,11,0
1050619,2015-01-28,train,12,0
1050619,2015-01-28,train,13,0
1050619,2015-01-28,train,14,0
1050619,2015-01-28,train,15,0
1050619,2015-01-28,train,16,0
1050620,2015-01-28,train,1,0
1050620,2015-01-28,train,2,0
1050620,2015-01-28,train,3,1
1050620,2015-01-28,train,4,0
1050620,2015-01-28,train,5,0
1050620,2015-01-28,train,6,0
1050620,2015-01-28,train,7,0
1050620,2015-01-28,train,8,0
1050620,2015-01-28,train,9,0
1050620,2015-01-28,train,10,0
1050620,2015-01-28,train,11,0
1050620,2015-01-28,train,12,0
1050620,2015-01-28,train,13,0
1050620,2015-01-28,train,14,0
1050620,2015-01-28,train,15,0
1050620,2015-01-28,train,16,0
1050621,2015-01-28,train,1,0
1050621,2015-01-28,train,2,0
1050621,2015-01-28,train,3,1
1050621,2015-01-28,train,4,0
1050621,2015-01-28,train,5,0
1050621,2015-01-28,train,6,0
1050621,2015-01-28,train,7,0
1050621,2015-01-28,train,8,0
1050621,2015-01-28,train,9,0
1050621,2015-01-28,train,10,0
1050621,2015-01-28,train,11,0
1050621,2015-01-28,train,12,0
1050621,2015-01-28,train,13,0
1050621,2015-01-28,train,14,0
1050621,2015-01-28,train,15,0
1050621,2015-01-28,train,16,0
1050622,2015-01-28,train,1,0
1050622,2015-01-28,train,2,0
1050622,2015-01-28,train,3,1
1050622,2015-01-28,train,4,0
1050622,2015-01-28,train,5,0
1050622,2015-01-28,train,6,0
1050622,2015-01-28,train,7,0
1050622,2015-01-28,train,8,0
1050622,2015-01-28,train,9,0
1050622,2015-01-28,train,10,0
1050622,2015-01-28,train,11,0
1050622,2015-01-28,train,12,0
1050622,2015-01-28,train,13,0
1050622,2015-01-28,train,14,0
1050622,2015-01-28,train,15,0
1050622,2015-01-28,train,16,0
1050623,2015-01-28,train,1,0
1050623,2015-01-28,train,2,0
1050623,2015-01-28,train,3,1
1050623,2015-01-28,train,4,0
1050623,2015-01-28,train,5,0
1050623,2015-01-28,train,6,0
1050623,2015-01-28,train,7,0
1050623,2015-01-28,train,8,0
1050623,2015-01-28,train,9,0
1050623,2015-01-28,train,10,0
1050623,2015-01-28,train,11,0
1050623,2015-01-28,train,12,0
1050623,2015-01-28,train,13,0
1050623,2015-01-28,train,14,0
1050623,2015-01-28,train,15,0
1050623,2015-01-28,train,16,0
1050624,2015-01-28,train,1,0
1050624,2015-01-28,train,2,0
1050624,2015-01-28,train,3,1
1050624,2015-01-28,train,4,0
1050624,2015-01-28,train,5,0
1050624,2015-01-28,train,6,0
1050624,2015-01-28,train,7,0
1050624,2015-01-28,train,8,0
1050624,2015-01-28,train,9,0
1050624,2015-01-28,train,10,0
1050624,2015-01-28,train,11,0
1050624,2015-01-28,train,12,0
1050624,2015-01-28,train,13,0
1050624,2015-01-28,train,14,0
1050624,2015-01-28,train,15,0
1050624,2015-01-28,train,16,0
1050625,2015-01-28,train,1,0
1050625,2015-01-28,train,2,0
1050625,2015-01-28,train,3,1
1050625,2015-01-28,train,4,0
1050625,2015-01-28,train,5,0
1050625,2015-01-28,train,6,0
1050625,2015-01-28,train,7,0
1050625,2015-01-28,train,8,0
1050625,2015-01-28,train,9,0
1050625,2015-01-28,train,10,0
1050625,2015-01-28,train,11,0
1050625,2015-01-28,train,12,0
1050625,2015-01-28,train,13,0
1050625,2015-01-28,train,14,0
1050625,2015-01-28,train,15,0
1050625,2015-01-28,train,16,0
1050626,2015-01-28,train,1,0
1050626,2015-01-28,train,2,0
1050626,2015-01-28,train,3,1
1050626,2015-01-28,train,4,0
1050626,2015-01-28,train,5,0
1050626,2015-01-28,train,6,0
1050626,2015-01-28,train,7,0
1050626,2015-01-28,train,8,0
1050626,2015-01-28,train,9,0
1050626,2015-01-28,train,10,0
1050626,2015-01-28,train,11,0
1050626,2015-01-28,train,12,0
1050626,2015-01-28,train,13,0
1050626,2015-01-28,train,14,0
1050626,2015-01-28,train,15,0
1050626,2015-01-28,train,16,0
1050610,2015-01-28,train,1,0
1050610,2015-01-28,train,2,0
1050610,2015-01-28,train,3,1
1050610,2015-01-28,train,4,0
1050610,2015-01-28,train,5,0
1050610,2015-01-28,train,6,0
1050610,2015-01-28,train,7,0
1050610,2015-01-28,train,8,0
1050610,2015-01-28,train,9,0
1050610,2015-01-28,train,10,0
1050610,2015-01-28,train,11,0
1050610,2015-01-28,train,12,0
1050610,2015-01-28,train,13,0
1050610,2015-01-28,train,14,0
1050610,2015-01-28,train,15,0
1050610,2015-01-28,train,16,0
1050627,2015-01-28,train,1,0
1050627,2015-01-28,train,2,0
1050627,2015-01-28,train,3,1
1050627,2015-01-28,train,4,0
1050627,2015-01-28,train,5,0
1050627,2015-01-28,train,6,0
1050627,2015-01-28,train,7,0
1050627,2015-01-28,train,8,0
1050627,2015-01-28,train,9,0
1050627,2015-01-28,train,10,0
1050627,2015-01-28,train,11,0
1050627,2015-01-28,train,12,0
1050627,2015-01-28,train,13,0
1050627,2015-01-28,train,14,0
1050627,2015-01-28,train,15,0
1050627,2015-01-28,train,16,0
1050609,2015-01-28,train,1,0
1050609,2015-01-28,train,2,0
1050609,2015-01-28,train,3,1
1050609,2015-01-28,train,4,0
1050609,2015-01-28,train,5,0
1050609,2015-01-28,train,6,0
1050609,2015-01-28,train,7,0
1050609,2015-01-28,train,8,0
1050609,2015-01-28,train,9,0
1050609,2015-01-28,train,10,0
1050609,2015-01-28,train,11,0
1050609,2015-01-28,train,12,0
1050609,2015-01-28,train,13,0
1050609,2015-01-28,train,14,0
1050609,2015-01-28,train,15,0
1050609,2015-01-28,train,16,0
1050605,2015-01-28,train,1,0
1050605,2015-01-28,train,2,0
1050605,2015-01-28,train,3,1
1050605,2015-01-28,train,4,0
1050605,2015-01-28,train,5,0
1050605,2015-01-28,train,6,0
1050605,2015-01-28,train,7,0
1050605,2015-01-28,train,8,0
1050605,2015-01-28,train,9,0
1050605,2015-01-28,train,10,0
1050605,2015-01-28,train,11,0
1050605,2015-01-28,train,12,0
1050605,2015-01-28,train,13,0
1050605,2015-01-28,train,14,0
1050605,2015-01-28,train,15,0
1050605,2015-01-28,train,16,0
1050582,2015-01-28,train,1,0
1050582,2015-01-28,train,2,0
1050582,2015-01-28,train,3,1
1050582,2015-01-28,train,4,0
1050582,2015-01-28,train,5,0
1050582,2015-01-28,train,6,0
1050582,2015-01-28,train,7,0
1050582,2015-01-28,train,8,0
1050582,2015-01-28,train,9,0
1050582,2015-01-28,train,10,0
1050582,2015-01-28,train,11,0
1050582,2015-01-28,train,12,0
1050582,2015-01-28,train,13,0
1050582,2015-01-28,train,14,0
1050582,2015-01-28,train,15,0
1050582,2015-01-28,train,16,0
1050586,2015-01-28,train,1,0
1050586,2015-01-28,train,2,0
1050586,2015-01-28,train,3,1
1050586,2015-01-28,train,4,0
1050586,2015-01-28,train,5,0
1050586,2015-01-28,train,6,0
1050586,2015-01-28,train,7,0
1050586,2015-01-28,train,8,0
1050586,2015-01-28,train,9,0
1050586,2015-01-28,train,10,0
1050586,2015-01-28,train,11,0
1050586,2015-01-28,train,12,0
1050586,2015-01-28,train,13,0
1050586,2015-01-28,train,14,0
1050586,2015-01-28,train,15,0
1050586,2015-01-28,train,16,0
1050588,2015-01-28,train,1,0
1050588,2015-01-28,train,2,0
1050588,2015-01-28,train,3,1
1050588,2015-01-28,train,4,0
1050588,2015-01-28,train,5,0
1050588,2015-01-28,train,6,0
1050588,2015-01-28,train,7,0
1050588,2015-01-28,train,8,0
1050588,2015-01-28,train,9,0
1050588,2015-01-28,train,10,0
1050588,2015-01-28,train,11,0
1050588,2015-01-28,train,12,0
1050588,2015-01-28,train,13,0
1050588,2015-01-28,train,14,0
1050588,2015-01-28,train,15,0
1050588,2015-01-28,train,16,0
1050589,2015-01-28,train,1,0
1050589,2015-01-28,train,2,0
1050589,2015-01-28,train,3,1
1050589,2015-01-28,train,4,0
1050589,2015-01-28,train,5,0
1050589,2015-01-28,train,6,0
1050589,2015-01-28,train,7,0
1050589,2015-01-28,train,8,0
1050589,2015-01-28,train,9,0
1050589,2015-01-28,train,10,0
1050589,2015-01-28,train,11,0
1050589,2015-01-28,train,12,0
1050589,2015-01-28,train,13,0
1050589,2015-01-28,train,14,0
1050589,2015-01-28,train,15,0
1050589,2015-01-28,train,16,0
1050591,2015-01-28,train,1,0
1050591,2015-01-28,train,2,0
1050591,2015-01-28,train,3,1
1050591,2015-01-28,train,4,0
1050591,2015-01-28,train,5,0
1050591,2015-01-28,train,6,0
1050591,2015-01-28,train,7,0
1050591,2015-01-28,train,8,0
1050591,2015-01-28,train,9,0
1050591,2015-01-28,train,10,0
1050591,2015-01-28,train,11,0
1050591,2015-01-28,train,12,0
1050591,2015-01-28,train,13,0
1050591,2015-01-28,train,14,0
1050591,2015-01-28,train,15,0
1050591,2015-01-28,train,16,0
1050592,2015-01-28,train,1,0
1050592,2015-01-28,train,2,0
1050592,2015-01-28,train,3,1
1050592,2015-01-28,train,4,0
1050592,2015-01-28,train,5,0
1050592,2015-01-28,train,6,0
1050592,2015-01-28,train,7,0
1050592,2015-01-28,train,8,0
1050592,2015-01-28,train,9,0
1050592,2015-01-28,train,10,0
1050592,2015-01-28,train,11,0
1050592,2015-01-28,train,12,0
1050592,2015-01-28,train,13,0
1050592,2015-01-28,train,14,0
1050592,2015-01-28,train,15,0
1050592,2015-01-28,train,16,0
1050595,2015-01-28,train,1,0
1050595,2015-01-28,train,2,0
1050595,2015-01-28,train,3,1
1050595,2015-01-28,train,4,0
1050595,2015-01-28,train,5,0
1050595,2015-01-28,train,6,0
1050595,2015-01-28,train,7,0
1050595,2015-01-28,train,8,0
1050595,2015-01-28,train,9,0
1050595,2015-01-28,train,10,0
1050595,2015-01-28,train,11,0
1050595,2015-01-28,train,12,0
1050595,2015-01-28,train,13,0
1050595,2015-01-28,train,14,0
1050595,2015-01-28,train,15,0
1050595,2015-01-28,train,16,0
1050596,2015-01-28,train,1,0
1050596,2015-01-28,train,2,0
1050596,2015-01-28,train,3,1
1050596,2015-01-28,train,4,0
1050596,2015-01-28,train,5,0
1050596,2015-01-28,train,6,0
1050596,2015-01-28,train,7,0
1050596,2015-01-28,train,8,0
1050596,2015-01-28,train,9,0
1050596,2015-01-28,train,10,0
1050596,2015-01-28,train,11,0
1050596,2015-01-28,train,12,0
1050596,2015-01-28,train,13,0
1050596,2015-01-28,train,14,0
1050596,2015-01-28,train,15,0
1050596,2015-01-28,train,16,0
1050597,2015-01-28,train,1,0
1050597,2015-01-28,train,2,0
1050597,2015-01-28,train,3,1
1050597,2015-01-28,train,4,0
1050597,2015-01-28,train,5,0
1050597,2015-01-28,train,6,0
1050597,2015-01-28,train,7,0
1050597,2015-01-28,train,8,0
1050597,2015-01-28,train,9,0
1050597,2015-01-28,train,10,0
1050597,2015-01-28,train,11,0
1050597,2015-01-28,train,12,0
1050597,2015-01-28,train,13,0
1050597,2015-01-28,train,14,0
1050597,2015-01-28,train,15,0
1050597,2015-01-28,train,16,0
1050598,2015-01-28,train,1,0
1050598,2015-01-28,train,2,0
1050598,2015-01-28,train,3,1
1050598,2015-01-28,train,4,0
1050598,2015-01-28,train,5,0
1050598,2015-01-28,train,6,0
1050598,2015-01-28,train,7,0
1050598,2015-01-28,train,8,0
1050598,2015-01-28,train,9,0
1050598,2015-01-28,train,10,0
1050598,2015-01-28,train,11,0
1050598,2015-01-28,train,12,0
1050598,2015-01-28,train,13,0
1050598,2015-01-28,train,14,0
1050598,2015-01-28,train,15,0
1050598,2015-01-28,train,16,0
1050599,2015-01-28,train,1,0
1050599,2015-01-28,train,2,0
1050599,2015-01-28,train,3,1
1050599,2015-01-28,train,4,0
1050599,2015-01-28,train,5,0
1050599,2015-01-28,train,6,0
1050599,2015-01-28,train,7,0
1050599,2015-01-28,train,8,0
1050599,2015-01-28,train,9,0
1050599,2015-01-28,train,10,0
1050599,2015-01-28,train,11,0
1050599,2015-01-28,train,12,0
1050599,2015-01-28,train,13,0
1050599,2015-01-28,train,14,0
1050599,2015-01-28,train,15,0
1050599,2015-01-28,train,16,0
1050601,2015-01-28,train,1,0
1050601,2015-01-28,train,2,0
1050601,2015-01-28,train,3,1
1050601,2015-01-28,train,4,0
1050601,2015-01-28,train,5,0
1050601,2015-01-28,train,6,0
1050601,2015-01-28,train,7,0
1050601,2015-01-28,train,8,0
1050601,2015-01-28,train,9,0
1050601,2015-01-28,train,10,0
1050601,2015-01-28,train,11,0
1050601,2015-01-28,train,12,0
1050601,2015-01-28,train,13,0
1050601,2015-01-28,train,14,0
1050601,2015-01-28,train,15,0
1050601,2015-01-28,train,16,0
1050602,2015-01-28,train,1,0
1050602,2015-01-28,train,2,0
1050602,2015-01-28,train,3,1
1050602,2015-01-28,train,4,0
1050602,2015-01-28,train,5,0
1050602,2015-01-28,train,6,0
1050602,2015-01-28,train,7,0
1050602,2015-01-28,train,8,0
1050602,2015-01-28,train,9,0
1050602,2015-01-28,train,10,0
1050602,2015-01-28,train,11,0
1050602,2015-01-28,train,12,0
1050602,2015-01-28,train,13,0
1050602,2015-01-28,train,14,0
1050602,2015-01-28,train,15,0
1050602,2015-01-28,train,16,0
1050603,2015-01-28,train,1,0
1050603,2015-01-28,train,2,0
1050603,2015-01-28,train,3,1
1050603,2015-01-28,train,4,0
1050603,2015-01-28,train,5,0
1050603,2015-01-28,train,6,0
1050603,2015-01-28,train,7,0
1050603,2015-01-28,train,8,0
1050603,2015-01-28,train,9,0
1050603,2015-01-28,train,10,0
1050603,2015-01-28,train,11,0
1050603,2015-01-28,train,12,0
1050603,2015-01-28,train,13,0
1050603,2015-01-28,train,14,0
1050603,2015-01-28,train,15,0
1050603,2015-01-28,train,16,0
1050604,2015-01-28,train,1,0
1050604,2015-01-28,train,2,0
1050604,2015-01-28,train,3,1
1050604,2015-01-28,train,4,0
1050604,2015-01-28,train,5,0
1050604,2015-01-28,train,6,0
1050604,2015-01-28,train,7,0
1050604,2015-01-28,train,8,0
1050604,2015-01-28,train,9,0
1050604,2015-01-28,train,10,0
1050604,2015-01-28,train,11,0
1050604,2015-01-28,train,12,0
1050604,2015-01-28,train,13,0
1050604,2015-01-28,train,14,0
1050604,2015-01-28,train,15,0
1050604,2015-01-28,train,16,0
1050607,2015-01-28,train,1,0
1050607,2015-01-28,train,2,0
1050607,2015-01-28,train,3,1
1050607,2015-01-28,train,4,0
1050607,2015-01-28,train,5,0
1050607,2015-01-28,train,6,0
1050607,2015-01-28,train,7,0
1050607,2015-01-28,train,8,0
1050607,2015-01-28,train,9,0
1050607,2015-01-28,train,10,0
1050607,2015-01-28,train,11,0
1050607,2015-01-28,train,12,0
1050607,2015-01-28,train,13,0
1050607,2015-01-28,train,14,0
1050607,2015-01-28,train,15,0
1050607,2015-01-28,train,16,0
1050580,2015-01-28,train,1,0
1050580,2015-01-28,train,2,0
1050580,2015-01-28,train,3,1
1050580,2015-01-28,train,4,0
1050580,2015-01-28,train,5,0
1050580,2015-01-28,train,6,0
1050580,2015-01-28,train,7,0
1050580,2015-01-28,train,8,0
1050580,2015-01-28,train,9,0
1050580,2015-01-28,train,10,0
1050580,2015-01-28,train,11,0
1050580,2015-01-28,train,12,0
1050580,2015-01-28,train,13,0
1050580,2015-01-28,train,14,0
1050580,2015-01-28,train,15,0
1050580,2015-01-28,train,16,0
1050628,2015-01-28,train,1,0
1050628,2015-01-28,train,2,0
1050628,2015-01-28,train,3,1
1050628,2015-01-28,train,4,0
1050628,2015-01-28,train,5,0
1050628,2015-01-28,train,6,0
1050628,2015-01-28,train,7,0
1050628,2015-01-28,train,8,0
1050628,2015-01-28,train,9,0
1050628,2015-01-28,train,10,0
1050628,2015-01-28,train,11,0
1050628,2015-01-28,train,12,0
1050628,2015-01-28,train,13,0
1050628,2015-01-28,train,14,0
1050628,2015-01-28,train,15,0
1050628,2015-01-28,train,16,0
1050630,2015-01-28,train,1,0
1050630,2015-01-28,train,2,0
1050630,2015-01-28,train,3,1
1050630,2015-01-28,train,4,0
1050630,2015-01-28,train,5,0
1050630,2015-01-28,train,6,0
1050630,2015-01-28,train,7,0
1050630,2015-01-28,train,8,0
1050630,2015-01-28,train,9,0
1050630,2015-01-28,train,10,0
1050630,2015-01-28,train,11,0
1050630,2015-01-28,train,12,0
1050630,2015-01-28,train,13,0
1050630,2015-01-28,train,14,0
1050630,2015-01-28,train,15,0
1050630,2015-01-28,train,16,0
1050669,2015-01-28,train,1,0
1050669,2015-01-28,train,2,0
1050669,2015-01-28,train,3,1
1050669,2015-01-28,train,4,0
1050669,2015-01-28,train,5,0
1050669,2015-01-28,train,6,0
1050669,2015-01-28,train,7,0
1050669,2015-01-28,train,8,0
1050669,2015-01-28,train,9,0
1050669,2015-01-28,train,10,0
1050669,2015-01-28,train,11,0
1050669,2015-01-28,train,12,0
1050669,2015-01-28,train,13,0
1050669,2015-01-28,train,14,0
1050669,2015-01-28,train,15,0
1050669,2015-01-28,train,16,0
1050670,2015-01-28,train,1,0
1050670,2015-01-28,train,2,0
1050670,2015-01-28,train,3,1
1050670,2015-01-28,train,4,0
1050670,2015-01-28,train,5,0
1050670,2015-01-28,train,6,0
1050670,2015-01-28,train,7,0
1050670,2015-01-28,train,8,0
1050670,2015-01-28,train,9,0
1050670,2015-01-28,train,10,0
1050670,2015-01-28,train,11,0
1050670,2015-01-28,train,12,0
1050670,2015-01-28,train,13,0
1050670,2015-01-28,train,14,0
1050670,2015-01-28,train,15,0
1050670,2015-01-28,train,16,0
1050676,2015-01-28,train,1,0
1050676,2015-01-28,train,2,0
1050676,2015-01-28,train,3,1
1050676,2015-01-28,train,4,0
1050676,2015-01-28,train,5,0
1050676,2015-01-28,train,6,0
1050676,2015-01-28,train,7,0
1050676,2015-01-28,train,8,0
1050676,2015-01-28,train,9,0
1050676,2015-01-28,train,10,0
1050676,2015-01-28,train,11,0
1050676,2015-01-28,train,12,0
1050676,2015-01-28,train,13,1
1050676,2015-01-28,train,14,0
1050676,2015-01-28,train,15,0
1050676,2015-01-28,train,16,0
1050679,2015-01-28,train,1,0
1050679,2015-01-28,train,2,0
1050679,2015-01-28,train,3,1
1050679,2015-01-28,train,4,0
1050679,2015-01-28,train,5,0
1050679,2015-01-28,train,6,0
1050679,2015-01-28,train,7,0
1050679,2015-01-28,train,8,0
1050679,2015-01-28,train,9,0
1050679,2015-01-28,train,10,0
1050679,2015-01-28,train,11,0
1050679,2015-01-28,train,12,0
1050679,2015-01-28,train,13,0
1050679,2015-01-28,train,14,0
1050679,2015-01-28,train,15,0
1050679,2015-01-28,train,16,0
1050680,2015-01-28,train,1,0
1050680,2015-01-28,train,2,0
1050680,2015-01-28,train,3,0
1050680,2015-01-28,train,4,0
1050680,2015-01-28,train,5,0
1050680,2015-01-28,train,6,0
1050680,2015-01-28,train,7,0
1050680,2015-01-28,train,8,0
1050680,2015-01-28,train,9,0
1050680,2015-01-28,train,10,0
1050680,2015-01-28,train,11,0
1050680,2015-01-28,train,12,0
1050680,2015-01-28,train,13,0
1050680,2015-01-28,train,14,0
1050680,2015-01-28,train,15,0
1050680,2015-01-28,train,16,0
1050686,2015-01-28,train,1,0
1050686,2015-01-28,train,2,0
1050686,2015-01-28,train,3,1
1050686,2015-01-28,train,4,0
1050686,2015-01-28,train,5,0
1050686,2015-01-28,train,6,0
1050686,2015-01-28,train,7,0
1050686,2015-01-28,train,8,0
1050686,2015-01-28,train,9,0
1050686,2015-01-28,train,10,0
1050686,2015-01-28,train,11,0
1050686,2015-01-28,train,12,0
1050686,2015-01-28,train,13,1
1050686,2015-01-28,train,14,0
1050686,2015-01-28,train,15,0
1050686,2015-01-28,train,16,0
1050688,2015-01-28,train,1,0
1050688,2015-01-28,train,2,0
1050688,2015-01-28,train,3,1
1050688,2015-01-28,train,4,0
1050688,2015-01-28,train,5,0
1050688,2015-01-28,train,6,0
1050688,2015-01-28,train,7,0
1050688,2015-01-28,train,8,0
1050688,2015-01-28,train,9,0
1050688,2015-01-28,train,10,0
1050688,2015-01-28,train,11,0
1050688,2015-01-28,train,12,0
1050688,2015-01-28,train,13,1
1050688,2015-01-28,train,14,0
1050688,2015-01-28,train,15,0
1050688,2015-01-28,train,16,0
1050693,2015-01-28,train,1,0
1050693,2015-01-28,train,2,0
1050693,2015-01-28,train,3,0
1050693,2015-01-28,train,4,0
1050693,2015-01-28,train,5,0
1050693,2015-01-28,train,6,0
1050693,2015-01-28,train,7,0
1050693,2015-01-28,train,8,0
1050693,2015-01-28,train,9,0
1050693,2015-01-28,train,10,0
1050693,2015-01-28,train,11,0
1050693,2015-01-28,train,12,0
1050693,2015-01-28,train,13,0
1050693,2015-01-28,train,14,0
1050693,2015-01-28,train,15,0
1050693,2015-01-28,train,16,0
1050694,2015-01-28,train,1,0
1050694,2015-01-28,train,2,0
1050694,2015-01-28,train,3,1
1050694,2015-01-28,train,4,0
1050694,2015-01-28,train,5,0
1050694,2015-01-28,train,6,0
1050694,2015-01-28,train,7,0
1050694,2015-01-28,train,8,0
1050694,2015-01-28,train,9,0
1050694,2015-01-28,train,10,0
1050694,2015-01-28,train,11,0
1050694,2015-01-28,train,12,0
1050694,2015-01-28,train,13,1
1050694,2015-01-28,train,14,0
1050694,2015-01-28,train,15,0
1050694,2015-01-28,train,16,0
1050697,2015-01-28,train,1,0
1050697,2015-01-28,train,2,0
1050697,2015-01-28,train,3,1
1050697,2015-01-28,train,4,0
1050697,2015-01-28,train,5,0
1050697,2015-01-28,train,6,0
1050697,2015-01-28,train,7,0
1050697,2015-01-28,train,8,0
1050697,2015-01-28,train,9,0
1050697,2015-01-28,train,10,0
1050697,2015-01-28,train,11,0
1050697,2015-01-28,train,12,0
1050697,2015-01-28,train,13,0
1050697,2015-01-28,train,14,0
1050697,2015-01-28,train,15,0
1050697,2015-01-28,train,16,0
1050703,2015-01-28,train,1,0
1050703,2015-01-28,train,2,0
1050703,2015-01-28,train,3,1
1050703,2015-01-28,train,4,0
1050703,2015-01-28,train,5,0
1050703,2015-01-28,train,6,0
1050703,2015-01-28,train,7,0
1050703,2015-01-28,train,8,0
1050703,2015-01-28,train,9,0
1050703,2015-01-28,train,10,0
1050703,2015-01-28,train,11,0
1050703,2015-01-28,train,12,0
1050703,2015-01-28,train,13,0
1050703,2015-01-28,train,14,0
1050703,2015-01-28,train,15,0
1050703,2015-01-28,train,16,0
1050704,2015-01-28,train,1,0
1050704,2015-01-28,train,2,0
1050704,2015-01-28,train,3,1
1050704,2015-01-28,train,4,0
1050704,2015-01-28,train,5,0
1050704,2015-01-28,train,6,0
1050704,2015-01-28,train,7,0
1050704,2015-01-28,train,8,0
1050704,2015-01-28,train,9,0
1050704,2015-01-28,train,10,0
1050704,2015-01-28,train,11,0
1050704,2015-01-28,train,12,0
1050704,2015-01-28,train,13,0
1050704,2015-01-28,train,14,0
1050704,2015-01-28,train,15,0
1050704,2015-01-28,train,16,0
1050706,2015-01-28,train,1,0
1050706,2015-01-28,train,2,0
1050706,2015-01-28,train,3,1
1050706,2015-01-28,train,4,0
1050706,2015-01-28,train,5,0
1050706,2015-01-28,train,6,0
1050706,2015-01-28,train,7,0
1050706,2015-01-28,train,8,0
1050706,2015-01-28,train,9,0
1050706,2015-01-28,train,10,0
1050706,2015-01-28,train,11,0
1050706,2015-01-28,train,12,0
1050706,2015-01-28,train,13,0
1050706,2015-01-28,train,14,0
1050706,2015-01-28,train,15,0
1050706,2015-01-28,train,16,0
1050707,2015-01-28,train,1,0
1050707,2015-01-28,train,2,0
1050707,2015-01-28,train,3,1
1050707,2015-01-28,train,4,0
1050707,2015-01-28,train,5,0
1050707,2015-01-28,train,6,0
1050707,2015-01-28,train,7,0
1050707,2015-01-28,train,8,0
1050707,2015-01-28,train,9,0
1050707,2015-01-28,train,10,0
1050707,2015-01-28,train,11,0
1050707,2015-01-28,train,12,0
1050707,2015-01-28,train,13,0
1050707,2015-01-28,train,14,0
1050707,2015-01-28,train,15,0
1050707,2015-01-28,train,16,0
1050710,2015-01-28,train,1,0
1050710,2015-01-28,train,2,0
1050710,2015-01-28,train,3,1
1050710,2015-01-28,train,4,0
1050710,2015-01-28,train,5,0
1050710,2015-01-28,train,6,0
1050710,2015-01-28,train,7,0
1050710,2015-01-28,train,8,0
1050710,2015-01-28,train,9,0
1050710,2015-01-28,train,10,0
1050710,2015-01-28,train,11,0
1050710,2015-01-28,train,12,0
1050710,2015-01-28,train,13,0
1050710,2015-01-28,train,14,0
1050710,2015-01-28,train,15,0
1050710,2015-01-28,train,16,0
1050663,2015-01-28,train,1,0
1050663,2015-01-28,train,2,0
1050663,2015-01-28,train,3,1
1050663,2015-01-28,train,4,0
1050663,2015-01-28,train,5,0
1050663,2015-01-28,train,6,0
1050663,2015-01-28,train,7,0
1050663,2015-01-28,train,8,0
1050663,2015-01-28,train,9,0
1050663,2015-01-28,train,10,0
1050663,2015-01-28,train,11,0
1050663,2015-01-28,train,12,0
1050663,2015-01-28,train,13,0
1050663,2015-01-28,train,14,0
1050663,2015-01-28,train,15,0
1050663,2015-01-28,train,16,0
1050629,2015-01-28,train,1,0
1050629,2015-01-28,train,2,0
1050629,2015-01-28,train,3,1
1050629,2015-01-28,train,4,0
1050629,2015-01-28,train,5,0
1050629,2015-01-28,train,6,0
1050629,2015-01-28,train,7,0
1050629,2015-01-28,train,8,0
1050629,2015-01-28,train,9,0
1050629,2015-01-28,train,10,0
1050629,2015-01-28,train,11,0
1050629,2015-01-28,train,12,0
1050629,2015-01-28,train,13,0
1050629,2015-01-28,train,14,0
1050629,2015-01-28,train,15,0
1050629,2015-01-28,train,16,0
1050662,2015-01-28,train,1,0
1050662,2015-01-28,train,2,0
1050662,2015-01-28,train,3,1
1050662,2015-01-28,train,4,0
1050662,2015-01-28,train,5,0
1050662,2015-01-28,train,6,0
1050662,2015-01-28,train,7,0
1050662,2015-01-28,train,8,0
1050662,2015-01-28,train,9,0
1050662,2015-01-28,train,10,0
1050662,2015-01-28,train,11,0
1050662,2015-01-28,train,12,0
1050662,2015-01-28,train,13,1
1050662,2015-01-28,train,14,0
1050662,2015-01-28,train,15,0
1050662,2015-01-28,train,16,0
1050660,2015-01-28,train,1,0
1050660,2015-01-28,train,2,0
1050660,2015-01-28,train,3,0
1050660,2015-01-28,train,4,0
1050660,2015-01-28,train,5,1
1050660,2015-01-28,train,6,0
1050660,2015-01-28,train,7,0
1050660,2015-01-28,train,8,0
1050660,2015-01-28,train,9,0
1050660,2015-01-28,train,10,0
1050660,2015-01-28,train,11,0
1050660,2015-01-28,train,12,0
1050660,2015-01-28,train,13,1
1050660,2015-01-28,train,14,0
1050660,2015-01-28,train,15,0
1050660,2015-01-28,train,16,0
1050632,2015-01-28,train,1,0
1050632,2015-01-28,train,2,0
1050632,2015-01-28,train,3,1
1050632,2015-01-28,train,4,0
1050632,2015-01-28,train,5,0
1050632,2015-01-28,train,6,0
1050632,2015-01-28,train,7,0
1050632,2015-01-28,train,8,0
1050632,2015-01-28,train,9,0
1050632,2015-01-28,train,10,0
1050632,2015-01-28,train,11,0
1050632,2015-01-28,train,12,0
1050632,2015-01-28,train,13,0
1050632,2015-01-28,train,14,0
1050632,2015-01-28,train,15,0
1050632,2015-01-28,train,16,0
1050633,2015-01-28,train,1,0
1050633,2015-01-28,train,2,0
1050633,2015-01-28,train,3,1
1050633,2015-01-28,train,4,0
1050633,2015-01-28,train,5,0
1050633,2015-01-28,train,6,0
1050633,2015-01-28,train,7,0
1050633,2015-01-28,train,8,0
1050633,2015-01-28,train,9,0
1050633,2015-01-28,train,10,0
1050633,2015-01-28,train,11,0
1050633,2015-01-28,train,12,0
1050633,2015-01-28,train,13,0
1050633,2015-01-28,train,14,0
1050633,2015-01-28,train,15,0
1050633,2015-01-28,train,16,0
1050634,2015-01-28,train,1,0
1050634,2015-01-28,train,2,0
1050634,2015-01-28,train,3,1
1050634,2015-01-28,train,4,0
1050634,2015-01-28,train,5,0
1050634,2015-01-28,train,6,0
1050634,2015-01-28,train,7,0
1050634,2015-01-28,train,8,0
1050634,2015-01-28,train,9,0
1050634,2015-01-28,train,10,0
1050634,2015-01-28,train,11,0
1050634,2015-01-28,train,12,0
1050634,2015-01-28,train,13,0
1050634,2015-01-28,train,14,0
1050634,2015-01-28,train,15,0
1050634,2015-01-28,train,16,0
1050635,2015-01-28,train,1,0
1050635,2015-01-28,train,2,0
1050635,2015-01-28,train,3,1
1050635,2015-01-28,train,4,0
1050635,2015-01-28,train,5,0
1050635,2015-01-28,train,6,0
1050635,2015-01-28,train,7,0
1050635,2015-01-28,train,8,0
1050635,2015-01-28,train,9,0
1050635,2015-01-28,train,10,0
1050635,2015-01-28,train,11,0
1050635,2015-01-28,train,12,0
1050635,2015-01-28,train,13,0
1050635,2015-01-28,train,14,0
1050635,2015-01-28,train,15,0
1050635,2015-01-28,train,16,0
1050636,2015-01-28,train,1,0
1050636,2015-01-28,train,2,0
1050636,2015-01-28,train,3,1
1050636,2015-01-28,train,4,0
1050636,2015-01-28,train,5,0
1050636,2015-01-28,train,6,0
1050636,2015-01-28,train,7,0
1050636,2015-01-28,train,8,0
1050636,2015-01-28,train,9,0
1050636,2015-01-28,train,10,0
1050636,2015-01-28,train,11,0
1050636,2015-01-28,train,12,0
1050636,2015-01-28,train,13,0
1050636,2015-01-28,train,14,0
1050636,2015-01-28,train,15,0
1050636,2015-01-28,train,16,0
1050639,2015-01-28,train,1,0
1050639,2015-01-28,train,2,0
1050639,2015-01-28,train,3,1
1050639,2015-01-28,train,4,0
1050639,2015-01-28,train,5,0
1050639,2015-01-28,train,6,0
1050639,2015-01-28,train,7,0
1050639,2015-01-28,train,8,0
1050639,2015-01-28,train,9,0
1050639,2015-01-28,train,10,0
1050639,2015-01-28,train,11,0
1050639,2015-01-28,train,12,0
1050639,2015-01-28,train,13,0
1050639,2015-01-28,train,14,0
1050639,2015-01-28,train,15,0
1050639,2015-01-28,train,16,0
1050641,2015-01-28,train,1,0
1050641,2015-01-28,train,2,0
1050641,2015-01-28,train,3,1
1050641,2015-01-28,train,4,0
1050641,2015-01-28,train,5,0
1050641,2015-01-28,train,6,0
1050641,2015-01-28,train,7,0
1050641,2015-01-28,train,8,0
1050641,2015-01-28,train,9,0
1050641,2015-01-28,train,10,0
1050641,2015-01-28,train,11,0
1050641,2015-01-28,train,12,0
1050641,2015-01-28,train,13,0
1050641,2015-01-28,train,14,0
1050641,2015-01-28,train,15,0
1050641,2015-01-28,train,16,0
1050642,2015-01-28,train,1,0
1050642,2015-01-28,train,2,0
1050642,2015-01-28,train,3,0
1050642,2015-01-28,train,4,0
1050642,2015-01-28,train,5,0
1050642,2015-01-28,train,6,0
1050642,2015-01-28,train,7,0
1050642,2015-01-28,train,8,0
1050642,2015-01-28,train,9,0
1050642,2015-01-28,train,10,0
1050642,2015-01-28,train,11,0
1050642,2015-01-28,train,12,0
1050642,2015-01-28,train,13,1
1050642,2015-01-28,train,14,0
1050642,2015-01-28,train,15,0
1050642,2015-01-28,train,16,0
1050647,2015-01-28,train,1,0
1050647,2015-01-28,train,2,0
1050647,2015-01-28,train,3,1
1050647,2015-01-28,train,4,0
1050647,2015-01-28,train,5,0
1050647,2015-01-28,train,6,0
1050647,2015-01-28,train,7,0
1050647,2015-01-28,train,8,0
1050647,2015-01-28,train,9,0
1050647,2015-01-28,train,10,0
1050647,2015-01-28,train,11,0
1050647,2015-01-28,train,12,0
1050647,2015-01-28,train,13,0
1050647,2015-01-28,train,14,0
1050647,2015-01-28,train,15,0
1050647,2015-01-28,train,16,0
1050648,2015-01-28,train,1,0
1050648,2015-01-28,train,2,0
1050648,2015-01-28,train,3,1
1050648,2015-01-28,train,4,0
1050648,2015-01-28,train,5,0
1050648,2015-01-28,train,6,0
1050648,2015-01-28,train,7,0
1050648,2015-01-28,train,8,0
1050648,2015-01-28,train,9,0
1050648,2015-01-28,train,10,0
1050648,2015-01-28,train,11,0
1050648,2015-01-28,train,12,0
1050648,2015-01-28,train,13,0
1050648,2015-01-28,train,14,0
1050648,2015-01-28,train,15,0
1050648,2015-01-28,train,16,0
1050651,2015-01-28,train,1,0
1050651,2015-01-28,train,2,0
1050651,2015-01-28,train,3,0
1050651,2015-01-28,train,4,0
1050651,2015-01-28,train,5,1
1050651,2015-01-28,train,6,0
1050651,2015-01-28,train,7,0
1050651,2015-01-28,train,8,0
1050651,2015-01-28,train,9,0
1050651,2015-01-28,train,10,0
1050651,2015-01-28,train,11,0
1050651,2015-01-28,train,12,0
1050651,2015-01-28,train,13,1
1050651,2015-01-28,train,14,0
1050651,2015-01-28,train,15,0
1050651,2015-01-28,train,16,0
1050652,2015-01-28,train,1,0
1050652,2015-01-28,train,2,0
1050652,2015-01-28,train,3,0
1050652,2015-01-28,train,4,0
1050652,2015-01-28,train,5,1
1050652,2015-01-28,train,6,0
1050652,2015-01-28,train,7,0
1050652,2015-01-28,train,8,0
1050652,2015-01-28,train,9,0
1050652,2015-01-28,train,10,0
1050652,2015-01-28,train,11,0
1050652,2015-01-28,train,12,0
1050652,2015-01-28,train,13,1
1050652,2015-01-28,train,14,0
1050652,2015-01-28,train,15,0
1050652,2015-01-28,train,16,0
1050655,2015-01-28,train,1,0
1050655,2015-01-28,train,2,0
1050655,2015-01-28,train,3,1
1050655,2015-01-28,train,4,0
1050655,2015-01-28,train,5,0
1050655,2015-01-28,train,6,0
1050655,2015-01-28,train,7,0
1050655,2015-01-28,train,8,0
1050655,2015-01-28,train,9,0
1050655,2015-01-28,train,10,0
1050655,2015-01-28,train,11,0
1050655,2015-01-28,train,12,0
1050655,2015-01-28,train,13,0
1050655,2015-01-28,train,14,0
1050655,2015-01-28,train,15,0
1050655,2015-01-28,train,16,0
1050658,2015-01-28,train,1,0
1050658,2015-01-28,train,2,0
1050658,2015-01-28,train,3,0
1050658,2015-01-28,train,4,0
1050658,2015-01-28,train,5,0
1050658,2015-01-28,train,6,0
1050658,2015-01-28,train,7,0
1050658,2015-01-28,train,8,0
1050658,2015-01-28,train,9,0
1050658,2015-01-28,train,10,0
1050658,2015-01-28,train,11,0
1050658,2015-01-28,train,12,0
1050658,2015-01-28,train,13,1
1050658,2015-01-28,train,14,0
1050658,2015-01-28,train,15,0
1050658,2015-01-28,train,16,0
1050659,2015-01-28,train,1,0
1050659,2015-01-28,train,2,0
1050659,2015-01-28,train,3,0
1050659,2015-01-28,train,4,0
1050659,2015-01-28,train,5,1
1050659,2015-01-28,train,6,0
1050659,2015-01-28,train,7,0
1050659,2015-01-28,train,8,0
1050659,2015-01-28,train,9,0
1050659,2015-01-28,train,10,0
1050659,2015-01-28,train,11,0
1050659,2015-01-28,train,12,0
1050659,2015-01-28,train,13,1
1050659,2015-01-28,train,14,0
1050659,2015-01-28,train,15,0
1050659,2015-01-28,train,16,0
1050661,2015-01-28,train,1,0
1050661,2015-01-28,train,2,0
1050661,2015-01-28,train,3,1
1050661,2015-01-28,train,4,0
1050661,2015-01-28,train,5,0
1050661,2015-01-28,train,6,0
1050661,2015-01-28,train,7,0
1050661,2015-01-28,train,8,0
1050661,2015-01-28,train,9,0
1050661,2015-01-28,train,10,0
1050661,2015-01-28,train,11,0
1050661,2015-01-28,train,12,0
1050661,2015-01-28,train,13,1
1050661,2015-01-28,train,14,0
1050661,2015-01-28,train,15,0
1050661,2015-01-28,train,16,0
1050711,2015-01-28,train,1,0
1050711,2015-01-28,train,2,0
1050711,2015-01-28,train,3,1
1050711,2015-01-28,train,4,0
1050711,2015-01-28,train,5,0
1050711,2015-01-28,train,6,0
1050711,2015-01-28,train,7,0
1050711,2015-01-28,train,8,0
1050711,2015-01-28,train,9,0
1050711,2015-01-28,train,10,0
1050711,2015-01-28,train,11,0
1050711,2015-01-28,train,12,0
1050711,2015-01-28,train,13,0
1050711,2015-01-28,train,14,0
1050711,2015-01-28,train,15,0
1050711,2015-01-28,train,16,0
1050579,2015-01-28,train,1,0
1050579,2015-01-28,train,2,0
1050579,2015-01-28,train,3,1
1050579,2015-01-28,train,4,0
1050579,2015-01-28,train,5,0
1050579,2015-01-28,train,6,0
1050579,2015-01-28,train,7,0
1050579,2015-01-28,train,8,0
1050579,2015-01-28,train,9,0
1050579,2015-01-28,train,10,0
1050579,2015-01-28,train,11,0
1050579,2015-01-28,train,12,0
1050579,2015-01-28,train,13,0
1050579,2015-01-28,train,14,0
1050579,2015-01-28,train,15,0
1050579,2015-01-28,train,16,0
1050577,2015-01-28,train,1,0
1050577,2015-01-28,train,2,0
1050577,2015-01-28,train,3,1
1050577,2015-01-28,train,4,0
1050577,2015-01-28,train,5,0
1050577,2015-01-28,train,6,0
1050577,2015-01-28,train,7,0
1050577,2015-01-28,train,8,0
1050577,2015-01-28,train,9,0
1050577,2015-01-28,train,10,0
1050577,2015-01-28,train,11,0
1050577,2015-01-28,train,12,0
1050577,2015-01-28,train,13,0
1050577,2015-01-28,train,14,0
1050577,2015-01-28,train,15,0
1050577,2015-01-28,train,16,0
1050507,2015-01-28,train,1,0
1050507,2015-01-28,train,2,0
1050507,2015-01-28,train,3,1
1050507,2015-01-28,train,4,0
1050507,2015-01-28,train,5,0
1050507,2015-01-28,train,6,0
1050507,2015-01-28,train,7,0
1050507,2015-01-28,train,8,0
1050507,2015-01-28,train,9,0
1050507,2015-01-28,train,10,0
1050507,2015-01-28,train,11,0
1050507,2015-01-28,train,12,0
1050507,2015-01-28,train,13,0
1050507,2015-01-28,train,14,0
1050507,2015-01-28,train,15,0
1050507,2015-01-28,train,16,0
1050508,2015-01-28,train,1,0
1050508,2015-01-28,train,2,0
1050508,2015-01-28,train,3,1
1050508,2015-01-28,train,4,0
1050508,2015-01-28,train,5,0
1050508,2015-01-28,train,6,0
1050508,2015-01-28,train,7,0
1050508,2015-01-28,train,8,0
1050508,2015-01-28,train,9,0
1050508,2015-01-28,train,10,0
1050508,2015-01-28,train,11,0
1050508,2015-01-28,train,12,0
1050508,2015-01-28,train,13,0
1050508,2015-01-28,train,14,0
1050508,2015-01-28,train,15,0
1050508,2015-01-28,train,16,0
1050509,2015-01-28,train,1,0
1050509,2015-01-28,train,2,0
1050509,2015-01-28,train,3,1
1050509,2015-01-28,train,4,0
1050509,2015-01-28,train,5,0
1050509,2015-01-28,train,6,0
1050509,2015-01-28,train,7,0
1050509,2015-01-28,train,8,0
1050509,2015-01-28,train,9,0
1050509,2015-01-28,train,10,0
1050509,2015-01-28,train,11,0
1050509,2015-01-28,train,12,0
1050509,2015-01-28,train,13,0
1050509,2015-01-28,train,14,0
1050509,2015-01-28,train,15,0
1050509,2015-01-28,train,16,0
1050511,2015-01-28,train,1,0
1050511,2015-01-28,train,2,0
1050511,2015-01-28,train,3,1
1050511,2015-01-28,train,4,0
1050511,2015-01-28,train,5,0
1050511,2015-01-28,train,6,0
1050511,2015-01-28,train,7,0
1050511,2015-01-28,train,8,0
1050511,2015-01-28,train,9,0
1050511,2015-01-28,train,10,0
1050511,2015-01-28,train,11,0
1050511,2015-01-28,train,12,0
1050511,2015-01-28,train,13,0
1050511,2015-01-28,train,14,0
1050511,2015-01-28,train,15,0
1050511,2015-01-28,train,16,0
1050512,2015-01-28,train,1,0
1050512,2015-01-28,train,2,0
1050512,2015-01-28,train,3,1
1050512,2015-01-28,train,4,0
1050512,2015-01-28,train,5,0
1050512,2015-01-28,train,6,0
1050512,2015-01-28,train,7,0
1050512,2015-01-28,train,8,0
1050512,2015-01-28,train,9,0
1050512,2015-01-28,train,10,0
1050512,2015-01-28,train,11,0
1050512,2015-01-28,train,12,0
1050512,2015-01-28,train,13,0
1050512,2015-01-28,train,14,0
1050512,2015-01-28,train,15,0
1050512,2015-01-28,train,16,0
1050513,2015-01-28,train,1,0
1050513,2015-01-28,train,2,0
1050513,2015-01-28,train,3,1
1050513,2015-01-28,train,4,0
1050513,2015-01-28,train,5,0
1050513,2015-01-28,train,6,0
1050513,2015-01-28,train,7,0
1050513,2015-01-28,train,8,0
1050513,2015-01-28,train,9,0
1050513,2015-01-28,train,10,0
1050513,2015-01-28,train,11,0
1050513,2015-01-28,train,12,0
1050513,2015-01-28,train,13,0
1050513,2015-01-28,train,14,0
1050513,2015-01-28,train,15,0
1050513,2015-01-28,train,16,0
1050514,2015-01-28,train,1,0
1050514,2015-01-28,train,2,0
1050514,2015-01-28,train,3,1
1050514,2015-01-28,train,4,0
1050514,2015-01-28,train,5,0
1050514,2015-01-28,train,6,0
1050514,2015-01-28,train,7,0
1050514,2015-01-28,train,8,0
1050514,2015-01-28,train,9,0
1050514,2015-01-28,train,10,0
1050514,2015-01-28,train,11,0
1050514,2015-01-28,train,12,0
1050514,2015-01-28,train,13,0
1050514,2015-01-28,train,14,0
1050514,2015-01-28,train,15,0
1050514,2015-01-28,train,16,0
1050515,2015-01-28,train,1,0
1050515,2015-01-28,train,2,0
1050515,2015-01-28,train,3,1
1050515,2015-01-28,train,4,0
1050515,2015-01-28,train,5,0
1050515,2015-01-28,train,6,0
1050515,2015-01-28,train,7,0
1050515,2015-01-28,train,8,0
1050515,2015-01-28,train,9,0
1050515,2015-01-28,train,10,0
1050515,2015-01-28,train,11,0
1050515,2015-01-28,train,12,0
1050515,2015-01-28,train,13,0
1050515,2015-01-28,train,14,0
1050515,2015-01-28,train,15,0
1050515,2015-01-28,train,16,0
1050516,2015-01-28,train,1,0
1050516,2015-01-28,train,2,0
1050516,2015-01-28,train,3,1
1050516,2015-01-28,train,4,0
1050516,2015-01-28,train,5,0
1050516,2015-01-28,train,6,0
1050516,2015-01-28,train,7,0
1050516,2015-01-28,train,8,0
1050516,2015-01-28,train,9,0
1050516,2015-01-28,train,10,0
1050516,2015-01-28,train,11,0
1050516,2015-01-28,train,12,0
1050516,2015-01-28,train,13,0
1050516,2015-01-28,train,14,0
1050516,2015-01-28,train,15,0
1050516,2015-01-28,train,16,0
1050517,2015-01-28,train,1,0
1050517,2015-01-28,train,2,0
1050517,2015-01-28,train,3,1
1050517,2015-01-28,train,4,0
1050517,2015-01-28,train,5,0
1050517,2015-01-28,train,6,0
1050517,2015-01-28,train,7,0
1050517,2015-01-28,train,8,0
1050517,2015-01-28,train,9,0
1050517,2015-01-28,train,10,0
1050517,2015-01-28,train,11,0
1050517,2015-01-28,train,12,0
1050517,2015-01-28,train,13,0
1050517,2015-01-28,train,14,0
1050517,2015-01-28,train,15,0
1050517,2015-01-28,train,16,0
1050520,2015-01-28,train,1,0
1050520,2015-01-28,train,2,0
1050520,2015-01-28,train,3,1
1050520,2015-01-28,train,4,0
1050520,2015-01-28,train,5,0
1050520,2015-01-28,train,6,0
1050520,2015-01-28,train,7,0
1050520,2015-01-28,train,8,0
1050520,2015-01-28,train,9,0
1050520,2015-01-28,train,10,0
1050520,2015-01-28,train,11,0
1050520,2015-01-28,train,12,0
1050520,2015-01-28,train,13,0
1050520,2015-01-28,train,14,0
1050520,2015-01-28,train,15,0
1050520,2015-01-28,train,16,0
1050521,2015-01-28,train,1,0
1050521,2015-01-28,train,2,0
1050521,2015-01-28,train,3,1
1050521,2015-01-28,train,4,0
1050521,2015-01-28,train,5,0
1050521,2015-01-28,train,6,0
1050521,2015-01-28,train,7,0
1050521,2015-01-28,train,8,0
1050521,2015-01-28,train,9,0
1050521,2015-01-28,train,10,0
1050521,2015-01-28,train,11,0
1050521,2015-01-28,train,12,0
1050521,2015-01-28,train,13,0
1050521,2015-01-28,train,14,0
1050521,2015-01-28,train,15,0
1050521,2015-01-28,train,16,0
1050522,2015-01-28,train,1,0
1050522,2015-01-28,train,2,0
1050522,2015-01-28,train,3,1
1050522,2015-01-28,train,4,0
1050522,2015-01-28,train,5,0
1050522,2015-01-28,train,6,0
1050522,2015-01-28,train,7,0
1050522,2015-01-28,train,8,0
1050522,2015-01-28,train,9,0
1050522,2015-01-28,train,10,0
1050522,2015-01-28,train,11,0
1050522,2015-01-28,train,12,0
1050522,2015-01-28,train,13,0
1050522,2015-01-28,train,14,0
1050522,2015-01-28,train,15,0
1050522,2015-01-28,train,16,0
1050523,2015-01-28,train,1,0
1050523,2015-01-28,train,2,0
1050523,2015-01-28,train,3,1
1050523,2015-01-28,train,4,0
1050523,2015-01-28,train,5,0
1050523,2015-01-28,train,6,0
1050523,2015-01-28,train,7,0
1050523,2015-01-28,train,8,0
1050523,2015-01-28,train,9,0
1050523,2015-01-28,train,10,0
1050523,2015-01-28,train,11,0
1050523,2015-01-28,train,12,0
1050523,2015-01-28,train,13,0
1050523,2015-01-28,train,14,0
1050523,2015-01-28,train,15,0
1050523,2015-01-28,train,16,0
1050524,2015-01-28,train,1,0
1050524,2015-01-28,train,2,0
1050524,2015-01-28,train,3,1
1050524,2015-01-28,train,4,0
1050524,2015-01-28,train,5,0
1050524,2015-01-28,train,6,0
1050524,2015-01-28,train,7,0
1050524,2015-01-28,train,8,0
1050524,2015-01-28,train,9,0
1050524,2015-01-28,train,10,0
1050524,2015-01-28,train,11,0
1050524,2015-01-28,train,12,0
1050524,2015-01-28,train,13,0
1050524,2015-01-28,train,14,0
1050524,2015-01-28,train,15,0
1050524,2015-01-28,train,16,0
1050505,2015-01-28,train,1,0
1050505,2015-01-28,train,2,0
1050505,2015-01-28,train,3,1
1050505,2015-01-28,train,4,0
1050505,2015-01-28,train,5,0
1050505,2015-01-28,train,6,0
1050505,2015-01-28,train,7,0
1050505,2015-01-28,train,8,0
1050505,2015-01-28,train,9,0
1050505,2015-01-28,train,10,0
1050505,2015-01-28,train,11,0
1050505,2015-01-28,train,12,0
1050505,2015-01-28,train,13,0
1050505,2015-01-28,train,14,0
1050505,2015-01-28,train,15,0
1050505,2015-01-28,train,16,0
1050525,2015-01-28,train,1,0
1050525,2015-01-28,train,2,0
1050525,2015-01-28,train,3,1
1050525,2015-01-28,train,4,0
1050525,2015-01-28,train,5,0
1050525,2015-01-28,train,6,0
1050525,2015-01-28,train,7,0
1050525,2015-01-28,train,8,0
1050525,2015-01-28,train,9,0
1050525,2015-01-28,train,10,0
1050525,2015-01-28,train,11,0
1050525,2015-01-28,train,12,0
1050525,2015-01-28,train,13,0
1050525,2015-01-28,train,14,0
1050525,2015-01-28,train,15,0
1050525,2015-01-28,train,16,0
1050504,2015-01-28,train,1,0
1050504,2015-01-28,train,2,0
1050504,2015-01-28,train,3,1
1050504,2015-01-28,train,4,0
1050504,2015-01-28,train,5,0
1050504,2015-01-28,train,6,0
1050504,2015-01-28,train,7,0
1050504,2015-01-28,train,8,0
1050504,2015-01-28,train,9,0
1050504,2015-01-28,train,10,0
1050504,2015-01-28,train,11,0
1050504,2015-01-28,train,12,0
1050504,2015-01-28,train,13,0
1050504,2015-01-28,train,14,0
1050504,2015-01-28,train,15,0
1050504,2015-01-28,train,16,0
1050502,2015-01-28,train,1,0
1050502,2015-01-28,train,2,0
1050502,2015-01-28,train,3,1
1050502,2015-01-28,train,4,0
1050502,2015-01-28,train,5,0
1050502,2015-01-28,train,6,0
1050502,2015-01-28,train,7,0
1050502,2015-01-28,train,8,0
1050502,2015-01-28,train,9,0
1050502,2015-01-28,train,10,0
1050502,2015-01-28,train,11,0
1050502,2015-01-28,train,12,0
1050502,2015-01-28,train,13,0
1050502,2015-01-28,train,14,0
1050502,2015-01-28,train,15,0
1050502,2015-01-28,train,16,0
1050487,2015-01-28,train,1,0
1050487,2015-01-28,train,2,0
1050487,2015-01-28,train,3,1
1050487,2015-01-28,train,4,0
1050487,2015-01-28,train,5,0
1050487,2015-01-28,train,6,0
1050487,2015-01-28,train,7,0
1050487,2015-01-28,train,8,0
1050487,2015-01-28,train,9,0
1050487,2015-01-28,train,10,0
1050487,2015-01-28,train,11,0
1050487,2015-01-28,train,12,0
1050487,2015-01-28,train,13,0
1050487,2015-01-28,train,14,0
1050487,2015-01-28,train,15,0
1050487,2015-01-28,train,16,0
1050488,2015-01-28,train,1,0
1050488,2015-01-28,train,2,0
1050488,2015-01-28,train,3,1
1050488,2015-01-28,train,4,0
1050488,2015-01-28,train,5,0
1050488,2015-01-28,train,6,0
1050488,2015-01-28,train,7,0
1050488,2015-01-28,train,8,0
1050488,2015-01-28,train,9,0
1050488,2015-01-28,train,10,0
1050488,2015-01-28,train,11,0
1050488,2015-01-28,train,12,0
1050488,2015-01-28,train,13,0
1050488,2015-01-28,train,14,0
1050488,2015-01-28,train,15,0
1050488,2015-01-28,train,16,0
1050489,2015-01-28,train,1,0
1050489,2015-01-28,train,2,0
1050489,2015-01-28,train,3,1
1050489,2015-01-28,train,4,0
1050489,2015-01-28,train,5,0
1050489,2015-01-28,train,6,0
1050489,2015-01-28,train,7,0
1050489,2015-01-28,train,8,0
1050489,2015-01-28,train,9,0
1050489,2015-01-28,train,10,0
1050489,2015-01-28,train,11,0
1050489,2015-01-28,train,12,0
1050489,2015-01-28,train,13,0
1050489,2015-01-28,train,14,0
1050489,2015-01-28,train,15,0
1050489,2015-01-28,train,16,0
1050490,2015-01-28,train,1,0
1050490,2015-01-28,train,2,0
1050490,2015-01-28,train,3,1
1050490,2015-01-28,train,4,0
1050490,2015-01-28,train,5,0
1050490,2015-01-28,train,6,0
1050490,2015-01-28,train,7,0
1050490,2015-01-28,train,8,0
1050490,2015-01-28,train,9,0
1050490,2015-01-28,train,10,0
1050490,2015-01-28,train,11,0
1050490,2015-01-28,train,12,0
1050490,2015-01-28,train,13,0
1050490,2015-01-28,train,14,0
1050490,2015-01-28,train,15,0
1050490,2015-01-28,train,16,0
1050491,2015-01-28,train,1,0
1050491,2015-01-28,train,2,0
1050491,2015-01-28,train,3,1
1050491,2015-01-28,train,4,0
1050491,2015-01-28,train,5,0
1050491,2015-01-28,train,6,0
1050491,2015-01-28,train,7,0
1050491,2015-01-28,train,8,0
1050491,2015-01-28,train,9,0
1050491,2015-01-28,train,10,0
1050491,2015-01-28,train,11,0
1050491,2015-01-28,train,12,0
1050491,2015-01-28,train,13,0
1050491,2015-01-28,train,14,0
1050491,2015-01-28,train,15,0
1050491,2015-01-28,train,16,0
1050492,2015-01-28,train,1,0
1050492,2015-01-28,train,2,0
1050492,2015-01-28,train,3,1
1050492,2015-01-28,train,4,0
1050492,2015-01-28,train,5,0
1050492,2015-01-28,train,6,0
1050492,2015-01-28,train,7,0
1050492,2015-01-28,train,8,0
1050492,2015-01-28,train,9,0
1050492,2015-01-28,train,10,0
1050492,2015-01-28,train,11,0
1050492,2015-01-28,train,12,0
1050492,2015-01-28,train,13,0
1050492,2015-01-28,train,14,0
1050492,2015-01-28,train,15,0
1050492,2015-01-28,train,16,0
1050493,2015-01-28,train,1,0
1050493,2015-01-28,train,2,0
1050493,2015-01-28,train,3,1
1050493,2015-01-28,train,4,0
1050493,2015-01-28,train,5,0
1050493,2015-01-28,train,6,0
1050493,2015-01-28,train,7,0
1050493,2015-01-28,train,8,0
1050493,2015-01-28,train,9,0
1050493,2015-01-28,train,10,0
1050493,2015-01-28,train,11,0
1050493,2015-01-28,train,12,0
1050493,2015-01-28,train,13,0
1050493,2015-01-28,train,14,0
1050493,2015-01-28,train,15,0
1050493,2015-01-28,train,16,0
1050494,2015-01-28,train,1,0
1050494,2015-01-28,train,2,0
1050494,2015-01-28,train,3,1
1050494,2015-01-28,train,4,0
1050494,2015-01-28,train,5,0
1050494,2015-01-28,train,6,0
1050494,2015-01-28,train,7,0
1050494,2015-01-28,train,8,0
1050494,2015-01-28,train,9,0
1050494,2015-01-28,train,10,0
1050494,2015-01-28,train,11,0
1050494,2015-01-28,train,12,0
1050494,2015-01-28,train,13,0
1050494,2015-01-28,train,14,0
1050494,2015-01-28,train,15,0
1050494,2015-01-28,train,16,0
1050495,2015-01-28,train,1,0
1050495,2015-01-28,train,2,0
1050495,2015-01-28,train,3,1
1050495,2015-01-28,train,4,0
1050495,2015-01-28,train,5,0
1050495,2015-01-28,train,6,0
1050495,2015-01-28,train,7,0
1050495,2015-01-28,train,8,0
1050495,2015-01-28,train,9,0
1050495,2015-01-28,train,10,0
1050495,2015-01-28,train,11,0
1050495,2015-01-28,train,12,0
1050495,2015-01-28,train,13,0
1050495,2015-01-28,train,14,0
1050495,2015-01-28,train,15,0
1050495,2015-01-28,train,16,0
1050496,2015-01-28,train,1,0
1050496,2015-01-28,train,2,0
1050496,2015-01-28,train,3,1
1050496,2015-01-28,train,4,0
1050496,2015-01-28,train,5,0
1050496,2015-01-28,train,6,0
1050496,2015-01-28,train,7,0
1050496,2015-01-28,train,8,0
1050496,2015-01-28,train,9,0
1050496,2015-01-28,train,10,0
1050496,2015-01-28,train,11,0
1050496,2015-01-28,train,12,0
1050496,2015-01-28,train,13,0
1050496,2015-01-28,train,14,0
1050496,2015-01-28,train,15,0
1050496,2015-01-28,train,16,0
1050497,2015-01-28,train,1,0
1050497,2015-01-28,train,2,0
1050497,2015-01-28,train,3,1
1050497,2015-01-28,train,4,0
1050497,2015-01-28,train,5,0
1050497,2015-01-28,train,6,0
1050497,2015-01-28,train,7,0
1050497,2015-01-28,train,8,0
1050497,2015-01-28,train,9,0
1050497,2015-01-28,train,10,0
1050497,2015-01-28,train,11,0
1050497,2015-01-28,train,12,0
1050497,2015-01-28,train,13,0
1050497,2015-01-28,train,14,0
1050497,2015-01-28,train,15,0
1050497,2015-01-28,train,16,0
1050498,2015-01-28,train,1,0
1050498,2015-01-28,train,2,0
1050498,2015-01-28,train,3,1
1050498,2015-01-28,train,4,0
1050498,2015-01-28,train,5,0
1050498,2015-01-28,train,6,0
1050498,2015-01-28,train,7,0
1050498,2015-01-28,train,8,0
1050498,2015-01-28,train,9,0
1050498,2015-01-28,train,10,0
1050498,2015-01-28,train,11,0
1050498,2015-01-28,train,12,0
1050498,2015-01-28,train,13,0
1050498,2015-01-28,train,14,0
1050498,2015-01-28,train,15,0
1050498,2015-01-28,train,16,0
1050499,2015-01-28,train,1,0
1050499,2015-01-28,train,2,0
1050499,2015-01-28,train,3,1
1050499,2015-01-28,train,4,0
1050499,2015-01-28,train,5,0
1050499,2015-01-28,train,6,0
1050499,2015-01-28,train,7,0
1050499,2015-01-28,train,8,0
1050499,2015-01-28,train,9,0
1050499,2015-01-28,train,10,0
1050499,2015-01-28,train,11,0
1050499,2015-01-28,train,12,0
1050499,2015-01-28,train,13,0
1050499,2015-01-28,train,14,0
1050499,2015-01-28,train,15,0
1050499,2015-01-28,train,16,0
1050500,2015-01-28,train,1,0
1050500,2015-01-28,train,2,0
1050500,2015-01-28,train,3,1
1050500,2015-01-28,train,4,0
1050500,2015-01-28,train,5,0
1050500,2015-01-28,train,6,0
1050500,2015-01-28,train,7,0
1050500,2015-01-28,train,8,0
1050500,2015-01-28,train,9,0
1050500,2015-01-28,train,10,0
1050500,2015-01-28,train,11,0
1050500,2015-01-28,train,12,0
1050500,2015-01-28,train,13,0
1050500,2015-01-28,train,14,0
1050500,2015-01-28,train,15,0
1050500,2015-01-28,train,16,0
1050501,2015-01-28,train,1,0
1050501,2015-01-28,train,2,0
1050501,2015-01-28,train,3,1
1050501,2015-01-28,train,4,0
1050501,2015-01-28,train,5,0
1050501,2015-01-28,train,6,0
1050501,2015-01-28,train,7,0
1050501,2015-01-28,train,8,0
1050501,2015-01-28,train,9,0
1050501,2015-01-28,train,10,0
1050501,2015-01-28,train,11,0
1050501,2015-01-28,train,12,0
1050501,2015-01-28,train,13,0
1050501,2015-01-28,train,14,0
1050501,2015-01-28,train,15,0
1050501,2015-01-28,train,16,0
1050503,2015-01-28,train,1,0
1050503,2015-01-28,train,2,0
1050503,2015-01-28,train,3,1
1050503,2015-01-28,train,4,0
1050503,2015-01-28,train,5,0
1050503,2015-01-28,train,6,0
1050503,2015-01-28,train,7,0
1050503,2015-01-28,train,8,0
1050503,2015-01-28,train,9,0
1050503,2015-01-28,train,10,0
1050503,2015-01-28,train,11,0
1050503,2015-01-28,train,12,0
1050503,2015-01-28,train,13,0
1050503,2015-01-28,train,14,0
1050503,2015-01-28,train,15,0
1050503,2015-01-28,train,16,0
1050578,2015-01-28,train,1,0
1050578,2015-01-28,train,2,0
1050578,2015-01-28,train,3,1
1050578,2015-01-28,train,4,0
1050578,2015-01-28,train,5,0
1050578,2015-01-28,train,6,0
1050578,2015-01-28,train,7,0
1050578,2015-01-28,train,8,0
1050578,2015-01-28,train,9,0
1050578,2015-01-28,train,10,0
1050578,2015-01-28,train,11,0
1050578,2015-01-28,train,12,0
1050578,2015-01-28,train,13,0
1050578,2015-01-28,train,14,0
1050578,2015-01-28,train,15,0
1050578,2015-01-28,train,16,0
1050526,2015-01-28,train,1,0
1050526,2015-01-28,train,2,0
1050526,2015-01-28,train,3,1
1050526,2015-01-28,train,4,0
1050526,2015-01-28,train,5,0
1050526,2015-01-28,train,6,0
1050526,2015-01-28,train,7,0
1050526,2015-01-28,train,8,0
1050526,2015-01-28,train,9,0
1050526,2015-01-28,train,10,0
1050526,2015-01-28,train,11,0
1050526,2015-01-28,train,12,0
1050526,2015-01-28,train,13,0
1050526,2015-01-28,train,14,0
1050526,2015-01-28,train,15,0
1050526,2015-01-28,train,16,0
1050529,2015-01-28,train,1,0
1050529,2015-01-28,train,2,0
1050529,2015-01-28,train,3,1
1050529,2015-01-28,train,4,0
1050529,2015-01-28,train,5,0
1050529,2015-01-28,train,6,0
1050529,2015-01-28,train,7,0
1050529,2015-01-28,train,8,0
1050529,2015-01-28,train,9,0
1050529,2015-01-28,train,10,0
1050529,2015-01-28,train,11,0
1050529,2015-01-28,train,12,0
1050529,2015-01-28,train,13,0
1050529,2015-01-28,train,14,0
1050529,2015-01-28,train,15,0
1050529,2015-01-28,train,16,0
1050553,2015-01-28,train,1,0
1050553,2015-01-28,train,2,0
1050553,2015-01-28,train,3,0
1050553,2015-01-28,train,4,0
1050553,2015-01-28,train,5,0
1050553,2015-01-28,train,6,0
1050553,2015-01-28,train,7,0
1050553,2015-01-28,train,8,0
1050553,2015-01-28,train,9,0
1050553,2015-01-28,train,10,0
1050553,2015-01-28,train,11,0
1050553,2015-01-28,train,12,0
1050553,2015-01-28,train,13,0
1050553,2015-01-28,train,14,0
1050553,2015-01-28,train,15,0
1050553,2015-01-28,train,16,0
1050556,2015-01-28,train,1,0
1050556,2015-01-28,train,2,0
1050556,2015-01-28,train,3,1
1050556,2015-01-28,train,4,0
1050556,2015-01-28,train,5,0
1050556,2015-01-28,train,6,0
1050556,2015-01-28,train,7,0
1050556,2015-01-28,train,8,0
1050556,2015-01-28,train,9,0
1050556,2015-01-28,train,10,0
1050556,2015-01-28,train,11,0
1050556,2015-01-28,train,12,0
1050556,2015-01-28,train,13,0
1050556,2015-01-28,train,14,0
1050556,2015-01-28,train,15,0
1050556,2015-01-28,train,16,0
1050557,2015-01-28,train,1,0
1050557,2015-01-28,train,2,0
1050557,2015-01-28,train,3,1
1050557,2015-01-28,train,4,0
1050557,2015-01-28,train,5,0
1050557,2015-01-28,train,6,0
1050557,2015-01-28,train,7,0
1050557,2015-01-28,train,8,0
1050557,2015-01-28,train,9,0
1050557,2015-01-28,train,10,0
1050557,2015-01-28,train,11,0
1050557,2015-01-28,train,12,0
1050557,2015-01-28,train,13,0
1050557,2015-01-28,train,14,0
1050557,2015-01-28,train,15,0
1050557,2015-01-28,train,16,0
1050560,2015-01-28,train,1,0
1050560,2015-01-28,train,2,0
1050560,2015-01-28,train,3,1
1050560,2015-01-28,train,4,0
1050560,2015-01-28,train,5,0
1050560,2015-01-28,train,6,0
1050560,2015-01-28,train,7,0
1050560,2015-01-28,train,8,0
1050560,2015-01-28,train,9,0
1050560,2015-01-28,train,10,0
1050560,2015-01-28,train,11,0
1050560,2015-01-28,train,12,0
1050560,2015-01-28,train,13,0
1050560,2015-01-28,train,14,0
1050560,2015-01-28,train,15,0
1050560,2015-01-28,train,16,0
1050561,2015-01-28,train,1,0
1050561,2015-01-28,train,2,0
1050561,2015-01-28,train,3,1
1050561,2015-01-28,train,4,0
1050561,2015-01-28,train,5,0
1050561,2015-01-28,train,6,0
1050561,2015-01-28,train,7,0
1050561,2015-01-28,train,8,0
1050561,2015-01-28,train,9,0
1050561,2015-01-28,train,10,0
1050561,2015-01-28,train,11,0
1050561,2015-01-28,train,12,0
1050561,2015-01-28,train,13,0
1050561,2015-01-28,train,14,0
1050561,2015-01-28,train,15,0
1050561,2015-01-28,train,16,0
1050562,2015-01-28,train,1,0
1050562,2015-01-28,train,2,0
1050562,2015-01-28,train,3,1
1050562,2015-01-28,train,4,0
1050562,2015-01-28,train,5,0
1050562,2015-01-28,train,6,0
1050562,2015-01-28,train,7,0
1050562,2015-01-28,train,8,0
1050562,2015-01-28,train,9,0
1050562,2015-01-28,train,10,0
1050562,2015-01-28,train,11,0
1050562,2015-01-28,train,12,0
1050562,2015-01-28,train,13,0
1050562,2015-01-28,train,14,0
1050562,2015-01-28,train,15,0
1050562,2015-01-28,train,16,0
1050565,2015-01-28,train,1,0
1050565,2015-01-28,train,2,0
1050565,2015-01-28,train,3,0
1050565,2015-01-28,train,4,0
1050565,2015-01-28,train,5,1
1050565,2015-01-28,train,6,0
1050565,2015-01-28,train,7,0
1050565,2015-01-28,train,8,0
1050565,2015-01-28,train,9,0
1050565,2015-01-28,train,10,0
1050565,2015-01-28,train,11,0
1050565,2015-01-28,train,12,0
1050565,2015-01-28,train,13,0
1050565,2015-01-28,train,14,0
1050565,2015-01-28,train,15,0
1050565,2015-01-28,train,16,0
1050567,2015-01-28,train,1,0
1050567,2015-01-28,train,2,0
1050567,2015-01-28,train,3,1
1050567,2015-01-28,train,4,0
1050567,2015-01-28,train,5,0
1050567,2015-01-28,train,6,0
1050567,2015-01-28,train,7,0
1050567,2015-01-28,train,8,0
1050567,2015-01-28,train,9,0
1050567,2015-01-28,train,10,0
1050567,2015-01-28,train,11,0
1050567,2015-01-28,train,12,0
1050567,2015-01-28,train,13,0
1050567,2015-01-28,train,14,0
1050567,2015-01-28,train,15,0
1050567,2015-01-28,train,16,0
1050568,2015-01-28,train,1,0
1050568,2015-01-28,train,2,0
1050568,2015-01-28,train,3,1
1050568,2015-01-28,train,4,0
1050568,2015-01-28,train,5,0
1050568,2015-01-28,train,6,0
1050568,2015-01-28,train,7,0
1050568,2015-01-28,train,8,0
1050568,2015-01-28,train,9,0
1050568,2015-01-28,train,10,0
1050568,2015-01-28,train,11,0
1050568,2015-01-28,train,12,0
1050568,2015-01-28,train,13,0
1050568,2015-01-28,train,14,0
1050568,2015-01-28,train,15,0
1050568,2015-01-28,train,16,0
1050569,2015-01-28,train,1,0
1050569,2015-01-28,train,2,0
1050569,2015-01-28,train,3,1
1050569,2015-01-28,train,4,0
1050569,2015-01-28,train,5,0
1050569,2015-01-28,train,6,0
1050569,2015-01-28,train,7,0
1050569,2015-01-28,train,8,0
1050569,2015-01-28,train,9,0
1050569,2015-01-28,train,10,0
1050569,2015-01-28,train,11,0
1050569,2015-01-28,train,12,0
1050569,2015-01-28,train,13,0
1050569,2015-01-28,train,14,0
1050569,2015-01-28,train,15,0
1050569,2015-01-28,train,16,0
1050570,2015-01-28,train,1,0
1050570,2015-01-28,train,2,0
1050570,2015-01-28,train,3,1
1050570,2015-01-28,train,4,0
1050570,2015-01-28,train,5,0
1050570,2015-01-28,train,6,0
1050570,2015-01-28,train,7,0
1050570,2015-01-28,train,8,0
1050570,2015-01-28,train,9,0
1050570,2015-01-28,train,10,0
1050570,2015-01-28,train,11,0
1050570,2015-01-28,train,12,0
1050570,2015-01-28,train,13,0
1050570,2015-01-28,train,14,0
1050570,2015-01-28,train,15,0
1050570,2015-01-28,train,16,0
1050571,2015-01-28,train,1,0
1050571,2015-01-28,train,2,0
1050571,2015-01-28,train,3,1
1050571,2015-01-28,train,4,0
1050571,2015-01-28,train,5,0
1050571,2015-01-28,train,6,0
1050571,2015-01-28,train,7,0
1050571,2015-01-28,train,8,0
1050571,2015-01-28,train,9,0
1050571,2015-01-28,train,10,0
1050571,2015-01-28,train,11,0
1050571,2015-01-28,train,12,0
1050571,2015-01-28,train,13,0
1050571,2015-01-28,train,14,0
1050571,2015-01-28,train,15,0
1050571,2015-01-28,train,16,0
1050573,2015-01-28,train,1,0
1050573,2015-01-28,train,2,0
1050573,2015-01-28,train,3,1
1050573,2015-01-28,train,4,0
1050573,2015-01-28,train,5,0
1050573,2015-01-28,train,6,0
1050573,2015-01-28,train,7,0
1050573,2015-01-28,train,8,0
1050573,2015-01-28,train,9,0
1050573,2015-01-28,train,10,0
1050573,2015-01-28,train,11,0
1050573,2015-01-28,train,12,0
1050573,2015-01-28,train,13,0
1050573,2015-01-28,train,14,0
1050573,2015-01-28,train,15,0
1050573,2015-01-28,train,16,0
1050574,2015-01-28,train,1,0
1050574,2015-01-28,train,2,0
1050574,2015-01-28,train,3,1
1050574,2015-01-28,train,4,0
1050574,2015-01-28,train,5,0
1050574,2015-01-28,train,6,0
1050574,2015-01-28,train,7,0
1050574,2015-01-28,train,8,0
1050574,2015-01-28,train,9,0
1050574,2015-01-28,train,10,0
1050574,2015-01-28,train,11,0
1050574,2015-01-28,train,12,0
1050574,2015-01-28,train,13,0
1050574,2015-01-28,train,14,0
1050574,2015-01-28,train,15,0
1050574,2015-01-28,train,16,0
1050575,2015-01-28,train,1,0
1050575,2015-01-28,train,2,0
1050575,2015-01-28,train,3,1
1050575,2015-01-28,train,4,0
1050575,2015-01-28,train,5,0
1050575,2015-01-28,train,6,0
1050575,2015-01-28,train,7,0
1050575,2015-01-28,train,8,0
1050575,2015-01-28,train,9,0
1050575,2015-01-28,train,10,0
1050575,2015-01-28,train,11,0
1050575,2015-01-28,train,12,0
1050575,2015-01-28,train,13,0
1050575,2015-01-28,train,14,0
1050575,2015-01-28,train,15,0
1050575,2015-01-28,train,16,0
1050552,2015-01-28,train,1,0
1050552,2015-01-28,train,2,0
1050552,2015-01-28,train,3,1
1050552,2015-01-28,train,4,0
1050552,2015-01-28,train,5,0
1050552,2015-01-28,train,6,0
1050552,2015-01-28,train,7,0
1050552,2015-01-28,train,8,0
1050552,2015-01-28,train,9,0
1050552,2015-01-28,train,10,0
1050552,2015-01-28,train,11,0
1050552,2015-01-28,train,12,0
1050552,2015-01-28,train,13,0
1050552,2015-01-28,train,14,0
1050552,2015-01-28,train,15,0
1050552,2015-01-28,train,16,0
1050527,2015-01-28,train,1,0
1050527,2015-01-28,train,2,0
1050527,2015-01-28,train,3,1
1050527,2015-01-28,train,4,0
1050527,2015-01-28,train,5,0
1050527,2015-01-28,train,6,0
1050527,2015-01-28,train,7,0
1050527,2015-01-28,train,8,0
1050527,2015-01-28,train,9,0
1050527,2015-01-28,train,10,0
1050527,2015-01-28,train,11,0
1050527,2015-01-28,train,12,0
1050527,2015-01-28,train,13,0
1050527,2015-01-28,train,14,0
1050527,2015-01-28,train,15,0
1050527,2015-01-28,train,16,0
1050551,2015-01-28,train,1,0
1050551,2015-01-28,train,2,0
1050551,2015-01-28,train,3,1
1050551,2015-01-28,train,4,0
1050551,2015-01-28,train,5,0
1050551,2015-01-28,train,6,0
1050551,2015-01-28,train,7,0
1050551,2015-01-28,train,8,0
1050551,2015-01-28,train,9,0
1050551,2015-01-28,train,10,0
1050551,2015-01-28,train,11,0
1050551,2015-01-28,train,12,0
1050551,2015-01-28,train,13,0
1050551,2015-01-28,train,14,0
1050551,2015-01-28,train,15,0
1050551,2015-01-28,train,16,0
1050549,2015-01-28,train,1,0
1050549,2015-01-28,train,2,0
1050549,2015-01-28,train,3,1
1050549,2015-01-28,train,4,0
1050549,2015-01-28,train,5,0
1050549,2015-01-28,train,6,0
1050549,2015-01-28,train,7,0
1050549,2015-01-28,train,8,0
1050549,2015-01-28,train,9,0
1050549,2015-01-28,train,10,0
1050549,2015-01-28,train,11,0
1050549,2015-01-28,train,12,0
1050549,2015-01-28,train,13,0
1050549,2015-01-28,train,14,0
1050549,2015-01-28,train,15,0
1050549,2015-01-28,train,16,0
1050530,2015-01-28,train,1,0
1050530,2015-01-28,train,2,0
1050530,2015-01-28,train,3,1
1050530,2015-01-28,train,4,0
1050530,2015-01-28,train,5,0
1050530,2015-01-28,train,6,0
1050530,2015-01-28,train,7,0
1050530,2015-01-28,train,8,0
1050530,2015-01-28,train,9,0
1050530,2015-01-28,train,10,0
1050530,2015-01-28,train,11,0
1050530,2015-01-28,train,12,0
1050530,2015-01-28,train,13,0
1050530,2015-01-28,train,14,0
1050530,2015-01-28,train,15,0
1050530,2015-01-28,train,16,0
1050531,2015-01-28,train,1,0
1050531,2015-01-28,train,2,0
1050531,2015-01-28,train,3,1
1050531,2015-01-28,train,4,0
1050531,2015-01-28,train,5,0
1050531,2015-01-28,train,6,0
1050531,2015-01-28,train,7,0
1050531,2015-01-28,train,8,0
1050531,2015-01-28,train,9,0
1050531,2015-01-28,train,10,0
1050531,2015-01-28,train,11,0
1050531,2015-01-28,train,12,0
1050531,2015-01-28,train,13,0
1050531,2015-01-28,train,14,0
1050531,2015-01-28,train,15,0
1050531,2015-01-28,train,16,0
1050532,2015-01-28,train,1,0
1050532,2015-01-28,train,2,0
1050532,2015-01-28,train,3,1
1050532,2015-01-28,train,4,0
1050532,2015-01-28,train,5,0
1050532,2015-01-28,train,6,0
1050532,2015-01-28,train,7,0
1050532,2015-01-28,train,8,0
1050532,2015-01-28,train,9,0
1050532,2015-01-28,train,10,0
1050532,2015-01-28,train,11,0
1050532,2015-01-28,train,12,0
1050532,2015-01-28,train,13,0
1050532,2015-01-28,train,14,0
1050532,2015-01-28,train,15,0
1050532,2015-01-28,train,16,0
1050533,2015-01-28,train,1,0
1050533,2015-01-28,train,2,0
1050533,2015-01-28,train,3,1
1050533,2015-01-28,train,4,0
1050533,2015-01-28,train,5,0
1050533,2015-01-28,train,6,0
1050533,2015-01-28,train,7,0
1050533,2015-01-28,train,8,0
1050533,2015-01-28,train,9,0
1050533,2015-01-28,train,10,0
1050533,2015-01-28,train,11,0
1050533,2015-01-28,train,12,0
1050533,2015-01-28,train,13,0
1050533,2015-01-28,train,14,0
1050533,2015-01-28,train,15,0
1050533,2015-01-28,train,16,0
1050534,2015-01-28,train,1,0
1050534,2015-01-28,train,2,0
1050534,2015-01-28,train,3,1
1050534,2015-01-28,train,4,0
1050534,2015-01-28,train,5,0
1050534,2015-01-28,train,6,0
1050534,2015-01-28,train,7,0
1050534,2015-01-28,train,8,0
1050534,2015-01-28,train,9,0
1050534,2015-01-28,train,10,0
1050534,2015-01-28,train,11,0
1050534,2015-01-28,train,12,0
1050534,2015-01-28,train,13,0
1050534,2015-01-28,train,14,0
1050534,2015-01-28,train,15,0
1050534,2015-01-28,train,16,0
1050535,2015-01-28,train,1,0
1050535,2015-01-28,train,2,0
1050535,2015-01-28,train,3,1
1050535,2015-01-28,train,4,0
1050535,2015-01-28,train,5,0
1050535,2015-01-28,train,6,0
1050535,2015-01-28,train,7,0
1050535,2015-01-28,train,8,0
1050535,2015-01-28,train,9,0
1050535,2015-01-28,train,10,0
1050535,2015-01-28,train,11,0
1050535,2015-01-28,train,12,0
1050535,2015-01-28,train,13,0
1050535,2015-01-28,train,14,0
1050535,2015-01-28,train,15,0
1050535,2015-01-28,train,16,0
1050536,2015-01-28,train,1,0
1050536,2015-01-28,train,2,0
1050536,2015-01-28,train,3,1
1050536,2015-01-28,train,4,0
1050536,2015-01-28,train,5,0
1050536,2015-01-28,train,6,0
1050536,2015-01-28,train,7,0
1050536,2015-01-28,train,8,0
1050536,2015-01-28,train,9,0
1050536,2015-01-28,train,10,0
1050536,2015-01-28,train,11,0
1050536,2015-01-28,train,12,0
1050536,2015-01-28,train,13,0
1050536,2015-01-28,train,14,0
1050536,2015-01-28,train,15,0
1050536,2015-01-28,train,16,0
1050537,2015-01-28,train,1,0
1050537,2015-01-28,train,2,0
1050537,2015-01-28,train,3,0
1050537,2015-01-28,train,4,0
1050537,2015-01-28,train,5,1
1050537,2015-01-28,train,6,0
1050537,2015-01-28,train,7,0
1050537,2015-01-28,train,8,0
1050537,2015-01-28,train,9,0
1050537,2015-01-28,train,10,0
1050537,2015-01-28,train,11,0
1050537,2015-01-28,train,12,0
1050537,2015-01-28,train,13,0
1050537,2015-01-28,train,14,0
1050537,2015-01-28,train,15,0
1050537,2015-01-28,train,16,0
1050540,2015-01-28,train,1,0
1050540,2015-01-28,train,2,0
1050540,2015-01-28,train,3,1
1050540,2015-01-28,train,4,0
1050540,2015-01-28,train,5,0
1050540,2015-01-28,train,6,0
1050540,2015-01-28,train,7,0
1050540,2015-01-28,train,8,0
1050540,2015-01-28,train,9,0
1050540,2015-01-28,train,10,0
1050540,2015-01-28,train,11,0
1050540,2015-01-28,train,12,0
1050540,2015-01-28,train,13,0
1050540,2015-01-28,train,14,0
1050540,2015-01-28,train,15,0
1050540,2015-01-28,train,16,0
1050541,2015-01-28,train,1,0
1050541,2015-01-28,train,2,0
1050541,2015-01-28,train,3,1
1050541,2015-01-28,train,4,0
1050541,2015-01-28,train,5,0
1050541,2015-01-28,train,6,0
1050541,2015-01-28,train,7,0
1050541,2015-01-28,train,8,0
1050541,2015-01-28,train,9,0
1050541,2015-01-28,train,10,0
1050541,2015-01-28,train,11,0
1050541,2015-01-28,train,12,0
1050541,2015-01-28,train,13,0
1050541,2015-01-28,train,14,0
1050541,2015-01-28,train,15,0
1050541,2015-01-28,train,16,0
1050542,2015-01-28,train,1,0
1050542,2015-01-28,train,2,0
1050542,2015-01-28,train,3,1
1050542,2015-01-28,train,4,0
1050542,2015-01-28,train,5,0
1050542,2015-01-28,train,6,0
1050542,2015-01-28,train,7,0
1050542,2015-01-28,train,8,0
1050542,2015-01-28,train,9,0
1050542,2015-01-28,train,10,0
1050542,2015-01-28,train,11,0
1050542,2015-01-28,train,12,0
1050542,2015-01-28,train,13,0
1050542,2015-01-28,train,14,0
1050542,2015-01-28,train,15,0
1050542,2015-01-28,train,16,0
1050543,2015-01-28,train,1,0
1050543,2015-01-28,train,2,0
1050543,2015-01-28,train,3,1
1050543,2015-01-28,train,4,0
1050543,2015-01-28,train,5,0
1050543,2015-01-28,train,6,0
1050543,2015-01-28,train,7,0
1050543,2015-01-28,train,8,0
1050543,2015-01-28,train,9,0
1050543,2015-01-28,train,10,0
1050543,2015-01-28,train,11,0
1050543,2015-01-28,train,12,0
1050543,2015-01-28,train,13,0
1050543,2015-01-28,train,14,0
1050543,2015-01-28,train,15,0
1050543,2015-01-28,train,16,0
1050544,2015-01-28,train,1,0
1050544,2015-01-28,train,2,0
1050544,2015-01-28,train,3,1
1050544,2015-01-28,train,4,0
1050544,2015-01-28,train,5,0
1050544,2015-01-28,train,6,0
1050544,2015-01-28,train,7,0
1050544,2015-01-28,train,8,0
1050544,2015-01-28,train,9,0
1050544,2015-01-28,train,10,0
1050544,2015-01-28,train,11,0
1050544,2015-01-28,train,12,0
1050544,2015-01-28,train,13,0
1050544,2015-01-28,train,14,0
1050544,2015-01-28,train,15,0
1050544,2015-01-28,train,16,0
1050547,2015-01-28,train,1,0
1050547,2015-01-28,train,2,0
1050547,2015-01-28,train,3,1
1050547,2015-01-28,train,4,0
1050547,2015-01-28,train,5,0
1050547,2015-01-28,train,6,0
1050547,2015-01-28,train,7,0
1050547,2015-01-28,train,8,0
1050547,2015-01-28,train,9,0
1050547,2015-01-28,train,10,0
1050547,2015-01-28,train,11,0
1050547,2015-01-28,train,12,0
1050547,2015-01-28,train,13,0
1050547,2015-01-28,train,14,0
1050547,2015-01-28,train,15,0
1050547,2015-01-28,train,16,0
1050548,2015-01-28,train,1,0
1050548,2015-01-28,train,2,0
1050548,2015-01-28,train,3,1
1050548,2015-01-28,train,4,0
1050548,2015-01-28,train,5,0
1050548,2015-01-28,train,6,0
1050548,2015-01-28,train,7,0
1050548,2015-01-28,train,8,0
1050548,2015-01-28,train,9,0
1050548,2015-01-28,train,10,0
1050548,2015-01-28,train,11,0
1050548,2015-01-28,train,12,0
1050548,2015-01-28,train,13,0
1050548,2015-01-28,train,14,0
1050548,2015-01-28,train,15,0
1050548,2015-01-28,train,16,0
1050550,2015-01-28,train,1,0
1050550,2015-01-28,train,2,0
1050550,2015-01-28,train,3,1
1050550,2015-01-28,train,4,0
1050550,2015-01-28,train,5,0
1050550,2015-01-28,train,6,0
1050550,2015-01-28,train,7,0
1050550,2015-01-28,train,8,0
1050550,2015-01-28,train,9,0
1050550,2015-01-28,train,10,0
1050550,2015-01-28,train,11,0
1050550,2015-01-28,train,12,0
1050550,2015-01-28,train,13,0
1050550,2015-01-28,train,14,0
1050550,2015-01-28,train,15,0
1050550,2015-01-28,train,16,0
1050713,2015-01-28,train,1,0
1050713,2015-01-28,train,2,0
1050713,2015-01-28,train,3,1
1050713,2015-01-28,train,4,0
1050713,2015-01-28,train,5,0
1050713,2015-01-28,train,6,0
1050713,2015-01-28,train,7,0
1050713,2015-01-28,train,8,0
1050713,2015-01-28,train,9,0
1050713,2015-01-28,train,10,0
1050713,2015-01-28,train,11,0
1050713,2015-01-28,train,12,0
1050713,2015-01-28,train,13,0
1050713,2015-01-28,train,14,0
1050713,2015-01-28,train,15,0
1050713,2015-01-28,train,16,0
1050715,2015-01-28,train,1,0
1050715,2015-01-28,train,2,0
1050715,2015-01-28,train,3,1
1050715,2015-01-28,train,4,0
1050715,2015-01-28,train,5,0
1050715,2015-01-28,train,6,0
1050715,2015-01-28,train,7,0
1050715,2015-01-28,train,8,0
1050715,2015-01-28,train,9,0
1050715,2015-01-28,train,10,0
1050715,2015-01-28,train,11,0
1050715,2015-01-28,train,12,0
1050715,2015-01-28,train,13,0
1050715,2015-01-28,train,14,0
1050715,2015-01-28,train,15,0
1050715,2015-01-28,train,16,0
1050717,2015-01-28,train,1,0
1050717,2015-01-28,train,2,0
1050717,2015-01-28,train,3,1
1050717,2015-01-28,train,4,0
1050717,2015-01-28,train,5,0
1050717,2015-01-28,train,6,0
1050717,2015-01-28,train,7,0
1050717,2015-01-28,train,8,0
1050717,2015-01-28,train,9,0
1050717,2015-01-28,train,10,0
1050717,2015-01-28,train,11,0
1050717,2015-01-28,train,12,0
1050717,2015-01-28,train,13,0
1050717,2015-01-28,train,14,0
1050717,2015-01-28,train,15,0
1050717,2015-01-28,train,16,0
1050873,2015-01-28,train,1,0
1050873,2015-01-28,train,2,0
1050873,2015-01-28,train,3,1
1050873,2015-01-28,train,4,0
1050873,2015-01-28,train,5,0
1050873,2015-01-28,train,6,0
1050873,2015-01-28,train,7,0
1050873,2015-01-28,train,8,0
1050873,2015-01-28,train,9,0
1050873,2015-01-28,train,10,0
1050873,2015-01-28,train,11,0
1050873,2015-01-28,train,12,0
1050873,2015-01-28,train,13,0
1050873,2015-01-28,train,14,0
1050873,2015-01-28,train,15,0
1050873,2015-01-28,train,16,0
1050874,2015-01-28,train,1,0
1050874,2015-01-28,train,2,0
1050874,2015-01-28,train,3,1
1050874,2015-01-28,train,4,0
1050874,2015-01-28,train,5,0
1050874,2015-01-28,train,6,0
1050874,2015-01-28,train,7,0
1050874,2015-01-28,train,8,0
1050874,2015-01-28,train,9,0
1050874,2015-01-28,train,10,0
1050874,2015-01-28,train,11,0
1050874,2015-01-28,train,12,0
1050874,2015-01-28,train,13,0
1050874,2015-01-28,train,14,0
1050874,2015-01-28,train,15,0
1050874,2015-01-28,train,16,0
1050875,2015-01-28,train,1,0
1050875,2015-01-28,train,2,0
1050875,2015-01-28,train,3,1
1050875,2015-01-28,train,4,0
1050875,2015-01-28,train,5,0
1050875,2015-01-28,train,6,0
1050875,2015-01-28,train,7,0
1050875,2015-01-28,train,8,0
1050875,2015-01-28,train,9,0
1050875,2015-01-28,train,10,0
1050875,2015-01-28,train,11,0
1050875,2015-01-28,train,12,0
1050875,2015-01-28,train,13,0
1050875,2015-01-28,train,14,0
1050875,2015-01-28,train,15,0
1050875,2015-01-28,train,16,0
1050878,2015-01-28,train,1,0
1050878,2015-01-28,train,2,0
1050878,2015-01-28,train,3,1
1050878,2015-01-28,train,4,0
1050878,2015-01-28,train,5,0
1050878,2015-01-28,train,6,0
1050878,2015-01-28,train,7,0
1050878,2015-01-28,train,8,0
1050878,2015-01-28,train,9,0
1050878,2015-01-28,train,10,0
1050878,2015-01-28,train,11,0
1050878,2015-01-28,train,12,0
1050878,2015-01-28,train,13,0
1050878,2015-01-28,train,14,0
1050878,2015-01-28,train,15,0
1050878,2015-01-28,train,16,0
1050879,2015-01-28,train,1,0
1050879,2015-01-28,train,2,0
1050879,2015-01-28,train,3,1
1050879,2015-01-28,train,4,0
1050879,2015-01-28,train,5,0
1050879,2015-01-28,train,6,0
1050879,2015-01-28,train,7,0
1050879,2015-01-28,train,8,0
1050879,2015-01-28,train,9,0
1050879,2015-01-28,train,10,0
1050879,2015-01-28,train,11,0
1050879,2015-01-28,train,12,0
1050879,2015-01-28,train,13,0
1050879,2015-01-28,train,14,0
1050879,2015-01-28,train,15,0
1050879,2015-01-28,train,16,0
1050884,2015-01-28,train,1,0
1050884,2015-01-28,train,2,0
1050884,2015-01-28,train,3,1
1050884,2015-01-28,train,4,0
1050884,2015-01-28,train,5,0
1050884,2015-01-28,train,6,0
1050884,2015-01-28,train,7,0
1050884,2015-01-28,train,8,0
1050884,2015-01-28,train,9,0
1050884,2015-01-28,train,10,0
1050884,2015-01-28,train,11,0
1050884,2015-01-28,train,12,0
1050884,2015-01-28,train,13,0
1050884,2015-01-28,train,14,0
1050884,2015-01-28,train,15,0
1050884,2015-01-28,train,16,0
1050885,2015-01-28,train,1,0
1050885,2015-01-28,train,2,0
1050885,2015-01-28,train,3,1
1050885,2015-01-28,train,4,0
1050885,2015-01-28,train,5,0
1050885,2015-01-28,train,6,0
1050885,2015-01-28,train,7,0
1050885,2015-01-28,train,8,0
1050885,2015-01-28,train,9,0
1050885,2015-01-28,train,10,0
1050885,2015-01-28,train,11,0
1050885,2015-01-28,train,12,0
1050885,2015-01-28,train,13,0
1050885,2015-01-28,train,14,0
1050885,2015-01-28,train,15,0
1050885,2015-01-28,train,16,0
1050887,2015-01-28,train,1,0
1050887,2015-01-28,train,2,0
1050887,2015-01-28,train,3,1
1050887,2015-01-28,train,4,0
1050887,2015-01-28,train,5,0
1050887,2015-01-28,train,6,0
1050887,2015-01-28,train,7,0
1050887,2015-01-28,train,8,0
1050887,2015-01-28,train,9,0
1050887,2015-01-28,train,10,0
1050887,2015-01-28,train,11,0
1050887,2015-01-28,train,12,0
1050887,2015-01-28,train,13,0
1050887,2015-01-28,train,14,0
1050887,2015-01-28,train,15,0
1050887,2015-01-28,train,16,0
1050888,2015-01-28,train,1,0
1050888,2015-01-28,train,2,0
1050888,2015-01-28,train,3,1
1050888,2015-01-28,train,4,0
1050888,2015-01-28,train,5,0
1050888,2015-01-28,train,6,0
1050888,2015-01-28,train,7,0
1050888,2015-01-28,train,8,0
1050888,2015-01-28,train,9,0
1050888,2015-01-28,train,10,0
1050888,2015-01-28,train,11,0
1050888,2015-01-28,train,12,0
1050888,2015-01-28,train,13,0
1050888,2015-01-28,train,14,0
1050888,2015-01-28,train,15,0
1050888,2015-01-28,train,16,0
1050890,2015-01-28,train,1,0
1050890,2015-01-28,train,2,0
1050890,2015-01-28,train,3,1
1050890,2015-01-28,train,4,0
1050890,2015-01-28,train,5,0
1050890,2015-01-28,train,6,0
1050890,2015-01-28,train,7,0
1050890,2015-01-28,train,8,0
1050890,2015-01-28,train,9,0
1050890,2015-01-28,train,10,0
1050890,2015-01-28,train,11,0
1050890,2015-01-28,train,12,0
1050890,2015-01-28,train,13,0
1050890,2015-01-28,train,14,0
1050890,2015-01-28,train,15,0
1050890,2015-01-28,train,16,0
1050891,2015-01-28,train,1,0
1050891,2015-01-28,train,2,0
1050891,2015-01-28,train,3,1
1050891,2015-01-28,train,4,0
1050891,2015-01-28,train,5,0
1050891,2015-01-28,train,6,0
1050891,2015-01-28,train,7,0
1050891,2015-01-28,train,8,0
1050891,2015-01-28,train,9,0
1050891,2015-01-28,train,10,0
1050891,2015-01-28,train,11,0
1050891,2015-01-28,train,12,0
1050891,2015-01-28,train,13,0
1050891,2015-01-28,train,14,0
1050891,2015-01-28,train,15,0
1050891,2015-01-28,train,16,0
1050893,2015-01-28,train,1,0
1050893,2015-01-28,train,2,0
1050893,2015-01-28,train,3,1
1050893,2015-01-28,train,4,0
1050893,2015-01-28,train,5,0
1050893,2015-01-28,train,6,0
1050893,2015-01-28,train,7,0
1050893,2015-01-28,train,8,0
1050893,2015-01-28,train,9,0
1050893,2015-01-28,train,10,0
1050893,2015-01-28,train,11,0
1050893,2015-01-28,train,12,0
1050893,2015-01-28,train,13,0
1050893,2015-01-28,train,14,0
1050893,2015-01-28,train,15,0
1050893,2015-01-28,train,16,0
1050894,2015-01-28,train,1,0
1050894,2015-01-28,train,2,0
1050894,2015-01-28,train,3,1
1050894,2015-01-28,train,4,0
1050894,2015-01-28,train,5,0
1050894,2015-01-28,train,6,0
1050894,2015-01-28,train,7,0
1050894,2015-01-28,train,8,0
1050894,2015-01-28,train,9,0
1050894,2015-01-28,train,10,0
1050894,2015-01-28,train,11,0
1050894,2015-01-28,train,12,0
1050894,2015-01-28,train,13,0
1050894,2015-01-28,train,14,0
1050894,2015-01-28,train,15,0
1050894,2015-01-28,train,16,0
1050896,2015-01-28,train,1,0
1050896,2015-01-28,train,2,0
1050896,2015-01-28,train,3,1
1050896,2015-01-28,train,4,0
1050896,2015-01-28,train,5,0
1050896,2015-01-28,train,6,0
1050896,2015-01-28,train,7,0
1050896,2015-01-28,train,8,0
1050896,2015-01-28,train,9,0
1050896,2015-01-28,train,10,0
1050896,2015-01-28,train,11,0
1050896,2015-01-28,train,12,0
1050896,2015-01-28,train,13,0
1050896,2015-01-28,train,14,0
1050896,2015-01-28,train,15,0
1050896,2015-01-28,train,16,0
1050897,2015-01-28,train,1,0
1050897,2015-01-28,train,2,0
1050897,2015-01-28,train,3,1
1050897,2015-01-28,train,4,0
1050897,2015-01-28,train,5,0
1050897,2015-01-28,train,6,0
1050897,2015-01-28,train,7,0
1050897,2015-01-28,train,8,0
1050897,2015-01-28,train,9,0
1050897,2015-01-28,train,10,0
1050897,2015-01-28,train,11,0
1050897,2015-01-28,train,12,0
1050897,2015-01-28,train,13,0
1050897,2015-01-28,train,14,0
1050897,2015-01-28,train,15,0
1050897,2015-01-28,train,16,0
1050872,2015-01-28,train,1,0
1050872,2015-01-28,train,2,0
1050872,2015-01-28,train,3,1
1050872,2015-01-28,train,4,0
1050872,2015-01-28,train,5,0
1050872,2015-01-28,train,6,0
1050872,2015-01-28,train,7,0
1050872,2015-01-28,train,8,0
1050872,2015-01-28,train,9,0
1050872,2015-01-28,train,10,0
1050872,2015-01-28,train,11,0
1050872,2015-01-28,train,12,0
1050872,2015-01-28,train,13,0
1050872,2015-01-28,train,14,0
1050872,2015-01-28,train,15,0
1050872,2015-01-28,train,16,0
1050898,2015-01-28,train,1,0
1050898,2015-01-28,train,2,0
1050898,2015-01-28,train,3,1
1050898,2015-01-28,train,4,0
1050898,2015-01-28,train,5,0
1050898,2015-01-28,train,6,0
1050898,2015-01-28,train,7,0
1050898,2015-01-28,train,8,0
1050898,2015-01-28,train,9,0
1050898,2015-01-28,train,10,0
1050898,2015-01-28,train,11,0
1050898,2015-01-28,train,12,0
1050898,2015-01-28,train,13,0
1050898,2015-01-28,train,14,0
1050898,2015-01-28,train,15,0
1050898,2015-01-28,train,16,0
1050871,2015-01-28,train,1,0
1050871,2015-01-28,train,2,0
1050871,2015-01-28,train,3,1
1050871,2015-01-28,train,4,0
1050871,2015-01-28,train,5,0
1050871,2015-01-28,train,6,0
1050871,2015-01-28,train,7,0
1050871,2015-01-28,train,8,0
1050871,2015-01-28,train,9,0
1050871,2015-01-28,train,10,0
1050871,2015-01-28,train,11,0
1050871,2015-01-28,train,12,0
1050871,2015-01-28,train,13,0
1050871,2015-01-28,train,14,0
1050871,2015-01-28,train,15,0
1050871,2015-01-28,train,16,0
1050867,2015-01-28,train,1,0
1050867,2015-01-28,train,2,0
1050867,2015-01-28,train,3,1
1050867,2015-01-28,train,4,0
1050867,2015-01-28,train,5,0
1050867,2015-01-28,train,6,0
1050867,2015-01-28,train,7,0
1050867,2015-01-28,train,8,0
1050867,2015-01-28,train,9,0
1050867,2015-01-28,train,10,0
1050867,2015-01-28,train,11,0
1050867,2015-01-28,train,12,0
1050867,2015-01-28,train,13,0
1050867,2015-01-28,train,14,0
1050867,2015-01-28,train,15,0
1050867,2015-01-28,train,16,0
1050841,2015-01-28,train,1,0
1050841,2015-01-28,train,2,0
1050841,2015-01-28,train,3,1
1050841,2015-01-28,train,4,0
1050841,2015-01-28,train,5,0
1050841,2015-01-28,train,6,0
1050841,2015-01-28,train,7,0
1050841,2015-01-28,train,8,0
1050841,2015-01-28,train,9,0
1050841,2015-01-28,train,10,0
1050841,2015-01-28,train,11,0
1050841,2015-01-28,train,12,0
1050841,2015-01-28,train,13,0
1050841,2015-01-28,train,14,0
1050841,2015-01-28,train,15,0
1050841,2015-01-28,train,16,0
1050844,2015-01-28,train,1,0
1050844,2015-01-28,train,2,0
1050844,2015-01-28,train,3,1
1050844,2015-01-28,train,4,0
1050844,2015-01-28,train,5,0
1050844,2015-01-28,train,6,0
1050844,2015-01-28,train,7,0
1050844,2015-01-28,train,8,0
1050844,2015-01-28,train,9,0
1050844,2015-01-28,train,10,0
1050844,2015-01-28,train,11,0
1050844,2015-01-28,train,12,0
1050844,2015-01-28,train,13,0
1050844,2015-01-28,train,14,0
1050844,2015-01-28,train,15,0
1050844,2015-01-28,train,16,0
1050846,2015-01-28,train,1,0
1050846,2015-01-28,train,2,0
1050846,2015-01-28,train,3,1
1050846,2015-01-28,train,4,0
1050846,2015-01-28,train,5,0
1050846,2015-01-28,train,6,0
1050846,2015-01-28,train,7,0
1050846,2015-01-28,train,8,0
1050846,2015-01-28,train,9,0
1050846,2015-01-28,train,10,0
1050846,2015-01-28,train,11,0
1050846,2015-01-28,train,12,0
1050846,2015-01-28,train,13,0
1050846,2015-01-28,train,14,0
1050846,2015-01-28,train,15,0
1050846,2015-01-28,train,16,0
1050847,2015-01-28,train,1,0
1050847,2015-01-28,train,2,0
1050847,2015-01-28,train,3,1
1050847,2015-01-28,train,4,0
1050847,2015-01-28,train,5,0
1050847,2015-01-28,train,6,0
1050847,2015-01-28,train,7,0
1050847,2015-01-28,train,8,0
1050847,2015-01-28,train,9,0
1050847,2015-01-28,train,10,0
1050847,2015-01-28,train,11,0
1050847,2015-01-28,train,12,0
1050847,2015-01-28,train,13,0
1050847,2015-01-28,train,14,0
1050847,2015-01-28,train,15,0
1050847,2015-01-28,train,16,0
1050848,2015-01-28,train,1,0
1050848,2015-01-28,train,2,0
1050848,2015-01-28,train,3,1
1050848,2015-01-28,train,4,0
1050848,2015-01-28,train,5,0
1050848,2015-01-28,train,6,0
1050848,2015-01-28,train,7,0
1050848,2015-01-28,train,8,0
1050848,2015-01-28,train,9,0
1050848,2015-01-28,train,10,0
1050848,2015-01-28,train,11,0
1050848,2015-01-28,train,12,0
1050848,2015-01-28,train,13,0
1050848,2015-01-28,train,14,0
1050848,2015-01-28,train,15,0
1050848,2015-01-28,train,16,0
1050851,2015-01-28,train,1,0
1050851,2015-01-28,train,2,0
1050851,2015-01-28,train,3,1
1050851,2015-01-28,train,4,0
1050851,2015-01-28,train,5,0
1050851,2015-01-28,train,6,0
1050851,2015-01-28,train,7,0
1050851,2015-01-28,train,8,0
1050851,2015-01-28,train,9,0
1050851,2015-01-28,train,10,0
1050851,2015-01-28,train,11,0
1050851,2015-01-28,train,12,0
1050851,2015-01-28,train,13,0
1050851,2015-01-28,train,14,0
1050851,2015-01-28,train,15,0
1050851,2015-01-28,train,16,0
1050852,2015-01-28,train,1,0
1050852,2015-01-28,train,2,0
1050852,2015-01-28,train,3,1
1050852,2015-01-28,train,4,0
1050852,2015-01-28,train,5,0
1050852,2015-01-28,train,6,0
1050852,2015-01-28,train,7,0
1050852,2015-01-28,train,8,0
1050852,2015-01-28,train,9,0
1050852,2015-01-28,train,10,0
1050852,2015-01-28,train,11,0
1050852,2015-01-28,train,12,0
1050852,2015-01-28,train,13,0
1050852,2015-01-28,train,14,0
1050852,2015-01-28,train,15,0
1050852,2015-01-28,train,16,0
1050854,2015-01-28,train,1,0
1050854,2015-01-28,train,2,0
1050854,2015-01-28,train,3,1
1050854,2015-01-28,train,4,0
1050854,2015-01-28,train,5,0
1050854,2015-01-28,train,6,0
1050854,2015-01-28,train,7,0
1050854,2015-01-28,train,8,0
1050854,2015-01-28,train,9,0
1050854,2015-01-28,train,10,0
1050854,2015-01-28,train,11,0
1050854,2015-01-28,train,12,0
1050854,2015-01-28,train,13,0
1050854,2015-01-28,train,14,0
1050854,2015-01-28,train,15,0
1050854,2015-01-28,train,16,0
1050855,2015-01-28,train,1,0
1050855,2015-01-28,train,2,0
1050855,2015-01-28,train,3,1
1050855,2015-01-28,train,4,0
1050855,2015-01-28,train,5,0
1050855,2015-01-28,train,6,0
1050855,2015-01-28,train,7,0
1050855,2015-01-28,train,8,0
1050855,2015-01-28,train,9,0
1050855,2015-01-28,train,10,0
1050855,2015-01-28,train,11,0
1050855,2015-01-28,train,12,0
1050855,2015-01-28,train,13,0
1050855,2015-01-28,train,14,0
1050855,2015-01-28,train,15,0
1050855,2015-01-28,train,16,0
1050857,2015-01-28,train,1,0
1050857,2015-01-28,train,2,0
1050857,2015-01-28,train,3,0
1050857,2015-01-28,train,4,0
1050857,2015-01-28,train,5,1
1050857,2015-01-28,train,6,0
1050857,2015-01-28,train,7,0
1050857,2015-01-28,train,8,0
1050857,2015-01-28,train,9,0
1050857,2015-01-28,train,10,0
1050857,2015-01-28,train,11,0
1050857,2015-01-28,train,12,0
1050857,2015-01-28,train,13,0
1050857,2015-01-28,train,14,0
1050857,2015-01-28,train,15,0
1050857,2015-01-28,train,16,0
1050859,2015-01-28,train,1,0
1050859,2015-01-28,train,2,0
1050859,2015-01-28,train,3,1
1050859,2015-01-28,train,4,0
1050859,2015-01-28,train,5,0
1050859,2015-01-28,train,6,0
1050859,2015-01-28,train,7,0
1050859,2015-01-28,train,8,0
1050859,2015-01-28,train,9,0
1050859,2015-01-28,train,10,0
1050859,2015-01-28,train,11,0
1050859,2015-01-28,train,12,0
1050859,2015-01-28,train,13,0
1050859,2015-01-28,train,14,0
1050859,2015-01-28,train,15,0
1050859,2015-01-28,train,16,0
1050861,2015-01-28,train,1,0
1050861,2015-01-28,train,2,0
1050861,2015-01-28,train,3,1
1050861,2015-01-28,train,4,0
1050861,2015-01-28,train,5,0
1050861,2015-01-28,train,6,0
1050861,2015-01-28,train,7,0
1050861,2015-01-28,train,8,0
1050861,2015-01-28,train,9,0
1050861,2015-01-28,train,10,0
1050861,2015-01-28,train,11,0
1050861,2015-01-28,train,12,0
1050861,2015-01-28,train,13,0
1050861,2015-01-28,train,14,0
1050861,2015-01-28,train,15,0
1050861,2015-01-28,train,16,0
1050862,2015-01-28,train,1,0
1050862,2015-01-28,train,2,0
1050862,2015-01-28,train,3,1
1050862,2015-01-28,train,4,0
1050862,2015-01-28,train,5,0
1050862,2015-01-28,train,6,0
1050862,2015-01-28,train,7,0
1050862,2015-01-28,train,8,0
1050862,2015-01-28,train,9,0
1050862,2015-01-28,train,10,0
1050862,2015-01-28,train,11,0
1050862,2015-01-28,train,12,0
1050862,2015-01-28,train,13,0
1050862,2015-01-28,train,14,0
1050862,2015-01-28,train,15,0
1050862,2015-01-28,train,16,0
1050864,2015-01-28,train,1,0
1050864,2015-01-28,train,2,0
1050864,2015-01-28,train,3,1
1050864,2015-01-28,train,4,0
1050864,2015-01-28,train,5,0
1050864,2015-01-28,train,6,0
1050864,2015-01-28,train,7,0
1050864,2015-01-28,train,8,0
1050864,2015-01-28,train,9,0
1050864,2015-01-28,train,10,0
1050864,2015-01-28,train,11,0
1050864,2015-01-28,train,12,0
1050864,2015-01-28,train,13,0
1050864,2015-01-28,train,14,0
1050864,2015-01-28,train,15,0
1050864,2015-01-28,train,16,0
1050865,2015-01-28,train,1,0
1050865,2015-01-28,train,2,0
1050865,2015-01-28,train,3,1
1050865,2015-01-28,train,4,0
1050865,2015-01-28,train,5,0
1050865,2015-01-28,train,6,0
1050865,2015-01-28,train,7,0
1050865,2015-01-28,train,8,0
1050865,2015-01-28,train,9,0
1050865,2015-01-28,train,10,0
1050865,2015-01-28,train,11,0
1050865,2015-01-28,train,12,0
1050865,2015-01-28,train,13,0
1050865,2015-01-28,train,14,0
1050865,2015-01-28,train,15,0
1050865,2015-01-28,train,16,0
1050869,2015-01-28,train,1,0
1050869,2015-01-28,train,2,0
1050869,2015-01-28,train,3,0
1050869,2015-01-28,train,4,0
1050869,2015-01-28,train,5,1
1050869,2015-01-28,train,6,0
1050869,2015-01-28,train,7,0
1050869,2015-01-28,train,8,0
1050869,2015-01-28,train,9,0
1050869,2015-01-28,train,10,0
1050869,2015-01-28,train,11,0
1050869,2015-01-28,train,12,0
1050869,2015-01-28,train,13,1
1050869,2015-01-28,train,14,0
1050869,2015-01-28,train,15,0
1050869,2015-01-28,train,16,0
1050838,2015-01-28,train,1,0
1050838,2015-01-28,train,2,0
1050838,2015-01-28,train,3,1
1050838,2015-01-28,train,4,0
1050838,2015-01-28,train,5,0
1050838,2015-01-28,train,6,0
1050838,2015-01-28,train,7,0
1050838,2015-01-28,train,8,0
1050838,2015-01-28,train,9,0
1050838,2015-01-28,train,10,0
1050838,2015-01-28,train,11,0
1050838,2015-01-28,train,12,0
1050838,2015-01-28,train,13,0
1050838,2015-01-28,train,14,0
1050838,2015-01-28,train,15,0
1050838,2015-01-28,train,16,0
1050901,2015-01-28,train,1,0
1050901,2015-01-28,train,2,0
1050901,2015-01-28,train,3,1
1050901,2015-01-28,train,4,0
1050901,2015-01-28,train,5,0
1050901,2015-01-28,train,6,0
1050901,2015-01-28,train,7,0
1050901,2015-01-28,train,8,0
1050901,2015-01-28,train,9,0
1050901,2015-01-28,train,10,0
1050901,2015-01-28,train,11,0
1050901,2015-01-28,train,12,0
1050901,2015-01-28,train,13,0
1050901,2015-01-28,train,14,0
1050901,2015-01-28,train,15,0
1050901,2015-01-28,train,16,0
1050905,2015-01-28,train,1,0
1050905,2015-01-28,train,2,0
1050905,2015-01-28,train,3,1
1050905,2015-01-28,train,4,0
1050905,2015-01-28,train,5,0
1050905,2015-01-28,train,6,0
1050905,2015-01-28,train,7,0
1050905,2015-01-28,train,8,0
1050905,2015-01-28,train,9,0
1050905,2015-01-28,train,10,0
1050905,2015-01-28,train,11,0
1050905,2015-01-28,train,12,0
1050905,2015-01-28,train,13,0
1050905,2015-01-28,train,14,0
1050905,2015-01-28,train,15,0
1050905,2015-01-28,train,16,0
1050927,2015-01-28,train,1,0
1050927,2015-01-28,train,2,0
1050927,2015-01-28,train,3,1
1050927,2015-01-28,train,4,0
1050927,2015-01-28,train,5,0
1050927,2015-01-28,train,6,0
1050927,2015-01-28,train,7,0
1050927,2015-01-28,train,8,0
1050927,2015-01-28,train,9,0
1050927,2015-01-28,train,10,0
1050927,2015-01-28,train,11,0
1050927,2015-01-28,train,12,0
1050927,2015-01-28,train,13,0
1050927,2015-01-28,train,14,0
1050927,2015-01-28,train,15,0
1050927,2015-01-28,train,16,0
1050930,2015-01-28,train,1,0
1050930,2015-01-28,train,2,0
1050930,2015-01-28,train,3,1
1050930,2015-01-28,train,4,0
1050930,2015-01-28,train,5,0
1050930,2015-01-28,train,6,0
1050930,2015-01-28,train,7,0
1050930,2015-01-28,train,8,0
1050930,2015-01-28,train,9,0
1050930,2015-01-28,train,10,0
1050930,2015-01-28,train,11,0
1050930,2015-01-28,train,12,0
1050930,2015-01-28,train,13,0
1050930,2015-01-28,train,14,0
1050930,2015-01-28,train,15,0
1050930,2015-01-28,train,16,0
1050931,2015-01-28,train,1,0
1050931,2015-01-28,train,2,0
1050931,2015-01-28,train,3,1
1050931,2015-01-28,train,4,0
1050931,2015-01-28,train,5,0
1050931,2015-01-28,train,6,0
1050931,2015-01-28,train,7,0
1050931,2015-01-28,train,8,0
1050931,2015-01-28,train,9,0
1050931,2015-01-28,train,10,0
1050931,2015-01-28,train,11,0
1050931,2015-01-28,train,12,0
1050931,2015-01-28,train,13,0
1050931,2015-01-28,train,14,0
1050931,2015-01-28,train,15,0
1050931,2015-01-28,train,16,0
1050932,2015-01-28,train,1,0
1050932,2015-01-28,train,2,0
1050932,2015-01-28,train,3,1
1050932,2015-01-28,train,4,0
1050932,2015-01-28,train,5,0
1050932,2015-01-28,train,6,0
1050932,2015-01-28,train,7,0
1050932,2015-01-28,train,8,0
1050932,2015-01-28,train,9,0
1050932,2015-01-28,train,10,0
1050932,2015-01-28,train,11,0
1050932,2015-01-28,train,12,0
1050932,2015-01-28,train,13,0
1050932,2015-01-28,train,14,0
1050932,2015-01-28,train,15,0
1050932,2015-01-28,train,16,0
1050933,2015-01-28,train,1,0
1050933,2015-01-28,train,2,0
1050933,2015-01-28,train,3,1
1050933,2015-01-28,train,4,0
1050933,2015-01-28,train,5,0
1050933,2015-01-28,train,6,0
1050933,2015-01-28,train,7,0
1050933,2015-01-28,train,8,0
1050933,2015-01-28,train,9,0
1050933,2015-01-28,train,10,0
1050933,2015-01-28,train,11,0
1050933,2015-01-28,train,12,0
1050933,2015-01-28,train,13,0
1050933,2015-01-28,train,14,0
1050933,2015-01-28,train,15,0
1050933,2015-01-28,train,16,0
1050934,2015-01-28,train,1,0
1050934,2015-01-28,train,2,0
1050934,2015-01-28,train,3,1
1050934,2015-01-28,train,4,0
1050934,2015-01-28,train,5,0
1050934,2015-01-28,train,6,0
1050934,2015-01-28,train,7,0
1050934,2015-01-28,train,8,0
1050934,2015-01-28,train,9,0
1050934,2015-01-28,train,10,0
1050934,2015-01-28,train,11,0
1050934,2015-01-28,train,12,0
1050934,2015-01-28,train,13,0
1050934,2015-01-28,train,14,0
1050934,2015-01-28,train,15,0
1050934,2015-01-28,train,16,0
1050935,2015-01-28,train,1,0
1050935,2015-01-28,train,2,0
1050935,2015-01-28,train,3,1
1050935,2015-01-28,train,4,0
1050935,2015-01-28,train,5,0
1050935,2015-01-28,train,6,0
1050935,2015-01-28,train,7,0
1050935,2015-01-28,train,8,0
1050935,2015-01-28,train,9,0
1050935,2015-01-28,train,10,0
1050935,2015-01-28,train,11,0
1050935,2015-01-28,train,12,0
1050935,2015-01-28,train,13,0
1050935,2015-01-28,train,14,0
1050935,2015-01-28,train,15,0
1050935,2015-01-28,train,16,0
1050936,2015-01-28,train,1,0
1050936,2015-01-28,train,2,0
1050936,2015-01-28,train,3,1
1050936,2015-01-28,train,4,0
1050936,2015-01-28,train,5,0
1050936,2015-01-28,train,6,0
1050936,2015-01-28,train,7,0
1050936,2015-01-28,train,8,0
1050936,2015-01-28,train,9,0
1050936,2015-01-28,train,10,0
1050936,2015-01-28,train,11,0
1050936,2015-01-28,train,12,0
1050936,2015-01-28,train,13,0
1050936,2015-01-28,train,14,0
1050936,2015-01-28,train,15,0
1050936,2015-01-28,train,16,0
1050937,2015-01-28,train,1,0
1050937,2015-01-28,train,2,0
1050937,2015-01-28,train,3,1
1050937,2015-01-28,train,4,0
1050937,2015-01-28,train,5,0
1050937,2015-01-28,train,6,0
1050937,2015-01-28,train,7,0
1050937,2015-01-28,train,8,0
1050937,2015-01-28,train,9,0
1050937,2015-01-28,train,10,0
1050937,2015-01-28,train,11,0
1050937,2015-01-28,train,12,0
1050937,2015-01-28,train,13,0
1050937,2015-01-28,train,14,0
1050937,2015-01-28,train,15,0
1050937,2015-01-28,train,16,0
1050938,2015-01-28,train,1,0
1050938,2015-01-28,train,2,0
1050938,2015-01-28,train,3,1
1050938,2015-01-28,train,4,0
1050938,2015-01-28,train,5,0
1050938,2015-01-28,train,6,0
1050938,2015-01-28,train,7,0
1050938,2015-01-28,train,8,0
1050938,2015-01-28,train,9,0
1050938,2015-01-28,train,10,0
1050938,2015-01-28,train,11,0
1050938,2015-01-28,train,12,0
1050938,2015-01-28,train,13,0
1050938,2015-01-28,train,14,0
1050938,2015-01-28,train,15,0
1050938,2015-01-28,train,16,0
1050939,2015-01-28,train,1,0
1050939,2015-01-28,train,2,0
1050939,2015-01-28,train,3,1
1050939,2015-01-28,train,4,0
1050939,2015-01-28,train,5,0
1050939,2015-01-28,train,6,0
1050939,2015-01-28,train,7,0
1050939,2015-01-28,train,8,0
1050939,2015-01-28,train,9,0
1050939,2015-01-28,train,10,0
1050939,2015-01-28,train,11,0
1050939,2015-01-28,train,12,0
1050939,2015-01-28,train,13,0
1050939,2015-01-28,train,14,0
1050939,2015-01-28,train,15,0
1050939,2015-01-28,train,16,0
1050940,2015-01-28,train,1,0
1050940,2015-01-28,train,2,0
1050940,2015-01-28,train,3,1
1050940,2015-01-28,train,4,0
1050940,2015-01-28,train,5,0
1050940,2015-01-28,train,6,0
1050940,2015-01-28,train,7,0
1050940,2015-01-28,train,8,0
1050940,2015-01-28,train,9,0
1050940,2015-01-28,train,10,0
1050940,2015-01-28,train,11,0
1050940,2015-01-28,train,12,0
1050940,2015-01-28,train,13,0
1050940,2015-01-28,train,14,0
1050940,2015-01-28,train,15,0
1050940,2015-01-28,train,16,0
1050941,2015-01-28,train,1,0
1050941,2015-01-28,train,2,0
1050941,2015-01-28,train,3,1
1050941,2015-01-28,train,4,0
1050941,2015-01-28,train,5,0
1050941,2015-01-28,train,6,0
1050941,2015-01-28,train,7,0
1050941,2015-01-28,train,8,0
1050941,2015-01-28,train,9,0
1050941,2015-01-28,train,10,0
1050941,2015-01-28,train,11,0
1050941,2015-01-28,train,12,0
1050941,2015-01-28,train,13,0
1050941,2015-01-28,train,14,0
1050941,2015-01-28,train,15,0
1050941,2015-01-28,train,16,0
1050943,2015-01-28,train,1,0
1050943,2015-01-28,train,2,0
1050943,2015-01-28,train,3,1
1050943,2015-01-28,train,4,0
1050943,2015-01-28,train,5,0
1050943,2015-01-28,train,6,0
1050943,2015-01-28,train,7,0
1050943,2015-01-28,train,8,0
1050943,2015-01-28,train,9,0
1050943,2015-01-28,train,10,0
1050943,2015-01-28,train,11,0
1050943,2015-01-28,train,12,0
1050943,2015-01-28,train,13,0
1050943,2015-01-28,train,14,0
1050943,2015-01-28,train,15,0
1050943,2015-01-28,train,16,0
1050944,2015-01-28,train,1,0
1050944,2015-01-28,train,2,0
1050944,2015-01-28,train,3,1
1050944,2015-01-28,train,4,0
1050944,2015-01-28,train,5,0
1050944,2015-01-28,train,6,0
1050944,2015-01-28,train,7,0
1050944,2015-01-28,train,8,0
1050944,2015-01-28,train,9,0
1050944,2015-01-28,train,10,0
1050944,2015-01-28,train,11,0
1050944,2015-01-28,train,12,0
1050944,2015-01-28,train,13,0
1050944,2015-01-28,train,14,0
1050944,2015-01-28,train,15,0
1050944,2015-01-28,train,16,0
1050926,2015-01-28,train,1,0
1050926,2015-01-28,train,2,0
1050926,2015-01-28,train,3,1
1050926,2015-01-28,train,4,0
1050926,2015-01-28,train,5,0
1050926,2015-01-28,train,6,0
1050926,2015-01-28,train,7,0
1050926,2015-01-28,train,8,0
1050926,2015-01-28,train,9,0
1050926,2015-01-28,train,10,0
1050926,2015-01-28,train,11,0
1050926,2015-01-28,train,12,0
1050926,2015-01-28,train,13,0
1050926,2015-01-28,train,14,0
1050926,2015-01-28,train,15,0
1050926,2015-01-28,train,16,0
1050902,2015-01-28,train,1,0
1050902,2015-01-28,train,2,0
1050902,2015-01-28,train,3,1
1050902,2015-01-28,train,4,0
1050902,2015-01-28,train,5,0
1050902,2015-01-28,train,6,0
1050902,2015-01-28,train,7,0
1050902,2015-01-28,train,8,0
1050902,2015-01-28,train,9,0
1050902,2015-01-28,train,10,0
1050902,2015-01-28,train,11,0
1050902,2015-01-28,train,12,0
1050902,2015-01-28,train,13,0
1050902,2015-01-28,train,14,0
1050902,2015-01-28,train,15,0
1050902,2015-01-28,train,16,0
1050925,2015-01-28,train,1,0
1050925,2015-01-28,train,2,0
1050925,2015-01-28,train,3,1
1050925,2015-01-28,train,4,0
1050925,2015-01-28,train,5,0
1050925,2015-01-28,train,6,0
1050925,2015-01-28,train,7,0
1050925,2015-01-28,train,8,0
1050925,2015-01-28,train,9,0
1050925,2015-01-28,train,10,0
1050925,2015-01-28,train,11,0
1050925,2015-01-28,train,12,0
1050925,2015-01-28,train,13,0
1050925,2015-01-28,train,14,0
1050925,2015-01-28,train,15,0
1050925,2015-01-28,train,16,0
1050922,2015-01-28,train,1,0
1050922,2015-01-28,train,2,0
1050922,2015-01-28,train,3,1
1050922,2015-01-28,train,4,0
1050922,2015-01-28,train,5,0
1050922,2015-01-28,train,6,0
1050922,2015-01-28,train,7,0
1050922,2015-01-28,train,8,0
1050922,2015-01-28,train,9,0
1050922,2015-01-28,train,10,0
1050922,2015-01-28,train,11,0
1050922,2015-01-28,train,12,0
1050922,2015-01-28,train,13,0
1050922,2015-01-28,train,14,0
1050922,2015-01-28,train,15,0
1050922,2015-01-28,train,16,0
1050906,2015-01-28,train,1,0
1050906,2015-01-28,train,2,0
1050906,2015-01-28,train,3,1
1050906,2015-01-28,train,4,0
1050906,2015-01-28,train,5,0
1050906,2015-01-28,train,6,0
1050906,2015-01-28,train,7,0
1050906,2015-01-28,train,8,0
1050906,2015-01-28,train,9,0
1050906,2015-01-28,train,10,0
1050906,2015-01-28,train,11,0
1050906,2015-01-28,train,12,0
1050906,2015-01-28,train,13,0
1050906,2015-01-28,train,14,0
1050906,2015-01-28,train,15,0
1050906,2015-01-28,train,16,0
1050907,2015-01-28,train,1,0
1050907,2015-01-28,train,2,0
1050907,2015-01-28,train,3,1
1050907,2015-01-28,train,4,0
1050907,2015-01-28,train,5,0
1050907,2015-01-28,train,6,0
1050907,2015-01-28,train,7,0
1050907,2015-01-28,train,8,0
1050907,2015-01-28,train,9,0
1050907,2015-01-28,train,10,0
1050907,2015-01-28,train,11,0
1050907,2015-01-28,train,12,0
1050907,2015-01-28,train,13,0
1050907,2015-01-28,train,14,0
1050907,2015-01-28,train,15,0
1050907,2015-01-28,train,16,0
1050908,2015-01-28,train,1,0
1050908,2015-01-28,train,2,0
1050908,2015-01-28,train,3,1
1050908,2015-01-28,train,4,0
1050908,2015-01-28,train,5,0
1050908,2015-01-28,train,6,0
1050908,2015-01-28,train,7,0
1050908,2015-01-28,train,8,0
1050908,2015-01-28,train,9,0
1050908,2015-01-28,train,10,0
1050908,2015-01-28,train,11,0
1050908,2015-01-28,train,12,0
1050908,2015-01-28,train,13,0
1050908,2015-01-28,train,14,0
1050908,2015-01-28,train,15,0
1050908,2015-01-28,train,16,0
1050909,2015-01-28,train,1,0
1050909,2015-01-28,train,2,0
1050909,2015-01-28,train,3,1
1050909,2015-01-28,train,4,0
1050909,2015-01-28,train,5,0
1050909,2015-01-28,train,6,0
1050909,2015-01-28,train,7,0
1050909,2015-01-28,train,8,0
1050909,2015-01-28,train,9,0
1050909,2015-01-28,train,10,0
1050909,2015-01-28,train,11,0
1050909,2015-01-28,train,12,0
1050909,2015-01-28,train,13,0
1050909,2015-01-28,train,14,0
1050909,2015-01-28,train,15,0
1050909,2015-01-28,train,16,0
1050910,2015-01-28,train,1,0
1050910,2015-01-28,train,2,0
1050910,2015-01-28,train,3,1
1050910,2015-01-28,train,4,0
1050910,2015-01-28,train,5,0
1050910,2015-01-28,train,6,0
1050910,2015-01-28,train,7,0
1050910,2015-01-28,train,8,0
1050910,2015-01-28,train,9,0
1050910,2015-01-28,train,10,0
1050910,2015-01-28,train,11,0
1050910,2015-01-28,train,12,0
1050910,2015-01-28,train,13,0
1050910,2015-01-28,train,14,0
1050910,2015-01-28,train,15,0
1050910,2015-01-28,train,16,0
1050911,2015-01-28,train,1,0
1050911,2015-01-28,train,2,0
1050911,2015-01-28,train,3,0
1050911,2015-01-28,train,4,0
1050911,2015-01-28,train,5,0
1050911,2015-01-28,train,6,0
1050911,2015-01-28,train,7,0
1050911,2015-01-28,train,8,0
1050911,2015-01-28,train,9,0
1050911,2015-01-28,train,10,0
1050911,2015-01-28,train,11,0
1050911,2015-01-28,train,12,0
1050911,2015-01-28,train,13,1
1050911,2015-01-28,train,14,0
1050911,2015-01-28,train,15,0
1050911,2015-01-28,train,16,0
1050912,2015-01-28,train,1,0
1050912,2015-01-28,train,2,0
1050912,2015-01-28,train,3,1
1050912,2015-01-28,train,4,0
1050912,2015-01-28,train,5,0
1050912,2015-01-28,train,6,0
1050912,2015-01-28,train,7,0
1050912,2015-01-28,train,8,0
1050912,2015-01-28,train,9,0
1050912,2015-01-28,train,10,0
1050912,2015-01-28,train,11,0
1050912,2015-01-28,train,12,0
1050912,2015-01-28,train,13,0
1050912,2015-01-28,train,14,0
1050912,2015-01-28,train,15,0
1050912,2015-01-28,train,16,0
1050913,2015-01-28,train,1,0
1050913,2015-01-28,train,2,0
1050913,2015-01-28,train,3,1
1050913,2015-01-28,train,4,0
1050913,2015-01-28,train,5,0
1050913,2015-01-28,train,6,0
1050913,2015-01-28,train,7,0
1050913,2015-01-28,train,8,0
1050913,2015-01-28,train,9,0
1050913,2015-01-28,train,10,0
1050913,2015-01-28,train,11,0
1050913,2015-01-28,train,12,0
1050913,2015-01-28,train,13,0
1050913,2015-01-28,train,14,0
1050913,2015-01-28,train,15,0
1050913,2015-01-28,train,16,0
1050914,2015-01-28,train,1,0
1050914,2015-01-28,train,2,0
1050914,2015-01-28,train,3,0
1050914,2015-01-28,train,4,0
1050914,2015-01-28,train,5,0
1050914,2015-01-28,train,6,0
1050914,2015-01-28,train,7,0
1050914,2015-01-28,train,8,0
1050914,2015-01-28,train,9,0
1050914,2015-01-28,train,10,0
1050914,2015-01-28,train,11,0
1050914,2015-01-28,train,12,0
1050914,2015-01-28,train,13,0
1050914,2015-01-28,train,14,0
1050914,2015-01-28,train,15,0
1050914,2015-01-28,train,16,0
1050915,2015-01-28,train,1,0
1050915,2015-01-28,train,2,0
1050915,2015-01-28,train,3,1
1050915,2015-01-28,train,4,0
1050915,2015-01-28,train,5,0
1050915,2015-01-28,train,6,0
1050915,2015-01-28,train,7,0
1050915,2015-01-28,train,8,0
1050915,2015-01-28,train,9,0
1050915,2015-01-28,train,10,0
1050915,2015-01-28,train,11,0
1050915,2015-01-28,train,12,0
1050915,2015-01-28,train,13,0
1050915,2015-01-28,train,14,0
1050915,2015-01-28,train,15,0
1050915,2015-01-28,train,16,0
1050916,2015-01-28,train,1,0
1050916,2015-01-28,train,2,0
1050916,2015-01-28,train,3,1
1050916,2015-01-28,train,4,0
1050916,2015-01-28,train,5,0
1050916,2015-01-28,train,6,0
1050916,2015-01-28,train,7,0
1050916,2015-01-28,train,8,0
1050916,2015-01-28,train,9,0
1050916,2015-01-28,train,10,0
1050916,2015-01-28,train,11,0
1050916,2015-01-28,train,12,0
1050916,2015-01-28,train,13,0
1050916,2015-01-28,train,14,0
1050916,2015-01-28,train,15,0
1050916,2015-01-28,train,16,0
1050917,2015-01-28,train,1,0
1050917,2015-01-28,train,2,0
1050917,2015-01-28,train,3,1
1050917,2015-01-28,train,4,0
1050917,2015-01-28,train,5,0
1050917,2015-01-28,train,6,0
1050917,2015-01-28,train,7,0
1050917,2015-01-28,train,8,0
1050917,2015-01-28,train,9,0
1050917,2015-01-28,train,10,0
1050917,2015-01-28,train,11,0
1050917,2015-01-28,train,12,0
1050917,2015-01-28,train,13,0
1050917,2015-01-28,train,14,0
1050917,2015-01-28,train,15,0
1050917,2015-01-28,train,16,0
1050919,2015-01-28,train,1,0
1050919,2015-01-28,train,2,0
1050919,2015-01-28,train,3,1
1050919,2015-01-28,train,4,0
1050919,2015-01-28,train,5,0
1050919,2015-01-28,train,6,0
1050919,2015-01-28,train,7,0
1050919,2015-01-28,train,8,0
1050919,2015-01-28,train,9,0
1050919,2015-01-28,train,10,0
1050919,2015-01-28,train,11,0
1050919,2015-01-28,train,12,0
1050919,2015-01-28,train,13,0
1050919,2015-01-28,train,14,0
1050919,2015-01-28,train,15,0
1050919,2015-01-28,train,16,0
1050920,2015-01-28,train,1,0
1050920,2015-01-28,train,2,0
1050920,2015-01-28,train,3,0
1050920,2015-01-28,train,4,0
1050920,2015-01-28,train,5,1
1050920,2015-01-28,train,6,0
1050920,2015-01-28,train,7,0
1050920,2015-01-28,train,8,0
1050920,2015-01-28,train,9,0
1050920,2015-01-28,train,10,0
1050920,2015-01-28,train,11,0
1050920,2015-01-28,train,12,0
1050920,2015-01-28,train,13,1
1050920,2015-01-28,train,14,0
1050920,2015-01-28,train,15,0
1050920,2015-01-28,train,16,0
1050921,2015-01-28,train,1,0
1050921,2015-01-28,train,2,0
1050921,2015-01-28,train,3,1
1050921,2015-01-28,train,4,0
1050921,2015-01-28,train,5,0
1050921,2015-01-28,train,6,0
1050921,2015-01-28,train,7,0
1050921,2015-01-28,train,8,0
1050921,2015-01-28,train,9,0
1050921,2015-01-28,train,10,0
1050921,2015-01-28,train,11,0
1050921,2015-01-28,train,12,0
1050921,2015-01-28,train,13,0
1050921,2015-01-28,train,14,0
1050921,2015-01-28,train,15,0
1050921,2015-01-28,train,16,0
1050924,2015-01-28,train,1,0
1050924,2015-01-28,train,2,0
1050924,2015-01-28,train,3,1
1050924,2015-01-28,train,4,0
1050924,2015-01-28,train,5,0
1050924,2015-01-28,train,6,0
1050924,2015-01-28,train,7,0
1050924,2015-01-28,train,8,0
1050924,2015-01-28,train,9,0
1050924,2015-01-28,train,10,0
1050924,2015-01-28,train,11,0
1050924,2015-01-28,train,12,0
1050924,2015-01-28,train,13,0
1050924,2015-01-28,train,14,0
1050924,2015-01-28,train,15,0
1050924,2015-01-28,train,16,0
1050837,2015-01-28,train,1,0
1050837,2015-01-28,train,2,0
1050837,2015-01-28,train,3,1
1050837,2015-01-28,train,4,0
1050837,2015-01-28,train,5,0
1050837,2015-01-28,train,6,0
1050837,2015-01-28,train,7,0
1050837,2015-01-28,train,8,0
1050837,2015-01-28,train,9,0
1050837,2015-01-28,train,10,0
1050837,2015-01-28,train,11,0
1050837,2015-01-28,train,12,0
1050837,2015-01-28,train,13,0
1050837,2015-01-28,train,14,0
1050837,2015-01-28,train,15,0
1050837,2015-01-28,train,16,0
1050836,2015-01-28,train,1,0
1050836,2015-01-28,train,2,0
1050836,2015-01-28,train,3,1
1050836,2015-01-28,train,4,0
1050836,2015-01-28,train,5,0
1050836,2015-01-28,train,6,0
1050836,2015-01-28,train,7,0
1050836,2015-01-28,train,8,0
1050836,2015-01-28,train,9,0
1050836,2015-01-28,train,10,0
1050836,2015-01-28,train,11,0
1050836,2015-01-28,train,12,0
1050836,2015-01-28,train,13,0
1050836,2015-01-28,train,14,0
1050836,2015-01-28,train,15,0
1050836,2015-01-28,train,16,0
1050834,2015-01-28,train,1,0
1050834,2015-01-28,train,2,0
1050834,2015-01-28,train,3,1
1050834,2015-01-28,train,4,0
1050834,2015-01-28,train,5,0
1050834,2015-01-28,train,6,0
1050834,2015-01-28,train,7,0
1050834,2015-01-28,train,8,0
1050834,2015-01-28,train,9,0
1050834,2015-01-28,train,10,0
1050834,2015-01-28,train,11,0
1050834,2015-01-28,train,12,0
1050834,2015-01-28,train,13,0
1050834,2015-01-28,train,14,0
1050834,2015-01-28,train,15,0
1050834,2015-01-28,train,16,0
1050748,2015-01-28,train,1,0
1050748,2015-01-28,train,2,0
1050748,2015-01-28,train,3,1
1050748,2015-01-28,train,4,0
1050748,2015-01-28,train,5,0
1050748,2015-01-28,train,6,0
1050748,2015-01-28,train,7,0
1050748,2015-01-28,train,8,0
1050748,2015-01-28,train,9,0
1050748,2015-01-28,train,10,0
1050748,2015-01-28,train,11,0
1050748,2015-01-28,train,12,0
1050748,2015-01-28,train,13,0
1050748,2015-01-28,train,14,0
1050748,2015-01-28,train,15,0
1050748,2015-01-28,train,16,0
1050749,2015-01-28,train,1,0
1050749,2015-01-28,train,2,0
1050749,2015-01-28,train,3,1
1050749,2015-01-28,train,4,0
1050749,2015-01-28,train,5,0
1050749,2015-01-28,train,6,0
1050749,2015-01-28,train,7,0
1050749,2015-01-28,train,8,0
1050749,2015-01-28,train,9,0
1050749,2015-01-28,train,10,0
1050749,2015-01-28,train,11,0
1050749,2015-01-28,train,12,0
1050749,2015-01-28,train,13,0
1050749,2015-01-28,train,14,0
1050749,2015-01-28,train,15,0
1050749,2015-01-28,train,16,0
1050750,2015-01-28,train,1,0
1050750,2015-01-28,train,2,0
1050750,2015-01-28,train,3,1
1050750,2015-01-28,train,4,0
1050750,2015-01-28,train,5,0
1050750,2015-01-28,train,6,0
1050750,2015-01-28,train,7,0
1050750,2015-01-28,train,8,0
1050750,2015-01-28,train,9,0
1050750,2015-01-28,train,10,0
1050750,2015-01-28,train,11,0
1050750,2015-01-28,train,12,0
1050750,2015-01-28,train,13,0
1050750,2015-01-28,train,14,0
1050750,2015-01-28,train,15,0
1050750,2015-01-28,train,16,0
1050751,2015-01-28,train,1,0
1050751,2015-01-28,train,2,0
1050751,2015-01-28,train,3,1
1050751,2015-01-28,train,4,0
1050751,2015-01-28,train,5,0
1050751,2015-01-28,train,6,0
1050751,2015-01-28,train,7,0
1050751,2015-01-28,train,8,0
1050751,2015-01-28,train,9,0
1050751,2015-01-28,train,10,0
1050751,2015-01-28,train,11,0
1050751,2015-01-28,train,12,0
1050751,2015-01-28,train,13,0
1050751,2015-01-28,train,14,0
1050751,2015-01-28,train,15,0
1050751,2015-01-28,train,16,0
1050752,2015-01-28,train,1,0
1050752,2015-01-28,train,2,0
1050752,2015-01-28,train,3,1
1050752,2015-01-28,train,4,0
1050752,2015-01-28,train,5,0
1050752,2015-01-28,train,6,0
1050752,2015-01-28,train,7,0
1050752,2015-01-28,train,8,0
1050752,2015-01-28,train,9,0
1050752,2015-01-28,train,10,0
1050752,2015-01-28,train,11,0
1050752,2015-01-28,train,12,0
1050752,2015-01-28,train,13,1
1050752,2015-01-28,train,14,0
1050752,2015-01-28,train,15,0
1050752,2015-01-28,train,16,0
1050753,2015-01-28,train,1,0
1050753,2015-01-28,train,2,0
1050753,2015-01-28,train,3,1
1050753,2015-01-28,train,4,0
1050753,2015-01-28,train,5,0
1050753,2015-01-28,train,6,0
1050753,2015-01-28,train,7,0
1050753,2015-01-28,train,8,0
1050753,2015-01-28,train,9,0
1050753,2015-01-28,train,10,0
1050753,2015-01-28,train,11,0
1050753,2015-01-28,train,12,0
1050753,2015-01-28,train,13,0
1050753,2015-01-28,train,14,0
1050753,2015-01-28,train,15,0
1050753,2015-01-28,train,16,0
1050754,2015-01-28,train,1,0
1050754,2015-01-28,train,2,0
1050754,2015-01-28,train,3,1
1050754,2015-01-28,train,4,0
1050754,2015-01-28,train,5,0
1050754,2015-01-28,train,6,0
1050754,2015-01-28,train,7,0
1050754,2015-01-28,train,8,0
1050754,2015-01-28,train,9,0
1050754,2015-01-28,train,10,0
1050754,2015-01-28,train,11,0
1050754,2015-01-28,train,12,0
1050754,2015-01-28,train,13,0
1050754,2015-01-28,train,14,0
1050754,2015-01-28,train,15,0
1050754,2015-01-28,train,16,0
1050755,2015-01-28,train,1,0
1050755,2015-01-28,train,2,0
1050755,2015-01-28,train,3,1
1050755,2015-01-28,train,4,0
1050755,2015-01-28,train,5,0
1050755,2015-01-28,train,6,0
1050755,2015-01-28,train,7,0
1050755,2015-01-28,train,8,0
1050755,2015-01-28,train,9,0
1050755,2015-01-28,train,10,0
1050755,2015-01-28,train,11,0
1050755,2015-01-28,train,12,0
1050755,2015-01-28,train,13,0
1050755,2015-01-28,train,14,0
1050755,2015-01-28,train,15,0
1050755,2015-01-28,train,16,0
1050756,2015-01-28,train,1,0
1050756,2015-01-28,train,2,0
1050756,2015-01-28,train,3,1
1050756,2015-01-28,train,4,0
1050756,2015-01-28,train,5,0
1050756,2015-01-28,train,6,0
1050756,2015-01-28,train,7,0
1050756,2015-01-28,train,8,0
1050756,2015-01-28,train,9,0
1050756,2015-01-28,train,10,0
1050756,2015-01-28,train,11,0
1050756,2015-01-28,train,12,0
1050756,2015-01-28,train,13,0
1050756,2015-01-28,train,14,0
1050756,2015-01-28,train,15,0
1050756,2015-01-28,train,16,0
1050757,2015-01-28,train,1,0
1050757,2015-01-28,train,2,0
1050757,2015-01-28,train,3,1
1050757,2015-01-28,train,4,0
1050757,2015-01-28,train,5,0
1050757,2015-01-28,train,6,0
1050757,2015-01-28,train,7,0
1050757,2015-01-28,train,8,0
1050757,2015-01-28,train,9,0
1050757,2015-01-28,train,10,0
1050757,2015-01-28,train,11,0
1050757,2015-01-28,train,12,0
1050757,2015-01-28,train,13,0
1050757,2015-01-28,train,14,0
1050757,2015-01-28,train,15,0
1050757,2015-01-28,train,16,0
1050758,2015-01-28,train,1,0
1050758,2015-01-28,train,2,0
1050758,2015-01-28,train,3,1
1050758,2015-01-28,train,4,0
1050758,2015-01-28,train,5,0
1050758,2015-01-28,train,6,0
1050758,2015-01-28,train,7,0
1050758,2015-01-28,train,8,0
1050758,2015-01-28,train,9,0
1050758,2015-01-28,train,10,0
1050758,2015-01-28,train,11,0
1050758,2015-01-28,train,12,0
1050758,2015-01-28,train,13,0
1050758,2015-01-28,train,14,0
1050758,2015-01-28,train,15,0
1050758,2015-01-28,train,16,0
1050759,2015-01-28,train,1,0
1050759,2015-01-28,train,2,0
1050759,2015-01-28,train,3,1
1050759,2015-01-28,train,4,0
1050759,2015-01-28,train,5,0
1050759,2015-01-28,train,6,0
1050759,2015-01-28,train,7,0
1050759,2015-01-28,train,8,0
1050759,2015-01-28,train,9,0
1050759,2015-01-28,train,10,0
1050759,2015-01-28,train,11,0
1050759,2015-01-28,train,12,0
1050759,2015-01-28,train,13,0
1050759,2015-01-28,train,14,0
1050759,2015-01-28,train,15,0
1050759,2015-01-28,train,16,0
1050760,2015-01-28,train,1,0
1050760,2015-01-28,train,2,0
1050760,2015-01-28,train,3,1
1050760,2015-01-28,train,4,0
1050760,2015-01-28,train,5,0
1050760,2015-01-28,train,6,0
1050760,2015-01-28,train,7,0
1050760,2015-01-28,train,8,0
1050760,2015-01-28,train,9,0
1050760,2015-01-28,train,10,0
1050760,2015-01-28,train,11,0
1050760,2015-01-28,train,12,0
1050760,2015-01-28,train,13,0
1050760,2015-01-28,train,14,0
1050760,2015-01-28,train,15,0
1050760,2015-01-28,train,16,0
1050762,2015-01-28,train,1,0
1050762,2015-01-28,train,2,0
1050762,2015-01-28,train,3,1
1050762,2015-01-28,train,4,0
1050762,2015-01-28,train,5,0
1050762,2015-01-28,train,6,0
1050762,2015-01-28,train,7,0
1050762,2015-01-28,train,8,0
1050762,2015-01-28,train,9,0
1050762,2015-01-28,train,10,0
1050762,2015-01-28,train,11,0
1050762,2015-01-28,train,12,0
1050762,2015-01-28,train,13,0
1050762,2015-01-28,train,14,0
1050762,2015-01-28,train,15,0
1050762,2015-01-28,train,16,0
1050764,2015-01-28,train,1,0
1050764,2015-01-28,train,2,0
1050764,2015-01-28,train,3,1
1050764,2015-01-28,train,4,0
1050764,2015-01-28,train,5,0
1050764,2015-01-28,train,6,0
1050764,2015-01-28,train,7,0
1050764,2015-01-28,train,8,0
1050764,2015-01-28,train,9,0
1050764,2015-01-28,train,10,0
1050764,2015-01-28,train,11,0
1050764,2015-01-28,train,12,0
1050764,2015-01-28,train,13,0
1050764,2015-01-28,train,14,0
1050764,2015-01-28,train,15,0
1050764,2015-01-28,train,16,0
1050747,2015-01-28,train,1,0
1050747,2015-01-28,train,2,0
1050747,2015-01-28,train,3,1
1050747,2015-01-28,train,4,0
1050747,2015-01-28,train,5,0
1050747,2015-01-28,train,6,0
1050747,2015-01-28,train,7,0
1050747,2015-01-28,train,8,0
1050747,2015-01-28,train,9,0
1050747,2015-01-28,train,10,0
1050747,2015-01-28,train,11,0
1050747,2015-01-28,train,12,0
1050747,2015-01-28,train,13,0
1050747,2015-01-28,train,14,0
1050747,2015-01-28,train,15,0
1050747,2015-01-28,train,16,0
1050766,2015-01-28,train,1,0
1050766,2015-01-28,train,2,0
1050766,2015-01-28,train,3,1
1050766,2015-01-28,train,4,0
1050766,2015-01-28,train,5,0
1050766,2015-01-28,train,6,0
1050766,2015-01-28,train,7,0
1050766,2015-01-28,train,8,0
1050766,2015-01-28,train,9,0
1050766,2015-01-28,train,10,0
1050766,2015-01-28,train,11,0
1050766,2015-01-28,train,12,0
1050766,2015-01-28,train,13,0
1050766,2015-01-28,train,14,0
1050766,2015-01-28,train,15,0
1050766,2015-01-28,train,16,0
1050746,2015-01-28,train,1,0
1050746,2015-01-28,train,2,0
1050746,2015-01-28,train,3,1
1050746,2015-01-28,train,4,0
1050746,2015-01-28,train,5,0
1050746,2015-01-28,train,6,0
1050746,2015-01-28,train,7,0
1050746,2015-01-28,train,8,0
1050746,2015-01-28,train,9,0
1050746,2015-01-28,train,10,0
1050746,2015-01-28,train,11,0
1050746,2015-01-28,train,12,0
1050746,2015-01-28,train,13,0
1050746,2015-01-28,train,14,0
1050746,2015-01-28,train,15,0
1050746,2015-01-28,train,16,0
1050743,2015-01-28,train,1,0
1050743,2015-01-28,train,2,0
1050743,2015-01-28,train,3,1
1050743,2015-01-28,train,4,0
1050743,2015-01-28,train,5,0
1050743,2015-01-28,train,6,0
1050743,2015-01-28,train,7,0
1050743,2015-01-28,train,8,0
1050743,2015-01-28,train,9,0
1050743,2015-01-28,train,10,0
1050743,2015-01-28,train,11,0
1050743,2015-01-28,train,12,0
1050743,2015-01-28,train,13,0
1050743,2015-01-28,train,14,0
1050743,2015-01-28,train,15,0
1050743,2015-01-28,train,16,0
1050718,2015-01-28,train,1,0
1050718,2015-01-28,train,2,0
1050718,2015-01-28,train,3,1
1050718,2015-01-28,train,4,0
1050718,2015-01-28,train,5,0
1050718,2015-01-28,train,6,0
1050718,2015-01-28,train,7,0
1050718,2015-01-28,train,8,0
1050718,2015-01-28,train,9,0
1050718,2015-01-28,train,10,0
1050718,2015-01-28,train,11,0
1050718,2015-01-28,train,12,0
1050718,2015-01-28,train,13,0
1050718,2015-01-28,train,14,0
1050718,2015-01-28,train,15,0
1050718,2015-01-28,train,16,0
1050720,2015-01-28,train,1,0
1050720,2015-01-28,train,2,0
1050720,2015-01-28,train,3,1
1050720,2015-01-28,train,4,0
1050720,2015-01-28,train,5,0
1050720,2015-01-28,train,6,0
1050720,2015-01-28,train,7,0
1050720,2015-01-28,train,8,0
1050720,2015-01-28,train,9,0
1050720,2015-01-28,train,10,0
1050720,2015-01-28,train,11,0
1050720,2015-01-28,train,12,0
1050720,2015-01-28,train,13,0
1050720,2015-01-28,train,14,0
1050720,2015-01-28,train,15,0
1050720,2015-01-28,train,16,0
1050722,2015-01-28,train,1,0
1050722,2015-01-28,train,2,0
1050722,2015-01-28,train,3,1
1050722,2015-01-28,train,4,0
1050722,2015-01-28,train,5,0
1050722,2015-01-28,train,6,0
1050722,2015-01-28,train,7,0
1050722,2015-01-28,train,8,0
1050722,2015-01-28,train,9,0
1050722,2015-01-28,train,10,0
1050722,2015-01-28,train,11,0
1050722,2015-01-28,train,12,0
1050722,2015-01-28,train,13,0
1050722,2015-01-28,train,14,0
1050722,2015-01-28,train,15,0
1050722,2015-01-28,train,16,0
1050725,2015-01-28,train,1,0
1050725,2015-01-28,train,2,0
1050725,2015-01-28,train,3,1
1050725,2015-01-28,train,4,0
1050725,2015-01-28,train,5,0
1050725,2015-01-28,train,6,0
1050725,2015-01-28,train,7,0
1050725,2015-01-28,train,8,0
1050725,2015-01-28,train,9,0
1050725,2015-01-28,train,10,0
1050725,2015-01-28,train,11,0
1050725,2015-01-28,train,12,0
1050725,2015-01-28,train,13,0
1050725,2015-01-28,train,14,0
1050725,2015-01-28,train,15,0
1050725,2015-01-28,train,16,0
1050727,2015-01-28,train,1,0
1050727,2015-01-28,train,2,0
1050727,2015-01-28,train,3,1
1050727,2015-01-28,train,4,0
1050727,2015-01-28,train,5,0
1050727,2015-01-28,train,6,0
1050727,2015-01-28,train,7,0
1050727,2015-01-28,train,8,0
1050727,2015-01-28,train,9,0
1050727,2015-01-28,train,10,0
1050727,2015-01-28,train,11,0
1050727,2015-01-28,train,12,0
1050727,2015-01-28,train,13,0
1050727,2015-01-28,train,14,0
1050727,2015-01-28,train,15,0
1050727,2015-01-28,train,16,0
1050728,2015-01-28,train,1,0
1050728,2015-01-28,train,2,0
1050728,2015-01-28,train,3,1
1050728,2015-01-28,train,4,0
1050728,2015-01-28,train,5,0
1050728,2015-01-28,train,6,0
1050728,2015-01-28,train,7,0
1050728,2015-01-28,train,8,0
1050728,2015-01-28,train,9,0
1050728,2015-01-28,train,10,0
1050728,2015-01-28,train,11,0
1050728,2015-01-28,train,12,0
1050728,2015-01-28,train,13,0
1050728,2015-01-28,train,14,0
1050728,2015-01-28,train,15,0
1050728,2015-01-28,train,16,0
1050732,2015-01-28,train,1,0
1050732,2015-01-28,train,2,0
1050732,2015-01-28,train,3,1
1050732,2015-01-28,train,4,0
1050732,2015-01-28,train,5,0
1050732,2015-01-28,train,6,0
1050732,2015-01-28,train,7,0
1050732,2015-01-28,train,8,0
1050732,2015-01-28,train,9,0
1050732,2015-01-28,train,10,0
1050732,2015-01-28,train,11,0
1050732,2015-01-28,train,12,0
1050732,2015-01-28,train,13,0
1050732,2015-01-28,train,14,0
1050732,2015-01-28,train,15,0
1050732,2015-01-28,train,16,0
1050734,2015-01-28,train,1,0
1050734,2015-01-28,train,2,0
1050734,2015-01-28,train,3,1
1050734,2015-01-28,train,4,0
1050734,2015-01-28,train,5,0
1050734,2015-01-28,train,6,0
1050734,2015-01-28,train,7,0
1050734,2015-01-28,train,8,0
1050734,2015-01-28,train,9,0
1050734,2015-01-28,train,10,0
1050734,2015-01-28,train,11,0
1050734,2015-01-28,train,12,0
1050734,2015-01-28,train,13,0
1050734,2015-01-28,train,14,0
1050734,2015-01-28,train,15,0
1050734,2015-01-28,train,16,0
1050735,2015-01-28,train,1,0
1050735,2015-01-28,train,2,0
1050735,2015-01-28,train,3,1
1050735,2015-01-28,train,4,0
1050735,2015-01-28,train,5,0
1050735,2015-01-28,train,6,0
1050735,2015-01-28,train,7,0
1050735,2015-01-28,train,8,0
1050735,2015-01-28,train,9,0
1050735,2015-01-28,train,10,0
1050735,2015-01-28,train,11,0
1050735,2015-01-28,train,12,0
1050735,2015-01-28,train,13,0
1050735,2015-01-28,train,14,0
1050735,2015-01-28,train,15,0
1050735,2015-01-28,train,16,0
1050736,2015-01-28,train,1,0
1050736,2015-01-28,train,2,0
1050736,2015-01-28,train,3,1
1050736,2015-01-28,train,4,0
1050736,2015-01-28,train,5,0
1050736,2015-01-28,train,6,0
1050736,2015-01-28,train,7,0
1050736,2015-01-28,train,8,0
1050736,2015-01-28,train,9,0
1050736,2015-01-28,train,10,0
1050736,2015-01-28,train,11,0
1050736,2015-01-28,train,12,0
1050736,2015-01-28,train,13,0
1050736,2015-01-28,train,14,0
1050736,2015-01-28,train,15,0
1050736,2015-01-28,train,16,0
1050738,2015-01-28,train,1,0
1050738,2015-01-28,train,2,0
1050738,2015-01-28,train,3,1
1050738,2015-01-28,train,4,0
1050738,2015-01-28,train,5,0
1050738,2015-01-28,train,6,0
1050738,2015-01-28,train,7,0
1050738,2015-01-28,train,8,0
1050738,2015-01-28,train,9,0
1050738,2015-01-28,train,10,0
1050738,2015-01-28,train,11,0
1050738,2015-01-28,train,12,0
1050738,2015-01-28,train,13,0
1050738,2015-01-28,train,14,0
1050738,2015-01-28,train,15,0
1050738,2015-01-28,train,16,0
1050739,2015-01-28,train,1,0
1050739,2015-01-28,train,2,0
1050739,2015-01-28,train,3,1
1050739,2015-01-28,train,4,0
1050739,2015-01-28,train,5,0
1050739,2015-01-28,train,6,0
1050739,2015-01-28,train,7,0
1050739,2015-01-28,train,8,0
1050739,2015-01-28,train,9,0
1050739,2015-01-28,train,10,0
1050739,2015-01-28,train,11,0
1050739,2015-01-28,train,12,0
1050739,2015-01-28,train,13,0
1050739,2015-01-28,train,14,0
1050739,2015-01-28,train,15,0
1050739,2015-01-28,train,16,0
1050740,2015-01-28,train,1,0
1050740,2015-01-28,train,2,0
1050740,2015-01-28,train,3,1
1050740,2015-01-28,train,4,0
1050740,2015-01-28,train,5,0
1050740,2015-01-28,train,6,0
1050740,2015-01-28,train,7,0
1050740,2015-01-28,train,8,0
1050740,2015-01-28,train,9,0
1050740,2015-01-28,train,10,0
1050740,2015-01-28,train,11,0
1050740,2015-01-28,train,12,0
1050740,2015-01-28,train,13,0
1050740,2015-01-28,train,14,0
1050740,2015-01-28,train,15,0
1050740,2015-01-28,train,16,0
1050741,2015-01-28,train,1,0
1050741,2015-01-28,train,2,0
1050741,2015-01-28,train,3,1
1050741,2015-01-28,train,4,0
1050741,2015-01-28,train,5,0
1050741,2015-01-28,train,6,0
1050741,2015-01-28,train,7,0
1050741,2015-01-28,train,8,0
1050741,2015-01-28,train,9,0
1050741,2015-01-28,train,10,0
1050741,2015-01-28,train,11,0
1050741,2015-01-28,train,12,0
1050741,2015-01-28,train,13,0
1050741,2015-01-28,train,14,0
1050741,2015-01-28,train,15,0
1050741,2015-01-28,train,16,0
1050742,2015-01-28,train,1,0
1050742,2015-01-28,train,2,0
1050742,2015-01-28,train,3,1
1050742,2015-01-28,train,4,0
1050742,2015-01-28,train,5,0
1050742,2015-01-28,train,6,0
1050742,2015-01-28,train,7,0
1050742,2015-01-28,train,8,0
1050742,2015-01-28,train,9,0
1050742,2015-01-28,train,10,0
1050742,2015-01-28,train,11,0
1050742,2015-01-28,train,12,0
1050742,2015-01-28,train,13,0
1050742,2015-01-28,train,14,0
1050742,2015-01-28,train,15,0
1050742,2015-01-28,train,16,0
1050744,2015-01-28,train,1,0
1050744,2015-01-28,train,2,0
1050744,2015-01-28,train,3,1
1050744,2015-01-28,train,4,0
1050744,2015-01-28,train,5,0
1050744,2015-01-28,train,6,0
1050744,2015-01-28,train,7,0
1050744,2015-01-28,train,8,0
1050744,2015-01-28,train,9,0
1050744,2015-01-28,train,10,0
1050744,2015-01-28,train,11,0
1050744,2015-01-28,train,12,0
1050744,2015-01-28,train,13,0
1050744,2015-01-28,train,14,0
1050744,2015-01-28,train,15,0
1050744,2015-01-28,train,16,0
1050768,2015-01-28,train,1,0
1050768,2015-01-28,train,2,0
1050768,2015-01-28,train,3,1
1050768,2015-01-28,train,4,0
1050768,2015-01-28,train,5,0
1050768,2015-01-28,train,6,0
1050768,2015-01-28,train,7,0
1050768,2015-01-28,train,8,0
1050768,2015-01-28,train,9,0
1050768,2015-01-28,train,10,0
1050768,2015-01-28,train,11,0
1050768,2015-01-28,train,12,0
1050768,2015-01-28,train,13,0
1050768,2015-01-28,train,14,0
1050768,2015-01-28,train,15,0
1050768,2015-01-28,train,16,0
1050769,2015-01-28,train,1,0
1050769,2015-01-28,train,2,0
1050769,2015-01-28,train,3,1
1050769,2015-01-28,train,4,0
1050769,2015-01-28,train,5,0
1050769,2015-01-28,train,6,0
1050769,2015-01-28,train,7,0
1050769,2015-01-28,train,8,0
1050769,2015-01-28,train,9,0
1050769,2015-01-28,train,10,0
1050769,2015-01-28,train,11,0
1050769,2015-01-28,train,12,0
1050769,2015-01-28,train,13,0
1050769,2015-01-28,train,14,0
1050769,2015-01-28,train,15,0
1050769,2015-01-28,train,16,0
1050771,2015-01-28,train,1,0
1050771,2015-01-28,train,2,0
1050771,2015-01-28,train,3,1
1050771,2015-01-28,train,4,0
1050771,2015-01-28,train,5,0
1050771,2015-01-28,train,6,0
1050771,2015-01-28,train,7,0
1050771,2015-01-28,train,8,0
1050771,2015-01-28,train,9,0
1050771,2015-01-28,train,10,0
1050771,2015-01-28,train,11,0
1050771,2015-01-28,train,12,0
1050771,2015-01-28,train,13,1
1050771,2015-01-28,train,14,0
1050771,2015-01-28,train,15,0
1050771,2015-01-28,train,16,0
1050806,2015-01-28,train,1,0
1050806,2015-01-28,train,2,0
1050806,2015-01-28,train,3,1
1050806,2015-01-28,train,4,0
1050806,2015-01-28,train,5,0
1050806,2015-01-28,train,6,0
1050806,2015-01-28,train,7,0
1050806,2015-01-28,train,8,0
1050806,2015-01-28,train,9,0
1050806,2015-01-28,train,10,0
1050806,2015-01-28,train,11,0
1050806,2015-01-28,train,12,0
1050806,2015-01-28,train,13,0
1050806,2015-01-28,train,14,0
1050806,2015-01-28,train,15,0
1050806,2015-01-28,train,16,0
1050810,2015-01-28,train,1,0
1050810,2015-01-28,train,2,0
1050810,2015-01-28,train,3,1
1050810,2015-01-28,train,4,0
1050810,2015-01-28,train,5,0
1050810,2015-01-28,train,6,0
1050810,2015-01-28,train,7,0
1050810,2015-01-28,train,8,0
1050810,2015-01-28,train,9,0
1050810,2015-01-28,train,10,0
1050810,2015-01-28,train,11,0
1050810,2015-01-28,train,12,0
1050810,2015-01-28,train,13,0
1050810,2015-01-28,train,14,0
1050810,2015-01-28,train,15,0
1050810,2015-01-28,train,16,0
1050811,2015-01-28,train,1,0
1050811,2015-01-28,train,2,0
1050811,2015-01-28,train,3,1
1050811,2015-01-28,train,4,0
1050811,2015-01-28,train,5,0
1050811,2015-01-28,train,6,0
1050811,2015-01-28,train,7,0
1050811,2015-01-28,train,8,0
1050811,2015-01-28,train,9,0
1050811,2015-01-28,train,10,0
1050811,2015-01-28,train,11,0
1050811,2015-01-28,train,12,0
1050811,2015-01-28,train,13,0
1050811,2015-01-28,train,14,0
1050811,2015-01-28,train,15,0
1050811,2015-01-28,train,16,0
1050813,2015-01-28,train,1,0
1050813,2015-01-28,train,2,0
1050813,2015-01-28,train,3,1
1050813,2015-01-28,train,4,0
1050813,2015-01-28,train,5,0
1050813,2015-01-28,train,6,0
1050813,2015-01-28,train,7,0
1050813,2015-01-28,train,8,0
1050813,2015-01-28,train,9,0
1050813,2015-01-28,train,10,0
1050813,2015-01-28,train,11,0
1050813,2015-01-28,train,12,0
1050813,2015-01-28,train,13,0
1050813,2015-01-28,train,14,0
1050813,2015-01-28,train,15,0
1050813,2015-01-28,train,16,0
1050815,2015-01-28,train,1,0
1050815,2015-01-28,train,2,0
1050815,2015-01-28,train,3,1
1050815,2015-01-28,train,4,0
1050815,2015-01-28,train,5,0
1050815,2015-01-28,train,6,0
1050815,2015-01-28,train,7,0
1050815,2015-01-28,train,8,0
1050815,2015-01-28,train,9,0
1050815,2015-01-28,train,10,0
1050815,2015-01-28,train,11,0
1050815,2015-01-28,train,12,0
1050815,2015-01-28,train,13,0
1050815,2015-01-28,train,14,0
1050815,2015-01-28,train,15,0
1050815,2015-01-28,train,16,0
1050817,2015-01-28,train,1,0
1050817,2015-01-28,train,2,0
1050817,2015-01-28,train,3,1
1050817,2015-01-28,train,4,0
1050817,2015-01-28,train,5,0
1050817,2015-01-28,train,6,0
1050817,2015-01-28,train,7,0
1050817,2015-01-28,train,8,0
1050817,2015-01-28,train,9,0
1050817,2015-01-28,train,10,0
1050817,2015-01-28,train,11,0
1050817,2015-01-28,train,12,0
1050817,2015-01-28,train,13,0
1050817,2015-01-28,train,14,0
1050817,2015-01-28,train,15,0
1050817,2015-01-28,train,16,0
1050819,2015-01-28,train,1,0
1050819,2015-01-28,train,2,0
1050819,2015-01-28,train,3,1
1050819,2015-01-28,train,4,0
1050819,2015-01-28,train,5,0
1050819,2015-01-28,train,6,0
1050819,2015-01-28,train,7,0
1050819,2015-01-28,train,8,0
1050819,2015-01-28,train,9,0
1050819,2015-01-28,train,10,0
1050819,2015-01-28,train,11,0
1050819,2015-01-28,train,12,0
1050819,2015-01-28,train,13,0
1050819,2015-01-28,train,14,0
1050819,2015-01-28,train,15,0
1050819,2015-01-28,train,16,0
1050820,2015-01-28,train,1,0
1050820,2015-01-28,train,2,0
1050820,2015-01-28,train,3,1
1050820,2015-01-28,train,4,0
1050820,2015-01-28,train,5,0
1050820,2015-01-28,train,6,0
1050820,2015-01-28,train,7,0
1050820,2015-01-28,train,8,0
1050820,2015-01-28,train,9,0
1050820,2015-01-28,train,10,0
1050820,2015-01-28,train,11,0
1050820,2015-01-28,train,12,0
1050820,2015-01-28,train,13,0
1050820,2015-01-28,train,14,0
1050820,2015-01-28,train,15,0
1050820,2015-01-28,train,16,0
1050822,2015-01-28,train,1,0
1050822,2015-01-28,train,2,0
1050822,2015-01-28,train,3,1
1050822,2015-01-28,train,4,0
1050822,2015-01-28,train,5,0
1050822,2015-01-28,train,6,0
1050822,2015-01-28,train,7,0
1050822,2015-01-28,train,8,0
1050822,2015-01-28,train,9,0
1050822,2015-01-28,train,10,0
1050822,2015-01-28,train,11,0
1050822,2015-01-28,train,12,0
1050822,2015-01-28,train,13,0
1050822,2015-01-28,train,14,0
1050822,2015-01-28,train,15,0
1050822,2015-01-28,train,16,0
1050824,2015-01-28,train,1,0
1050824,2015-01-28,train,2,0
1050824,2015-01-28,train,3,1
1050824,2015-01-28,train,4,0
1050824,2015-01-28,train,5,0
1050824,2015-01-28,train,6,0
1050824,2015-01-28,train,7,0
1050824,2015-01-28,train,8,0
1050824,2015-01-28,train,9,0
1050824,2015-01-28,train,10,0
1050824,2015-01-28,train,11,0
1050824,2015-01-28,train,12,0
1050824,2015-01-28,train,13,0
1050824,2015-01-28,train,14,0
1050824,2015-01-28,train,15,0
1050824,2015-01-28,train,16,0
1050825,2015-01-28,train,1,0
1050825,2015-01-28,train,2,0
1050825,2015-01-28,train,3,1
1050825,2015-01-28,train,4,0
1050825,2015-01-28,train,5,0
1050825,2015-01-28,train,6,0
1050825,2015-01-28,train,7,0
1050825,2015-01-28,train,8,0
1050825,2015-01-28,train,9,0
1050825,2015-01-28,train,10,0
1050825,2015-01-28,train,11,0
1050825,2015-01-28,train,12,0
1050825,2015-01-28,train,13,0
1050825,2015-01-28,train,14,0
1050825,2015-01-28,train,15,0
1050825,2015-01-28,train,16,0
1050829,2015-01-28,train,1,0
1050829,2015-01-28,train,2,0
1050829,2015-01-28,train,3,1
1050829,2015-01-28,train,4,0
1050829,2015-01-28,train,5,0
1050829,2015-01-28,train,6,0
1050829,2015-01-28,train,7,0
1050829,2015-01-28,train,8,0
1050829,2015-01-28,train,9,0
1050829,2015-01-28,train,10,0
1050829,2015-01-28,train,11,0
1050829,2015-01-28,train,12,0
1050829,2015-01-28,train,13,0
1050829,2015-01-28,train,14,0
1050829,2015-01-28,train,15,0
1050829,2015-01-28,train,16,0
1050830,2015-01-28,train,1,0
1050830,2015-01-28,train,2,0
1050830,2015-01-28,train,3,1
1050830,2015-01-28,train,4,0
1050830,2015-01-28,train,5,0
1050830,2015-01-28,train,6,0
1050830,2015-01-28,train,7,0
1050830,2015-01-28,train,8,0
1050830,2015-01-28,train,9,0
1050830,2015-01-28,train,10,0
1050830,2015-01-28,train,11,0
1050830,2015-01-28,train,12,0
1050830,2015-01-28,train,13,0
1050830,2015-01-28,train,14,0
1050830,2015-01-28,train,15,0
1050830,2015-01-28,train,16,0
1050832,2015-01-28,train,1,0
1050832,2015-01-28,train,2,0
1050832,2015-01-28,train,3,1
1050832,2015-01-28,train,4,0
1050832,2015-01-28,train,5,0
1050832,2015-01-28,train,6,0
1050832,2015-01-28,train,7,0
1050832,2015-01-28,train,8,0
1050832,2015-01-28,train,9,0
1050832,2015-01-28,train,10,0
1050832,2015-01-28,train,11,0
1050832,2015-01-28,train,12,0
1050832,2015-01-28,train,13,0
1050832,2015-01-28,train,14,0
1050832,2015-01-28,train,15,0
1050832,2015-01-28,train,16,0
1050833,2015-01-28,train,1,0
1050833,2015-01-28,train,2,0
1050833,2015-01-28,train,3,1
1050833,2015-01-28,train,4,0
1050833,2015-01-28,train,5,0
1050833,2015-01-28,train,6,0
1050833,2015-01-28,train,7,0
1050833,2015-01-28,train,8,0
1050833,2015-01-28,train,9,0
1050833,2015-01-28,train,10,0
1050833,2015-01-28,train,11,0
1050833,2015-01-28,train,12,0
1050833,2015-01-28,train,13,0
1050833,2015-01-28,train,14,0
1050833,2015-01-28,train,15,0
1050833,2015-01-28,train,16,0
1050804,2015-01-28,train,1,0
1050804,2015-01-28,train,2,0
1050804,2015-01-28,train,3,1
1050804,2015-01-28,train,4,0
1050804,2015-01-28,train,5,0
1050804,2015-01-28,train,6,0
1050804,2015-01-28,train,7,0
1050804,2015-01-28,train,8,0
1050804,2015-01-28,train,9,0
1050804,2015-01-28,train,10,0
1050804,2015-01-28,train,11,0
1050804,2015-01-28,train,12,0
1050804,2015-01-28,train,13,0
1050804,2015-01-28,train,14,0
1050804,2015-01-28,train,15,0
1050804,2015-01-28,train,16,0
1050803,2015-01-28,train,1,0
1050803,2015-01-28,train,2,0
1050803,2015-01-28,train,3,1
1050803,2015-01-28,train,4,0
1050803,2015-01-28,train,5,0
1050803,2015-01-28,train,6,0
1050803,2015-01-28,train,7,0
1050803,2015-01-28,train,8,0
1050803,2015-01-28,train,9,0
1050803,2015-01-28,train,10,0
1050803,2015-01-28,train,11,0
1050803,2015-01-28,train,12,0
1050803,2015-01-28,train,13,0
1050803,2015-01-28,train,14,0
1050803,2015-01-28,train,15,0
1050803,2015-01-28,train,16,0
1050800,2015-01-28,train,1,0
1050800,2015-01-28,train,2,0
1050800,2015-01-28,train,3,1
1050800,2015-01-28,train,4,0
1050800,2015-01-28,train,5,0
1050800,2015-01-28,train,6,0
1050800,2015-01-28,train,7,0
1050800,2015-01-28,train,8,0
1050800,2015-01-28,train,9,0
1050800,2015-01-28,train,10,0
1050800,2015-01-28,train,11,0
1050800,2015-01-28,train,12,0
1050800,2015-01-28,train,13,0
1050800,2015-01-28,train,14,0
1050800,2015-01-28,train,15,0
1050800,2015-01-28,train,16,0
1050798,2015-01-28,train,1,0
1050798,2015-01-28,train,2,0
1050798,2015-01-28,train,3,1
1050798,2015-01-28,train,4,0
1050798,2015-01-28,train,5,0
1050798,2015-01-28,train,6,0
1050798,2015-01-28,train,7,0
1050798,2015-01-28,train,8,0
1050798,2015-01-28,train,9,0
1050798,2015-01-28,train,10,0
1050798,2015-01-28,train,11,0
1050798,2015-01-28,train,12,0
1050798,2015-01-28,train,13,0
1050798,2015-01-28,train,14,0
1050798,2015-01-28,train,15,0
1050798,2015-01-28,train,16,0
1050773,2015-01-28,train,1,0
1050773,2015-01-28,train,2,0
1050773,2015-01-28,train,3,1
1050773,2015-01-28,train,4,0
1050773,2015-01-28,train,5,0
1050773,2015-01-28,train,6,0
1050773,2015-01-28,train,7,0
1050773,2015-01-28,train,8,0
1050773,2015-01-28,train,9,0
1050773,2015-01-28,train,10,0
1050773,2015-01-28,train,11,0
1050773,2015-01-28,train,12,0
1050773,2015-01-28,train,13,0
1050773,2015-01-28,train,14,0
1050773,2015-01-28,train,15,0
1050773,2015-01-28,train,16,0
1050774,2015-01-28,train,1,0
1050774,2015-01-28,train,2,0
1050774,2015-01-28,train,3,1
1050774,2015-01-28,train,4,0
1050774,2015-01-28,train,5,0
1050774,2015-01-28,train,6,0
1050774,2015-01-28,train,7,0
1050774,2015-01-28,train,8,0
1050774,2015-01-28,train,9,0
1050774,2015-01-28,train,10,0
1050774,2015-01-28,train,11,0
1050774,2015-01-28,train,12,0
1050774,2015-01-28,train,13,0
1050774,2015-01-28,train,14,0
1050774,2015-01-28,train,15,0
1050774,2015-01-28,train,16,0
1050775,2015-01-28,train,1,0
1050775,2015-01-28,train,2,0
1050775,2015-01-28,train,3,1
1050775,2015-01-28,train,4,0
1050775,2015-01-28,train,5,0
1050775,2015-01-28,train,6,0
1050775,2015-01-28,train,7,0
1050775,2015-01-28,train,8,0
1050775,2015-01-28,train,9,0
1050775,2015-01-28,train,10,0
1050775,2015-01-28,train,11,0
1050775,2015-01-28,train,12,0
1050775,2015-01-28,train,13,0
1050775,2015-01-28,train,14,0
1050775,2015-01-28,train,15,0
1050775,2015-01-28,train,16,0
1050778,2015-01-28,train,1,0
1050778,2015-01-28,train,2,0
1050778,2015-01-28,train,3,1
1050778,2015-01-28,train,4,0
1050778,2015-01-28,train,5,0
1050778,2015-01-28,train,6,0
1050778,2015-01-28,train,7,0
1050778,2015-01-28,train,8,0
1050778,2015-01-28,train,9,0
1050778,2015-01-28,train,10,0
1050778,2015-01-28,train,11,0
1050778,2015-01-28,train,12,0
1050778,2015-01-28,train,13,0
1050778,2015-01-28,train,14,0
1050778,2015-01-28,train,15,0
1050778,2015-01-28,train,16,0
1050779,2015-01-28,train,1,0
1050779,2015-01-28,train,2,0
1050779,2015-01-28,train,3,1
1050779,2015-01-28,train,4,0
1050779,2015-01-28,train,5,0
1050779,2015-01-28,train,6,0
1050779,2015-01-28,train,7,0
1050779,2015-01-28,train,8,0
1050779,2015-01-28,train,9,0
1050779,2015-01-28,train,10,0
1050779,2015-01-28,train,11,0
1050779,2015-01-28,train,12,0
1050779,2015-01-28,train,13,0
1050779,2015-01-28,train,14,0
1050779,2015-01-28,train,15,0
1050779,2015-01-28,train,16,0
1050781,2015-01-28,train,1,0
1050781,2015-01-28,train,2,0
1050781,2015-01-28,train,3,1
1050781,2015-01-28,train,4,0
1050781,2015-01-28,train,5,0
1050781,2015-01-28,train,6,0
1050781,2015-01-28,train,7,0
1050781,2015-01-28,train,8,0
1050781,2015-01-28,train,9,0
1050781,2015-01-28,train,10,0
1050781,2015-01-28,train,11,0
1050781,2015-01-28,train,12,0
1050781,2015-01-28,train,13,0
1050781,2015-01-28,train,14,0
1050781,2015-01-28,train,15,0
1050781,2015-01-28,train,16,0
1050784,2015-01-28,train,1,0
1050784,2015-01-28,train,2,0
1050784,2015-01-28,train,3,1
1050784,2015-01-28,train,4,0
1050784,2015-01-28,train,5,0
1050784,2015-01-28,train,6,0
1050784,2015-01-28,train,7,0
1050784,2015-01-28,train,8,0
1050784,2015-01-28,train,9,0
1050784,2015-01-28,train,10,0
1050784,2015-01-28,train,11,0
1050784,2015-01-28,train,12,0
1050784,2015-01-28,train,13,0
1050784,2015-01-28,train,14,0
1050784,2015-01-28,train,15,0
1050784,2015-01-28,train,16,0
1050486,2015-01-28,train,1,0
1050486,2015-01-28,train,2,0
1050486,2015-01-28,train,3,1
1050486,2015-01-28,train,4,0
1050486,2015-01-28,train,5,0
1050486,2015-01-28,train,6,0
1050486,2015-01-28,train,7,0
1050486,2015-01-28,train,8,0
1050486,2015-01-28,train,9,0
1050486,2015-01-28,train,10,0
1050486,2015-01-28,train,11,0
1050486,2015-01-28,train,12,0
1050486,2015-01-28,train,13,0
1050486,2015-01-28,train,14,0
1050486,2015-01-28,train,15,0
1050486,2015-01-28,train,16,0
1050786,2015-01-28,train,1,0
1050786,2015-01-28,train,2,0
1050786,2015-01-28,train,3,1
1050786,2015-01-28,train,4,0
1050786,2015-01-28,train,5,0
1050786,2015-01-28,train,6,0
1050786,2015-01-28,train,7,0
1050786,2015-01-28,train,8,0
1050786,2015-01-28,train,9,0
1050786,2015-01-28,train,10,0
1050786,2015-01-28,train,11,0
1050786,2015-01-28,train,12,0
1050786,2015-01-28,train,13,0
1050786,2015-01-28,train,14,0
1050786,2015-01-28,train,15,0
1050786,2015-01-28,train,16,0
1050788,2015-01-28,train,1,0
1050788,2015-01-28,train,2,0
1050788,2015-01-28,train,3,1
1050788,2015-01-28,train,4,0
1050788,2015-01-28,train,5,0
1050788,2015-01-28,train,6,0
1050788,2015-01-28,train,7,0
1050788,2015-01-28,train,8,0
1050788,2015-01-28,train,9,0
1050788,2015-01-28,train,10,0
1050788,2015-01-28,train,11,0
1050788,2015-01-28,train,12,0
1050788,2015-01-28,train,13,0
1050788,2015-01-28,train,14,0
1050788,2015-01-28,train,15,0
1050788,2015-01-28,train,16,0
1050790,2015-01-28,train,1,0
1050790,2015-01-28,train,2,0
1050790,2015-01-28,train,3,1
1050790,2015-01-28,train,4,0
1050790,2015-01-28,train,5,0
1050790,2015-01-28,train,6,0
1050790,2015-01-28,train,7,0
1050790,2015-01-28,train,8,0
1050790,2015-01-28,train,9,0
1050790,2015-01-28,train,10,0
1050790,2015-01-28,train,11,0
1050790,2015-01-28,train,12,0
1050790,2015-01-28,train,13,0
1050790,2015-01-28,train,14,0
1050790,2015-01-28,train,15,0
1050790,2015-01-28,train,16,0
1050791,2015-01-28,train,1,0
1050791,2015-01-28,train,2,0
1050791,2015-01-28,train,3,1
1050791,2015-01-28,train,4,0
1050791,2015-01-28,train,5,0
1050791,2015-01-28,train,6,0
1050791,2015-01-28,train,7,0
1050791,2015-01-28,train,8,0
1050791,2015-01-28,train,9,0
1050791,2015-01-28,train,10,0
1050791,2015-01-28,train,11,0
1050791,2015-01-28,train,12,0
1050791,2015-01-28,train,13,0
1050791,2015-01-28,train,14,0
1050791,2015-01-28,train,15,0
1050791,2015-01-28,train,16,0
1050793,2015-01-28,train,1,0
1050793,2015-01-28,train,2,0
1050793,2015-01-28,train,3,1
1050793,2015-01-28,train,4,0
1050793,2015-01-28,train,5,0
1050793,2015-01-28,train,6,0
1050793,2015-01-28,train,7,0
1050793,2015-01-28,train,8,0
1050793,2015-01-28,train,9,0
1050793,2015-01-28,train,10,0
1050793,2015-01-28,train,11,0
1050793,2015-01-28,train,12,0
1050793,2015-01-28,train,13,0
1050793,2015-01-28,train,14,0
1050793,2015-01-28,train,15,0
1050793,2015-01-28,train,16,0
1050794,2015-01-28,train,1,0
1050794,2015-01-28,train,2,0
1050794,2015-01-28,train,3,1
1050794,2015-01-28,train,4,0
1050794,2015-01-28,train,5,0
1050794,2015-01-28,train,6,0
1050794,2015-01-28,train,7,0
1050794,2015-01-28,train,8,0
1050794,2015-01-28,train,9,0
1050794,2015-01-28,train,10,0
1050794,2015-01-28,train,11,0
1050794,2015-01-28,train,12,0
1050794,2015-01-28,train,13,0
1050794,2015-01-28,train,14,0
1050794,2015-01-28,train,15,0
1050794,2015-01-28,train,16,0
1050796,2015-01-28,train,1,0
1050796,2015-01-28,train,2,0
1050796,2015-01-28,train,3,1
1050796,2015-01-28,train,4,0
1050796,2015-01-28,train,5,0
1050796,2015-01-28,train,6,0
1050796,2015-01-28,train,7,0
1050796,2015-01-28,train,8,0
1050796,2015-01-28,train,9,0
1050796,2015-01-28,train,10,0
1050796,2015-01-28,train,11,0
1050796,2015-01-28,train,12,0
1050796,2015-01-28,train,13,0
1050796,2015-01-28,train,14,0
1050796,2015-01-28,train,15,0
1050796,2015-01-28,train,16,0
1050797,2015-01-28,train,1,0
1050797,2015-01-28,train,2,0
1050797,2015-01-28,train,3,1
1050797,2015-01-28,train,4,0
1050797,2015-01-28,train,5,0
1050797,2015-01-28,train,6,0
1050797,2015-01-28,train,7,0
1050797,2015-01-28,train,8,0
1050797,2015-01-28,train,9,0
1050797,2015-01-28,train,10,0
1050797,2015-01-28,train,11,0
1050797,2015-01-28,train,12,0
1050797,2015-01-28,train,13,0
1050797,2015-01-28,train,14,0
1050797,2015-01-28,train,15,0
1050797,2015-01-28,train,16,0
1050787,2015-01-28,train,1,0
1050787,2015-01-28,train,2,0
1050787,2015-01-28,train,3,1
1050787,2015-01-28,train,4,0
1050787,2015-01-28,train,5,0
1050787,2015-01-28,train,6,0
1050787,2015-01-28,train,7,0
1050787,2015-01-28,train,8,0
1050787,2015-01-28,train,9,0
1050787,2015-01-28,train,10,0
1050787,2015-01-28,train,11,0
1050787,2015-01-28,train,12,0
1050787,2015-01-28,train,13,0
1050787,2015-01-28,train,14,0
1050787,2015-01-28,train,15,0
1050787,2015-01-28,train,16,0
1050946,2015-01-28,train,1,0
1050946,2015-01-28,train,2,0
1050946,2015-01-28,train,3,1
1050946,2015-01-28,train,4,0
1050946,2015-01-28,train,5,0
1050946,2015-01-28,train,6,0
1050946,2015-01-28,train,7,0
1050946,2015-01-28,train,8,0
1050946,2015-01-28,train,9,0
1050946,2015-01-28,train,10,0
1050946,2015-01-28,train,11,0
1050946,2015-01-28,train,12,0
1050946,2015-01-28,train,13,0
1050946,2015-01-28,train,14,0
1050946,2015-01-28,train,15,0
1050946,2015-01-28,train,16,0
1050485,2015-01-28,train,1,0
1050485,2015-01-28,train,2,0
1050485,2015-01-28,train,3,1
1050485,2015-01-28,train,4,0
1050485,2015-01-28,train,5,0
1050485,2015-01-28,train,6,0
1050485,2015-01-28,train,7,0
1050485,2015-01-28,train,8,0
1050485,2015-01-28,train,9,0
1050485,2015-01-28,train,10,0
1050485,2015-01-28,train,11,0
1050485,2015-01-28,train,12,0
1050485,2015-01-28,train,13,0
1050485,2015-01-28,train,14,0
1050485,2015-01-28,train,15,0
1050485,2015-01-28,train,16,0
1050481,2015-01-28,train,1,0
1050481,2015-01-28,train,2,0
1050481,2015-01-28,train,3,1
1050481,2015-01-28,train,4,0
1050481,2015-01-28,train,5,0
1050481,2015-01-28,train,6,0
1050481,2015-01-28,train,7,0
1050481,2015-01-28,train,8,0
1050481,2015-01-28,train,9,0
1050481,2015-01-28,train,10,0
1050481,2015-01-28,train,11,0
1050481,2015-01-28,train,12,0
1050481,2015-01-28,train,13,0
1050481,2015-01-28,train,14,0
1050481,2015-01-28,train,15,0
1050481,2015-01-28,train,16,0
1050227,2015-01-28,train,1,0
1050227,2015-01-28,train,2,0
1050227,2015-01-28,train,3,1
1050227,2015-01-28,train,4,0
1050227,2015-01-28,train,5,0
1050227,2015-01-28,train,6,0
1050227,2015-01-28,train,7,0
1050227,2015-01-28,train,8,0
1050227,2015-01-28,train,9,0
1050227,2015-01-28,train,10,0
1050227,2015-01-28,train,11,0
1050227,2015-01-28,train,12,0
1050227,2015-01-28,train,13,0
1050227,2015-01-28,train,14,0
1050227,2015-01-28,train,15,0
1050227,2015-01-28,train,16,0
1050228,2015-01-28,train,1,0
1050228,2015-01-28,train,2,0
1050228,2015-01-28,train,3,1
1050228,2015-01-28,train,4,0
1050228,2015-01-28,train,5,0
1050228,2015-01-28,train,6,0
1050228,2015-01-28,train,7,0
1050228,2015-01-28,train,8,0
1050228,2015-01-28,train,9,0
1050228,2015-01-28,train,10,0
1050228,2015-01-28,train,11,0
1050228,2015-01-28,train,12,0
1050228,2015-01-28,train,13,0
1050228,2015-01-28,train,14,0
1050228,2015-01-28,train,15,0
1050228,2015-01-28,train,16,0
1050229,2015-01-28,train,1,0
1050229,2015-01-28,train,2,0
1050229,2015-01-28,train,3,1
1050229,2015-01-28,train,4,0
1050229,2015-01-28,train,5,0
1050229,2015-01-28,train,6,0
1050229,2015-01-28,train,7,0
1050229,2015-01-28,train,8,0
1050229,2015-01-28,train,9,0
1050229,2015-01-28,train,10,0
1050229,2015-01-28,train,11,0
1050229,2015-01-28,train,12,0
1050229,2015-01-28,train,13,0
1050229,2015-01-28,train,14,0
1050229,2015-01-28,train,15,0
1050229,2015-01-28,train,16,0
1050230,2015-01-28,train,1,0
1050230,2015-01-28,train,2,0
1050230,2015-01-28,train,3,1
1050230,2015-01-28,train,4,0
1050230,2015-01-28,train,5,0
1050230,2015-01-28,train,6,0
1050230,2015-01-28,train,7,0
1050230,2015-01-28,train,8,0
1050230,2015-01-28,train,9,0
1050230,2015-01-28,train,10,0
1050230,2015-01-28,train,11,0
1050230,2015-01-28,train,12,0
1050230,2015-01-28,train,13,0
1050230,2015-01-28,train,14,0
1050230,2015-01-28,train,15,0
1050230,2015-01-28,train,16,0
1050231,2015-01-28,train,1,0
1050231,2015-01-28,train,2,0
1050231,2015-01-28,train,3,1
1050231,2015-01-28,train,4,0
1050231,2015-01-28,train,5,0
1050231,2015-01-28,train,6,0
1050231,2015-01-28,train,7,0
1050231,2015-01-28,train,8,0
1050231,2015-01-28,train,9,0
1050231,2015-01-28,train,10,0
1050231,2015-01-28,train,11,0
1050231,2015-01-28,train,12,0
1050231,2015-01-28,train,13,0
1050231,2015-01-28,train,14,0
1050231,2015-01-28,train,15,0
1050231,2015-01-28,train,16,0
1050233,2015-01-28,train,1,0
1050233,2015-01-28,train,2,0
1050233,2015-01-28,train,3,1
1050233,2015-01-28,train,4,0
1050233,2015-01-28,train,5,0
1050233,2015-01-28,train,6,0
1050233,2015-01-28,train,7,0
1050233,2015-01-28,train,8,0
1050233,2015-01-28,train,9,0
1050233,2015-01-28,train,10,0
1050233,2015-01-28,train,11,0
1050233,2015-01-28,train,12,0
1050233,2015-01-28,train,13,0
1050233,2015-01-28,train,14,0
1050233,2015-01-28,train,15,0
1050233,2015-01-28,train,16,0
1050234,2015-01-28,train,1,0
1050234,2015-01-28,train,2,0
1050234,2015-01-28,train,3,1
1050234,2015-01-28,train,4,0
1050234,2015-01-28,train,5,0
1050234,2015-01-28,train,6,0
1050234,2015-01-28,train,7,0
1050234,2015-01-28,train,8,0
1050234,2015-01-28,train,9,0
1050234,2015-01-28,train,10,0
1050234,2015-01-28,train,11,0
1050234,2015-01-28,train,12,0
1050234,2015-01-28,train,13,0
1050234,2015-01-28,train,14,0
1050234,2015-01-28,train,15,0
1050234,2015-01-28,train,16,0
1050235,2015-01-28,train,1,0
1050235,2015-01-28,train,2,0
1050235,2015-01-28,train,3,1
1050235,2015-01-28,train,4,0
1050235,2015-01-28,train,5,0
1050235,2015-01-28,train,6,0
1050235,2015-01-28,train,7,0
1050235,2015-01-28,train,8,0
1050235,2015-01-28,train,9,0
1050235,2015-01-28,train,10,0
1050235,2015-01-28,train,11,0
1050235,2015-01-28,train,12,0
1050235,2015-01-28,train,13,0
1050235,2015-01-28,train,14,0
1050235,2015-01-28,train,15,0
1050235,2015-01-28,train,16,0
1050238,2015-01-28,train,1,0
1050238,2015-01-28,train,2,0
1050238,2015-01-28,train,3,1
1050238,2015-01-28,train,4,0
1050238,2015-01-28,train,5,0
1050238,2015-01-28,train,6,0
1050238,2015-01-28,train,7,0
1050238,2015-01-28,train,8,0
1050238,2015-01-28,train,9,0
1050238,2015-01-28,train,10,0
1050238,2015-01-28,train,11,0
1050238,2015-01-28,train,12,0
1050238,2015-01-28,train,13,0
1050238,2015-01-28,train,14,0
1050238,2015-01-28,train,15,0
1050238,2015-01-28,train,16,0
1050239,2015-01-28,train,1,0
1050239,2015-01-28,train,2,0
1050239,2015-01-28,train,3,1
1050239,2015-01-28,train,4,0
1050239,2015-01-28,train,5,0
1050239,2015-01-28,train,6,0
1050239,2015-01-28,train,7,0
1050239,2015-01-28,train,8,0
1050239,2015-01-28,train,9,0
1050239,2015-01-28,train,10,0
1050239,2015-01-28,train,11,0
1050239,2015-01-28,train,12,0
1050239,2015-01-28,train,13,0
1050239,2015-01-28,train,14,0
1050239,2015-01-28,train,15,0
1050239,2015-01-28,train,16,0
1050240,2015-01-28,train,1,0
1050240,2015-01-28,train,2,0
1050240,2015-01-28,train,3,1
1050240,2015-01-28,train,4,0
1050240,2015-01-28,train,5,0
1050240,2015-01-28,train,6,0
1050240,2015-01-28,train,7,0
1050240,2015-01-28,train,8,0
1050240,2015-01-28,train,9,0
1050240,2015-01-28,train,10,0
1050240,2015-01-28,train,11,0
1050240,2015-01-28,train,12,0
1050240,2015-01-28,train,13,0
1050240,2015-01-28,train,14,0
1050240,2015-01-28,train,15,0
1050240,2015-01-28,train,16,0
1050242,2015-01-28,train,1,0
1050242,2015-01-28,train,2,0
1050242,2015-01-28,train,3,1
1050242,2015-01-28,train,4,0
1050242,2015-01-28,train,5,0
1050242,2015-01-28,train,6,0
1050242,2015-01-28,train,7,0
1050242,2015-01-28,train,8,0
1050242,2015-01-28,train,9,0
1050242,2015-01-28,train,10,0
1050242,2015-01-28,train,11,0
1050242,2015-01-28,train,12,0
1050242,2015-01-28,train,13,0
1050242,2015-01-28,train,14,0
1050242,2015-01-28,train,15,0
1050242,2015-01-28,train,16,0
1050243,2015-01-28,train,1,0
1050243,2015-01-28,train,2,0
1050243,2015-01-28,train,3,1
1050243,2015-01-28,train,4,0
1050243,2015-01-28,train,5,0
1050243,2015-01-28,train,6,0
1050243,2015-01-28,train,7,0
1050243,2015-01-28,train,8,0
1050243,2015-01-28,train,9,0
1050243,2015-01-28,train,10,0
1050243,2015-01-28,train,11,0
1050243,2015-01-28,train,12,0
1050243,2015-01-28,train,13,0
1050243,2015-01-28,train,14,0
1050243,2015-01-28,train,15,0
1050243,2015-01-28,train,16,0
1050244,2015-01-28,train,1,0
1050244,2015-01-28,train,2,0
1050244,2015-01-28,train,3,1
1050244,2015-01-28,train,4,0
1050244,2015-01-28,train,5,0
1050244,2015-01-28,train,6,0
1050244,2015-01-28,train,7,0
1050244,2015-01-28,train,8,0
1050244,2015-01-28,train,9,0
1050244,2015-01-28,train,10,0
1050244,2015-01-28,train,11,0
1050244,2015-01-28,train,12,0
1050244,2015-01-28,train,13,0
1050244,2015-01-28,train,14,0
1050244,2015-01-28,train,15,0
1050244,2015-01-28,train,16,0
1050245,2015-01-28,train,1,0
1050245,2015-01-28,train,2,0
1050245,2015-01-28,train,3,1
1050245,2015-01-28,train,4,0
1050245,2015-01-28,train,5,0
1050245,2015-01-28,train,6,0
1050245,2015-01-28,train,7,0
1050245,2015-01-28,train,8,0
1050245,2015-01-28,train,9,0
1050245,2015-01-28,train,10,0
1050245,2015-01-28,train,11,0
1050245,2015-01-28,train,12,0
1050245,2015-01-28,train,13,0
1050245,2015-01-28,train,14,0
1050245,2015-01-28,train,15,0
1050245,2015-01-28,train,16,0
1050226,2015-01-28,train,1,0
1050226,2015-01-28,train,2,0
1050226,2015-01-28,train,3,1
1050226,2015-01-28,train,4,0
1050226,2015-01-28,train,5,0
1050226,2015-01-28,train,6,0
1050226,2015-01-28,train,7,0
1050226,2015-01-28,train,8,0
1050226,2015-01-28,train,9,0
1050226,2015-01-28,train,10,0
1050226,2015-01-28,train,11,0
1050226,2015-01-28,train,12,0
1050226,2015-01-28,train,13,0
1050226,2015-01-28,train,14,0
1050226,2015-01-28,train,15,0
1050226,2015-01-28,train,16,0
1050246,2015-01-28,train,1,0
1050246,2015-01-28,train,2,0
1050246,2015-01-28,train,3,1
1050246,2015-01-28,train,4,0
1050246,2015-01-28,train,5,0
1050246,2015-01-28,train,6,0
1050246,2015-01-28,train,7,0
1050246,2015-01-28,train,8,0
1050246,2015-01-28,train,9,0
1050246,2015-01-28,train,10,0
1050246,2015-01-28,train,11,0
1050246,2015-01-28,train,12,0
1050246,2015-01-28,train,13,0
1050246,2015-01-28,train,14,0
1050246,2015-01-28,train,15,0
1050246,2015-01-28,train,16,0
1050225,2015-01-28,train,1,0
1050225,2015-01-28,train,2,0
1050225,2015-01-28,train,3,1
1050225,2015-01-28,train,4,0
1050225,2015-01-28,train,5,0
1050225,2015-01-28,train,6,0
1050225,2015-01-28,train,7,0
1050225,2015-01-28,train,8,0
1050225,2015-01-28,train,9,0
1050225,2015-01-28,train,10,0
1050225,2015-01-28,train,11,0
1050225,2015-01-28,train,12,0
1050225,2015-01-28,train,13,0
1050225,2015-01-28,train,14,0
1050225,2015-01-28,train,15,0
1050225,2015-01-28,train,16,0
1050223,2015-01-28,train,1,0
1050223,2015-01-28,train,2,0
1050223,2015-01-28,train,3,1
1050223,2015-01-28,train,4,0
1050223,2015-01-28,train,5,0
1050223,2015-01-28,train,6,0
1050223,2015-01-28,train,7,0
1050223,2015-01-28,train,8,0
1050223,2015-01-28,train,9,0
1050223,2015-01-28,train,10,0
1050223,2015-01-28,train,11,0
1050223,2015-01-28,train,12,0
1050223,2015-01-28,train,13,0
1050223,2015-01-28,train,14,0
1050223,2015-01-28,train,15,0
1050223,2015-01-28,train,16,0
1050204,2015-01-28,train,1,0
1050204,2015-01-28,train,2,0
1050204,2015-01-28,train,3,1
1050204,2015-01-28,train,4,0
1050204,2015-01-28,train,5,0
1050204,2015-01-28,train,6,0
1050204,2015-01-28,train,7,0
1050204,2015-01-28,train,8,0
1050204,2015-01-28,train,9,0
1050204,2015-01-28,train,10,0
1050204,2015-01-28,train,11,0
1050204,2015-01-28,train,12,0
1050204,2015-01-28,train,13,0
1050204,2015-01-28,train,14,0
1050204,2015-01-28,train,15,0
1050204,2015-01-28,train,16,0
1050207,2015-01-28,train,1,0
1050207,2015-01-28,train,2,0
1050207,2015-01-28,train,3,1
1050207,2015-01-28,train,4,0
1050207,2015-01-28,train,5,0
1050207,2015-01-28,train,6,0
1050207,2015-01-28,train,7,0
1050207,2015-01-28,train,8,0
1050207,2015-01-28,train,9,0
1050207,2015-01-28,train,10,0
1050207,2015-01-28,train,11,0
1050207,2015-01-28,train,12,0
1050207,2015-01-28,train,13,0
1050207,2015-01-28,train,14,0
1050207,2015-01-28,train,15,0
1050207,2015-01-28,train,16,0
1050208,2015-01-28,train,1,0
1050208,2015-01-28,train,2,0
1050208,2015-01-28,train,3,1
1050208,2015-01-28,train,4,0
1050208,2015-01-28,train,5,0
1050208,2015-01-28,train,6,0
1050208,2015-01-28,train,7,0
1050208,2015-01-28,train,8,0
1050208,2015-01-28,train,9,0
1050208,2015-01-28,train,10,0
1050208,2015-01-28,train,11,0
1050208,2015-01-28,train,12,0
1050208,2015-01-28,train,13,0
1050208,2015-01-28,train,14,0
1050208,2015-01-28,train,15,0
1050208,2015-01-28,train,16,0
1050209,2015-01-28,train,1,0
1050209,2015-01-28,train,2,0
1050209,2015-01-28,train,3,1
1050209,2015-01-28,train,4,0
1050209,2015-01-28,train,5,0
1050209,2015-01-28,train,6,0
1050209,2015-01-28,train,7,0
1050209,2015-01-28,train,8,0
1050209,2015-01-28,train,9,0
1050209,2015-01-28,train,10,0
1050209,2015-01-28,train,11,0
1050209,2015-01-28,train,12,0
1050209,2015-01-28,train,13,0
1050209,2015-01-28,train,14,0
1050209,2015-01-28,train,15,0
1050209,2015-01-28,train,16,0
1050210,2015-01-28,train,1,0
1050210,2015-01-28,train,2,0
1050210,2015-01-28,train,3,1
1050210,2015-01-28,train,4,0
1050210,2015-01-28,train,5,0
1050210,2015-01-28,train,6,0
1050210,2015-01-28,train,7,0
1050210,2015-01-28,train,8,0
1050210,2015-01-28,train,9,0
1050210,2015-01-28,train,10,0
1050210,2015-01-28,train,11,0
1050210,2015-01-28,train,12,0
1050210,2015-01-28,train,13,0
1050210,2015-01-28,train,14,0
1050210,2015-01-28,train,15,0
1050210,2015-01-28,train,16,0
1050211,2015-01-28,train,1,0
1050211,2015-01-28,train,2,0
1050211,2015-01-28,train,3,1
1050211,2015-01-28,train,4,0
1050211,2015-01-28,train,5,0
1050211,2015-01-28,train,6,0
1050211,2015-01-28,train,7,0
1050211,2015-01-28,train,8,0
1050211,2015-01-28,train,9,0
1050211,2015-01-28,train,10,0
1050211,2015-01-28,train,11,0
1050211,2015-01-28,train,12,0
1050211,2015-01-28,train,13,0
1050211,2015-01-28,train,14,0
1050211,2015-01-28,train,15,0
1050211,2015-01-28,train,16,0
1050213,2015-01-28,train,1,0
1050213,2015-01-28,train,2,0
1050213,2015-01-28,train,3,1
1050213,2015-01-28,train,4,0
1050213,2015-01-28,train,5,0
1050213,2015-01-28,train,6,0
1050213,2015-01-28,train,7,0
1050213,2015-01-28,train,8,0
1050213,2015-01-28,train,9,0
1050213,2015-01-28,train,10,0
1050213,2015-01-28,train,11,0
1050213,2015-01-28,train,12,0
1050213,2015-01-28,train,13,0
1050213,2015-01-28,train,14,0
1050213,2015-01-28,train,15,0
1050213,2015-01-28,train,16,0
1050214,2015-01-28,train,1,0
1050214,2015-01-28,train,2,0
1050214,2015-01-28,train,3,1
1050214,2015-01-28,train,4,0
1050214,2015-01-28,train,5,0
1050214,2015-01-28,train,6,0
1050214,2015-01-28,train,7,0
1050214,2015-01-28,train,8,0
1050214,2015-01-28,train,9,0
1050214,2015-01-28,train,10,0
1050214,2015-01-28,train,11,0
1050214,2015-01-28,train,12,0
1050214,2015-01-28,train,13,0
1050214,2015-01-28,train,14,0
1050214,2015-01-28,train,15,0
1050214,2015-01-28,train,16,0
1050215,2015-01-28,train,1,0
1050215,2015-01-28,train,2,0
1050215,2015-01-28,train,3,1
1050215,2015-01-28,train,4,0
1050215,2015-01-28,train,5,0
1050215,2015-01-28,train,6,0
1050215,2015-01-28,train,7,0
1050215,2015-01-28,train,8,0
1050215,2015-01-28,train,9,0
1050215,2015-01-28,train,10,0
1050215,2015-01-28,train,11,0
1050215,2015-01-28,train,12,0
1050215,2015-01-28,train,13,0
1050215,2015-01-28,train,14,0
1050215,2015-01-28,train,15,0
1050215,2015-01-28,train,16,0
1050216,2015-01-28,train,1,0
1050216,2015-01-28,train,2,0
1050216,2015-01-28,train,3,1
1050216,2015-01-28,train,4,0
1050216,2015-01-28,train,5,0
1050216,2015-01-28,train,6,0
1050216,2015-01-28,train,7,0
1050216,2015-01-28,train,8,0
1050216,2015-01-28,train,9,0
1050216,2015-01-28,train,10,0
1050216,2015-01-28,train,11,0
1050216,2015-01-28,train,12,0
1050216,2015-01-28,train,13,0
1050216,2015-01-28,train,14,0
1050216,2015-01-28,train,15,0
1050216,2015-01-28,train,16,0
1050217,2015-01-28,train,1,0
1050217,2015-01-28,train,2,0
1050217,2015-01-28,train,3,1
1050217,2015-01-28,train,4,0
1050217,2015-01-28,train,5,0
1050217,2015-01-28,train,6,0
1050217,2015-01-28,train,7,0
1050217,2015-01-28,train,8,0
1050217,2015-01-28,train,9,0
1050217,2015-01-28,train,10,0
1050217,2015-01-28,train,11,0
1050217,2015-01-28,train,12,0
1050217,2015-01-28,train,13,0
1050217,2015-01-28,train,14,0
1050217,2015-01-28,train,15,0
1050217,2015-01-28,train,16,0
1050218,2015-01-28,train,1,0
1050218,2015-01-28,train,2,0
1050218,2015-01-28,train,3,1
1050218,2015-01-28,train,4,0
1050218,2015-01-28,train,5,0
1050218,2015-01-28,train,6,0
1050218,2015-01-28,train,7,0
1050218,2015-01-28,train,8,0
1050218,2015-01-28,train,9,0
1050218,2015-01-28,train,10,0
1050218,2015-01-28,train,11,0
1050218,2015-01-28,train,12,0
1050218,2015-01-28,train,13,0
1050218,2015-01-28,train,14,0
1050218,2015-01-28,train,15,0
1050218,2015-01-28,train,16,0
1050219,2015-01-28,train,1,0
1050219,2015-01-28,train,2,0
1050219,2015-01-28,train,3,1
1050219,2015-01-28,train,4,0
1050219,2015-01-28,train,5,0
1050219,2015-01-28,train,6,0
1050219,2015-01-28,train,7,0
1050219,2015-01-28,train,8,0
1050219,2015-01-28,train,9,0
1050219,2015-01-28,train,10,0
1050219,2015-01-28,train,11,0
1050219,2015-01-28,train,12,0
1050219,2015-01-28,train,13,0
1050219,2015-01-28,train,14,0
1050219,2015-01-28,train,15,0
1050219,2015-01-28,train,16,0
1050220,2015-01-28,train,1,0
1050220,2015-01-28,train,2,0
1050220,2015-01-28,train,3,1
1050220,2015-01-28,train,4,0
1050220,2015-01-28,train,5,0
1050220,2015-01-28,train,6,0
1050220,2015-01-28,train,7,0
1050220,2015-01-28,train,8,0
1050220,2015-01-28,train,9,0
1050220,2015-01-28,train,10,0
1050220,2015-01-28,train,11,0
1050220,2015-01-28,train,12,0
1050220,2015-01-28,train,13,0
1050220,2015-01-28,train,14,0
1050220,2015-01-28,train,15,0
1050220,2015-01-28,train,16,0
1050222,2015-01-28,train,1,0
1050222,2015-01-28,train,2,0
1050222,2015-01-28,train,3,1
1050222,2015-01-28,train,4,0
1050222,2015-01-28,train,5,0
1050222,2015-01-28,train,6,0
1050222,2015-01-28,train,7,0
1050222,2015-01-28,train,8,0
1050222,2015-01-28,train,9,0
1050222,2015-01-28,train,10,0
1050222,2015-01-28,train,11,0
1050222,2015-01-28,train,12,0
1050222,2015-01-28,train,13,0
1050222,2015-01-28,train,14,0
1050222,2015-01-28,train,15,0
1050222,2015-01-28,train,16,0
1050224,2015-01-28,train,1,0
1050224,2015-01-28,train,2,0
1050224,2015-01-28,train,3,1
1050224,2015-01-28,train,4,0
1050224,2015-01-28,train,5,0
1050224,2015-01-28,train,6,0
1050224,2015-01-28,train,7,0
1050224,2015-01-28,train,8,0
1050224,2015-01-28,train,9,0
1050224,2015-01-28,train,10,0
1050224,2015-01-28,train,11,0
1050224,2015-01-28,train,12,0
1050224,2015-01-28,train,13,0
1050224,2015-01-28,train,14,0
1050224,2015-01-28,train,15,0
1050224,2015-01-28,train,16,0
1050202,2015-01-28,train,1,0
1050202,2015-01-28,train,2,0
1050202,2015-01-28,train,3,1
1050202,2015-01-28,train,4,0
1050202,2015-01-28,train,5,0
1050202,2015-01-28,train,6,0
1050202,2015-01-28,train,7,0
1050202,2015-01-28,train,8,0
1050202,2015-01-28,train,9,0
1050202,2015-01-28,train,10,0
1050202,2015-01-28,train,11,0
1050202,2015-01-28,train,12,0
1050202,2015-01-28,train,13,0
1050202,2015-01-28,train,14,0
1050202,2015-01-28,train,15,0
1050202,2015-01-28,train,16,0
1050247,2015-01-28,train,1,0
1050247,2015-01-28,train,2,0
1050247,2015-01-28,train,3,1
1050247,2015-01-28,train,4,0
1050247,2015-01-28,train,5,0
1050247,2015-01-28,train,6,0
1050247,2015-01-28,train,7,0
1050247,2015-01-28,train,8,0
1050247,2015-01-28,train,9,0
1050247,2015-01-28,train,10,0
1050247,2015-01-28,train,11,0
1050247,2015-01-28,train,12,0
1050247,2015-01-28,train,13,0
1050247,2015-01-28,train,14,0
1050247,2015-01-28,train,15,0
1050247,2015-01-28,train,16,0
1050251,2015-01-28,train,1,0
1050251,2015-01-28,train,2,0
1050251,2015-01-28,train,3,1
1050251,2015-01-28,train,4,0
1050251,2015-01-28,train,5,0
1050251,2015-01-28,train,6,0
1050251,2015-01-28,train,7,0
1050251,2015-01-28,train,8,0
1050251,2015-01-28,train,9,0
1050251,2015-01-28,train,10,0
1050251,2015-01-28,train,11,0
1050251,2015-01-28,train,12,0
1050251,2015-01-28,train,13,0
1050251,2015-01-28,train,14,0
1050251,2015-01-28,train,15,0
1050251,2015-01-28,train,16,0
1050275,2015-01-28,train,1,0
1050275,2015-01-28,train,2,0
1050275,2015-01-28,train,3,1
1050275,2015-01-28,train,4,0
1050275,2015-01-28,train,5,0
1050275,2015-01-28,train,6,0
1050275,2015-01-28,train,7,0
1050275,2015-01-28,train,8,0
1050275,2015-01-28,train,9,0
1050275,2015-01-28,train,10,0
1050275,2015-01-28,train,11,0
1050275,2015-01-28,train,12,0
1050275,2015-01-28,train,13,0
1050275,2015-01-28,train,14,0
1050275,2015-01-28,train,15,0
1050275,2015-01-28,train,16,0
1050277,2015-01-28,train,1,0
1050277,2015-01-28,train,2,0
1050277,2015-01-28,train,3,1
1050277,2015-01-28,train,4,0
1050277,2015-01-28,train,5,0
1050277,2015-01-28,train,6,0
1050277,2015-01-28,train,7,0
1050277,2015-01-28,train,8,0
1050277,2015-01-28,train,9,0
1050277,2015-01-28,train,10,0
1050277,2015-01-28,train,11,0
1050277,2015-01-28,train,12,0
1050277,2015-01-28,train,13,0
1050277,2015-01-28,train,14,0
1050277,2015-01-28,train,15,0
1050277,2015-01-28,train,16,0
1050278,2015-01-28,train,1,0
1050278,2015-01-28,train,2,0
1050278,2015-01-28,train,3,1
1050278,2015-01-28,train,4,0
1050278,2015-01-28,train,5,0
1050278,2015-01-28,train,6,0
1050278,2015-01-28,train,7,0
1050278,2015-01-28,train,8,0
1050278,2015-01-28,train,9,0
1050278,2015-01-28,train,10,0
1050278,2015-01-28,train,11,0
1050278,2015-01-28,train,12,0
1050278,2015-01-28,train,13,0
1050278,2015-01-28,train,14,0
1050278,2015-01-28,train,15,0
1050278,2015-01-28,train,16,0
1050279,2015-01-28,train,1,0
1050279,2015-01-28,train,2,0
1050279,2015-01-28,train,3,1
1050279,2015-01-28,train,4,0
1050279,2015-01-28,train,5,0
1050279,2015-01-28,train,6,0
1050279,2015-01-28,train,7,0
1050279,2015-01-28,train,8,0
1050279,2015-01-28,train,9,0
1050279,2015-01-28,train,10,0
1050279,2015-01-28,train,11,0
1050279,2015-01-28,train,12,0
1050279,2015-01-28,train,13,0
1050279,2015-01-28,train,14,0
1050279,2015-01-28,train,15,0
1050279,2015-01-28,train,16,0
1050280,2015-01-28,train,1,0
1050280,2015-01-28,train,2,0
1050280,2015-01-28,train,3,1
1050280,2015-01-28,train,4,0
1050280,2015-01-28,train,5,0
1050280,2015-01-28,train,6,0
1050280,2015-01-28,train,7,0
1050280,2015-01-28,train,8,0
1050280,2015-01-28,train,9,0
1050280,2015-01-28,train,10,0
1050280,2015-01-28,train,11,0
1050280,2015-01-28,train,12,0
1050280,2015-01-28,train,13,0
1050280,2015-01-28,train,14,0
1050280,2015-01-28,train,15,0
1050280,2015-01-28,train,16,0
1050284,2015-01-28,train,1,0
1050284,2015-01-28,train,2,0
1050284,2015-01-28,train,3,1
1050284,2015-01-28,train,4,0
1050284,2015-01-28,train,5,0
1050284,2015-01-28,train,6,0
1050284,2015-01-28,train,7,0
1050284,2015-01-28,train,8,0
1050284,2015-01-28,train,9,0
1050284,2015-01-28,train,10,0
1050284,2015-01-28,train,11,0
1050284,2015-01-28,train,12,0
1050284,2015-01-28,train,13,0
1050284,2015-01-28,train,14,0
1050284,2015-01-28,train,15,0
1050284,2015-01-28,train,16,0
1050285,2015-01-28,train,1,0
1050285,2015-01-28,train,2,0
1050285,2015-01-28,train,3,1
1050285,2015-01-28,train,4,0
1050285,2015-01-28,train,5,0
1050285,2015-01-28,train,6,0
1050285,2015-01-28,train,7,0
1050285,2015-01-28,train,8,0
1050285,2015-01-28,train,9,0
1050285,2015-01-28,train,10,0
1050285,2015-01-28,train,11,0
1050285,2015-01-28,train,12,0
1050285,2015-01-28,train,13,0
1050285,2015-01-28,train,14,0
1050285,2015-01-28,train,15,0
1050285,2015-01-28,train,16,0
1050287,2015-01-28,train,1,0
1050287,2015-01-28,train,2,0
1050287,2015-01-28,train,3,1
1050287,2015-01-28,train,4,0
1050287,2015-01-28,train,5,0
1050287,2015-01-28,train,6,0
1050287,2015-01-28,train,7,0
1050287,2015-01-28,train,8,0
1050287,2015-01-28,train,9,0
1050287,2015-01-28,train,10,0
1050287,2015-01-28,train,11,0
1050287,2015-01-28,train,12,0
1050287,2015-01-28,train,13,0
1050287,2015-01-28,train,14,0
1050287,2015-01-28,train,15,0
1050287,2015-01-28,train,16,0
1050288,2015-01-28,train,1,0
1050288,2015-01-28,train,2,0
1050288,2015-01-28,train,3,1
1050288,2015-01-28,train,4,0
1050288,2015-01-28,train,5,0
1050288,2015-01-28,train,6,0
1050288,2015-01-28,train,7,0
1050288,2015-01-28,train,8,0
1050288,2015-01-28,train,9,0
1050288,2015-01-28,train,10,0
1050288,2015-01-28,train,11,0
1050288,2015-01-28,train,12,0
1050288,2015-01-28,train,13,0
1050288,2015-01-28,train,14,0
1050288,2015-01-28,train,15,0
1050288,2015-01-28,train,16,0
1050289,2015-01-28,train,1,0
1050289,2015-01-28,train,2,0
1050289,2015-01-28,train,3,1
1050289,2015-01-28,train,4,0
1050289,2015-01-28,train,5,0
1050289,2015-01-28,train,6,0
1050289,2015-01-28,train,7,0
1050289,2015-01-28,train,8,0
1050289,2015-01-28,train,9,0
1050289,2015-01-28,train,10,0
1050289,2015-01-28,train,11,0
1050289,2015-01-28,train,12,0
1050289,2015-01-28,train,13,0
1050289,2015-01-28,train,14,0
1050289,2015-01-28,train,15,0
1050289,2015-01-28,train,16,0
1050290,2015-01-28,train,1,0
1050290,2015-01-28,train,2,0
1050290,2015-01-28,train,3,1
1050290,2015-01-28,train,4,0
1050290,2015-01-28,train,5,0
1050290,2015-01-28,train,6,0
1050290,2015-01-28,train,7,0
1050290,2015-01-28,train,8,0
1050290,2015-01-28,train,9,0
1050290,2015-01-28,train,10,0
1050290,2015-01-28,train,11,0
1050290,2015-01-28,train,12,0
1050290,2015-01-28,train,13,0
1050290,2015-01-28,train,14,0
1050290,2015-01-28,train,15,0
1050290,2015-01-28,train,16,0
1050291,2015-01-28,train,1,0
1050291,2015-01-28,train,2,0
1050291,2015-01-28,train,3,1
1050291,2015-01-28,train,4,0
1050291,2015-01-28,train,5,0
1050291,2015-01-28,train,6,0
1050291,2015-01-28,train,7,0
1050291,2015-01-28,train,8,0
1050291,2015-01-28,train,9,0
1050291,2015-01-28,train,10,0
1050291,2015-01-28,train,11,0
1050291,2015-01-28,train,12,0
1050291,2015-01-28,train,13,0
1050291,2015-01-28,train,14,0
1050291,2015-01-28,train,15,0
1050291,2015-01-28,train,16,0
1050292,2015-01-28,train,1,0
1050292,2015-01-28,train,2,0
1050292,2015-01-28,train,3,1
1050292,2015-01-28,train,4,0
1050292,2015-01-28,train,5,0
1050292,2015-01-28,train,6,0
1050292,2015-01-28,train,7,0
1050292,2015-01-28,train,8,0
1050292,2015-01-28,train,9,0
1050292,2015-01-28,train,10,0
1050292,2015-01-28,train,11,0
1050292,2015-01-28,train,12,0
1050292,2015-01-28,train,13,0
1050292,2015-01-28,train,14,0
1050292,2015-01-28,train,15,0
1050292,2015-01-28,train,16,0
1050293,2015-01-28,train,1,0
1050293,2015-01-28,train,2,0
1050293,2015-01-28,train,3,1
1050293,2015-01-28,train,4,0
1050293,2015-01-28,train,5,0
1050293,2015-01-28,train,6,0
1050293,2015-01-28,train,7,0
1050293,2015-01-28,train,8,0
1050293,2015-01-28,train,9,0
1050293,2015-01-28,train,10,0
1050293,2015-01-28,train,11,0
1050293,2015-01-28,train,12,0
1050293,2015-01-28,train,13,0
1050293,2015-01-28,train,14,0
1050293,2015-01-28,train,15,0
1050293,2015-01-28,train,16,0
1050294,2015-01-28,train,1,0
1050294,2015-01-28,train,2,0
1050294,2015-01-28,train,3,1
1050294,2015-01-28,train,4,0
1050294,2015-01-28,train,5,0
1050294,2015-01-28,train,6,0
1050294,2015-01-28,train,7,0
1050294,2015-01-28,train,8,0
1050294,2015-01-28,train,9,0
1050294,2015-01-28,train,10,0
1050294,2015-01-28,train,11,0
1050294,2015-01-28,train,12,0
1050294,2015-01-28,train,13,0
1050294,2015-01-28,train,14,0
1050294,2015-01-28,train,15,0
1050294,2015-01-28,train,16,0
1050274,2015-01-28,train,1,0
1050274,2015-01-28,train,2,0
1050274,2015-01-28,train,3,1
1050274,2015-01-28,train,4,0
1050274,2015-01-28,train,5,0
1050274,2015-01-28,train,6,0
1050274,2015-01-28,train,7,0
1050274,2015-01-28,train,8,0
1050274,2015-01-28,train,9,0
1050274,2015-01-28,train,10,0
1050274,2015-01-28,train,11,0
1050274,2015-01-28,train,12,0
1050274,2015-01-28,train,13,0
1050274,2015-01-28,train,14,0
1050274,2015-01-28,train,15,0
1050274,2015-01-28,train,16,0
1050249,2015-01-28,train,1,0
1050249,2015-01-28,train,2,0
1050249,2015-01-28,train,3,1
1050249,2015-01-28,train,4,0
1050249,2015-01-28,train,5,0
1050249,2015-01-28,train,6,0
1050249,2015-01-28,train,7,0
1050249,2015-01-28,train,8,0
1050249,2015-01-28,train,9,0
1050249,2015-01-28,train,10,0
1050249,2015-01-28,train,11,0
1050249,2015-01-28,train,12,0
1050249,2015-01-28,train,13,0
1050249,2015-01-28,train,14,0
1050249,2015-01-28,train,15,0
1050249,2015-01-28,train,16,0
1050273,2015-01-28,train,1,0
1050273,2015-01-28,train,2,0
1050273,2015-01-28,train,3,1
1050273,2015-01-28,train,4,0
1050273,2015-01-28,train,5,0
1050273,2015-01-28,train,6,0
1050273,2015-01-28,train,7,0
1050273,2015-01-28,train,8,0
1050273,2015-01-28,train,9,0
1050273,2015-01-28,train,10,0
1050273,2015-01-28,train,11,0
1050273,2015-01-28,train,12,0
1050273,2015-01-28,train,13,0
1050273,2015-01-28,train,14,0
1050273,2015-01-28,train,15,0
1050273,2015-01-28,train,16,0
1050271,2015-01-28,train,1,0
1050271,2015-01-28,train,2,0
1050271,2015-01-28,train,3,1
1050271,2015-01-28,train,4,0
1050271,2015-01-28,train,5,0
1050271,2015-01-28,train,6,0
1050271,2015-01-28,train,7,0
1050271,2015-01-28,train,8,0
1050271,2015-01-28,train,9,0
1050271,2015-01-28,train,10,0
1050271,2015-01-28,train,11,0
1050271,2015-01-28,train,12,0
1050271,2015-01-28,train,13,0
1050271,2015-01-28,train,14,0
1050271,2015-01-28,train,15,0
1050271,2015-01-28,train,16,0
1050252,2015-01-28,train,1,0
1050252,2015-01-28,train,2,0
1050252,2015-01-28,train,3,1
1050252,2015-01-28,train,4,0
1050252,2015-01-28,train,5,0
1050252,2015-01-28,train,6,0
1050252,2015-01-28,train,7,0
1050252,2015-01-28,train,8,0
1050252,2015-01-28,train,9,0
1050252,2015-01-28,train,10,0
1050252,2015-01-28,train,11,0
1050252,2015-01-28,train,12,0
1050252,2015-01-28,train,13,0
1050252,2015-01-28,train,14,0
1050252,2015-01-28,train,15,0
1050252,2015-01-28,train,16,0
1050253,2015-01-28,train,1,0
1050253,2015-01-28,train,2,0
1050253,2015-01-28,train,3,1
1050253,2015-01-28,train,4,0
1050253,2015-01-28,train,5,0
1050253,2015-01-28,train,6,0
1050253,2015-01-28,train,7,0
1050253,2015-01-28,train,8,0
1050253,2015-01-28,train,9,0
1050253,2015-01-28,train,10,0
1050253,2015-01-28,train,11,0
1050253,2015-01-28,train,12,0
1050253,2015-01-28,train,13,0
1050253,2015-01-28,train,14,0
1050253,2015-01-28,train,15,0
1050253,2015-01-28,train,16,0
1050254,2015-01-28,train,1,0
1050254,2015-01-28,train,2,0
1050254,2015-01-28,train,3,1
1050254,2015-01-28,train,4,0
1050254,2015-01-28,train,5,0
1050254,2015-01-28,train,6,0
1050254,2015-01-28,train,7,0
1050254,2015-01-28,train,8,0
1050254,2015-01-28,train,9,0
1050254,2015-01-28,train,10,0
1050254,2015-01-28,train,11,0
1050254,2015-01-28,train,12,0
1050254,2015-01-28,train,13,0
1050254,2015-01-28,train,14,0
1050254,2015-01-28,train,15,0
1050254,2015-01-28,train,16,0
1050257,2015-01-28,train,1,0
1050257,2015-01-28,train,2,0
1050257,2015-01-28,train,3,1
1050257,2015-01-28,train,4,0
1050257,2015-01-28,train,5,0
1050257,2015-01-28,train,6,0
1050257,2015-01-28,train,7,0
1050257,2015-01-28,train,8,0
1050257,2015-01-28,train,9,0
1050257,2015-01-28,train,10,0
1050257,2015-01-28,train,11,0
1050257,2015-01-28,train,12,0
1050257,2015-01-28,train,13,0
1050257,2015-01-28,train,14,0
1050257,2015-01-28,train,15,0
1050257,2015-01-28,train,16,0
1050258,2015-01-28,train,1,0
1050258,2015-01-28,train,2,0
1050258,2015-01-28,train,3,1
1050258,2015-01-28,train,4,0
1050258,2015-01-28,train,5,0
1050258,2015-01-28,train,6,0
1050258,2015-01-28,train,7,0
1050258,2015-01-28,train,8,0
1050258,2015-01-28,train,9,0
1050258,2015-01-28,train,10,0
1050258,2015-01-28,train,11,0
1050258,2015-01-28,train,12,0
1050258,2015-01-28,train,13,0
1050258,2015-01-28,train,14,0
1050258,2015-01-28,train,15,0
1050258,2015-01-28,train,16,0
1050259,2015-01-28,train,1,0
1050259,2015-01-28,train,2,0
1050259,2015-01-28,train,3,1
1050259,2015-01-28,train,4,0
1050259,2015-01-28,train,5,0
1050259,2015-01-28,train,6,0
1050259,2015-01-28,train,7,0
1050259,2015-01-28,train,8,0
1050259,2015-01-28,train,9,0
1050259,2015-01-28,train,10,0
1050259,2015-01-28,train,11,0
1050259,2015-01-28,train,12,0
1050259,2015-01-28,train,13,0
1050259,2015-01-28,train,14,0
1050259,2015-01-28,train,15,0
1050259,2015-01-28,train,16,0
1050261,2015-01-28,train,1,0
1050261,2015-01-28,train,2,0
1050261,2015-01-28,train,3,1
1050261,2015-01-28,train,4,0
1050261,2015-01-28,train,5,0
1050261,2015-01-28,train,6,0
1050261,2015-01-28,train,7,0
1050261,2015-01-28,train,8,0
1050261,2015-01-28,train,9,0
1050261,2015-01-28,train,10,0
1050261,2015-01-28,train,11,0
1050261,2015-01-28,train,12,0
1050261,2015-01-28,train,13,0
1050261,2015-01-28,train,14,0
1050261,2015-01-28,train,15,0
1050261,2015-01-28,train,16,0
1050262,2015-01-28,train,1,0
1050262,2015-01-28,train,2,0
1050262,2015-01-28,train,3,1
1050262,2015-01-28,train,4,0
1050262,2015-01-28,train,5,0
1050262,2015-01-28,train,6,0
1050262,2015-01-28,train,7,0
1050262,2015-01-28,train,8,0
1050262,2015-01-28,train,9,0
1050262,2015-01-28,train,10,0
1050262,2015-01-28,train,11,0
1050262,2015-01-28,train,12,0
1050262,2015-01-28,train,13,0
1050262,2015-01-28,train,14,0
1050262,2015-01-28,train,15,0
1050262,2015-01-28,train,16,0
1050263,2015-01-28,train,1,0
1050263,2015-01-28,train,2,0
1050263,2015-01-28,train,3,1
1050263,2015-01-28,train,4,0
1050263,2015-01-28,train,5,0
1050263,2015-01-28,train,6,0
1050263,2015-01-28,train,7,0
1050263,2015-01-28,train,8,0
1050263,2015-01-28,train,9,0
1050263,2015-01-28,train,10,0
1050263,2015-01-28,train,11,0
1050263,2015-01-28,train,12,0
1050263,2015-01-28,train,13,0
1050263,2015-01-28,train,14,0
1050263,2015-01-28,train,15,0
1050263,2015-01-28,train,16,0
1050264,2015-01-28,train,1,0
1050264,2015-01-28,train,2,0
1050264,2015-01-28,train,3,1
1050264,2015-01-28,train,4,0
1050264,2015-01-28,train,5,0
1050264,2015-01-28,train,6,0
1050264,2015-01-28,train,7,0
1050264,2015-01-28,train,8,0
1050264,2015-01-28,train,9,0
1050264,2015-01-28,train,10,0
1050264,2015-01-28,train,11,0
1050264,2015-01-28,train,12,0
1050264,2015-01-28,train,13,0
1050264,2015-01-28,train,14,0
1050264,2015-01-28,train,15,0
1050264,2015-01-28,train,16,0
1050266,2015-01-28,train,1,0
1050266,2015-01-28,train,2,0
1050266,2015-01-28,train,3,1
1050266,2015-01-28,train,4,0
1050266,2015-01-28,train,5,0
1050266,2015-01-28,train,6,0
1050266,2015-01-28,train,7,0
1050266,2015-01-28,train,8,0
1050266,2015-01-28,train,9,0
1050266,2015-01-28,train,10,0
1050266,2015-01-28,train,11,0
1050266,2015-01-28,train,12,0
1050266,2015-01-28,train,13,0
1050266,2015-01-28,train,14,0
1050266,2015-01-28,train,15,0
1050266,2015-01-28,train,16,0
1050267,2015-01-28,train,1,0
1050267,2015-01-28,train,2,0
1050267,2015-01-28,train,3,1
1050267,2015-01-28,train,4,0
1050267,2015-01-28,train,5,0
1050267,2015-01-28,train,6,0
1050267,2015-01-28,train,7,0
1050267,2015-01-28,train,8,0
1050267,2015-01-28,train,9,0
1050267,2015-01-28,train,10,0
1050267,2015-01-28,train,11,0
1050267,2015-01-28,train,12,0
1050267,2015-01-28,train,13,0
1050267,2015-01-28,train,14,0
1050267,2015-01-28,train,15,0
1050267,2015-01-28,train,16,0
1050268,2015-01-28,train,1,0
1050268,2015-01-28,train,2,0
1050268,2015-01-28,train,3,1
1050268,2015-01-28,train,4,0
1050268,2015-01-28,train,5,0
1050268,2015-01-28,train,6,0
1050268,2015-01-28,train,7,0
1050268,2015-01-28,train,8,0
1050268,2015-01-28,train,9,0
1050268,2015-01-28,train,10,0
1050268,2015-01-28,train,11,0
1050268,2015-01-28,train,12,0
1050268,2015-01-28,train,13,0
1050268,2015-01-28,train,14,0
1050268,2015-01-28,train,15,0
1050268,2015-01-28,train,16,0
1050269,2015-01-28,train,1,0
1050269,2015-01-28,train,2,0
1050269,2015-01-28,train,3,1
1050269,2015-01-28,train,4,0
1050269,2015-01-28,train,5,0
1050269,2015-01-28,train,6,0
1050269,2015-01-28,train,7,0
1050269,2015-01-28,train,8,0
1050269,2015-01-28,train,9,0
1050269,2015-01-28,train,10,0
1050269,2015-01-28,train,11,0
1050269,2015-01-28,train,12,0
1050269,2015-01-28,train,13,0
1050269,2015-01-28,train,14,0
1050269,2015-01-28,train,15,0
1050269,2015-01-28,train,16,0
1050270,2015-01-28,train,1,0
1050270,2015-01-28,train,2,0
1050270,2015-01-28,train,3,1
1050270,2015-01-28,train,4,0
1050270,2015-01-28,train,5,0
1050270,2015-01-28,train,6,0
1050270,2015-01-28,train,7,0
1050270,2015-01-28,train,8,0
1050270,2015-01-28,train,9,0
1050270,2015-01-28,train,10,0
1050270,2015-01-28,train,11,0
1050270,2015-01-28,train,12,0
1050270,2015-01-28,train,13,0
1050270,2015-01-28,train,14,0
1050270,2015-01-28,train,15,0
1050270,2015-01-28,train,16,0
1050272,2015-01-28,train,1,0
1050272,2015-01-28,train,2,0
1050272,2015-01-28,train,3,1
1050272,2015-01-28,train,4,0
1050272,2015-01-28,train,5,0
1050272,2015-01-28,train,6,0
1050272,2015-01-28,train,7,0
1050272,2015-01-28,train,8,0
1050272,2015-01-28,train,9,0
1050272,2015-01-28,train,10,0
1050272,2015-01-28,train,11,0
1050272,2015-01-28,train,12,0
1050272,2015-01-28,train,13,0
1050272,2015-01-28,train,14,0
1050272,2015-01-28,train,15,0
1050272,2015-01-28,train,16,0
1050295,2015-01-28,train,1,0
1050295,2015-01-28,train,2,0
1050295,2015-01-28,train,3,1
1050295,2015-01-28,train,4,0
1050295,2015-01-28,train,5,0
1050295,2015-01-28,train,6,0
1050295,2015-01-28,train,7,0
1050295,2015-01-28,train,8,0
1050295,2015-01-28,train,9,0
1050295,2015-01-28,train,10,0
1050295,2015-01-28,train,11,0
1050295,2015-01-28,train,12,0
1050295,2015-01-28,train,13,0
1050295,2015-01-28,train,14,0
1050295,2015-01-28,train,15,0
1050295,2015-01-28,train,16,0
1050201,2015-01-28,train,1,0
1050201,2015-01-28,train,2,0
1050201,2015-01-28,train,3,1
1050201,2015-01-28,train,4,0
1050201,2015-01-28,train,5,0
1050201,2015-01-28,train,6,0
1050201,2015-01-28,train,7,0
1050201,2015-01-28,train,8,0
1050201,2015-01-28,train,9,0
1050201,2015-01-28,train,10,0
1050201,2015-01-28,train,11,0
1050201,2015-01-28,train,12,0
1050201,2015-01-28,train,13,0
1050201,2015-01-28,train,14,0
1050201,2015-01-28,train,15,0
1050201,2015-01-28,train,16,0
1050199,2015-01-28,train,1,0
1050199,2015-01-28,train,2,0
1050199,2015-01-28,train,3,1
1050199,2015-01-28,train,4,0
1050199,2015-01-28,train,5,0
1050199,2015-01-28,train,6,0
1050199,2015-01-28,train,7,0
1050199,2015-01-28,train,8,0
1050199,2015-01-28,train,9,0
1050199,2015-01-28,train,10,0
1050199,2015-01-28,train,11,0
1050199,2015-01-28,train,12,0
1050199,2015-01-28,train,13,0
1050199,2015-01-28,train,14,0
1050199,2015-01-28,train,15,0
1050199,2015-01-28,train,16,0
1050125,2015-01-28,train,1,0
1050125,2015-01-28,train,2,0
1050125,2015-01-28,train,3,1
1050125,2015-01-28,train,4,0
1050125,2015-01-28,train,5,0
1050125,2015-01-28,train,6,0
1050125,2015-01-28,train,7,0
1050125,2015-01-28,train,8,0
1050125,2015-01-28,train,9,0
1050125,2015-01-28,train,10,0
1050125,2015-01-28,train,11,0
1050125,2015-01-28,train,12,0
1050125,2015-01-28,train,13,0
1050125,2015-01-28,train,14,0
1050125,2015-01-28,train,15,0
1050125,2015-01-28,train,16,0
1050130,2015-01-28,train,1,0
1050130,2015-01-28,train,2,0
1050130,2015-01-28,train,3,1
1050130,2015-01-28,train,4,0
1050130,2015-01-28,train,5,0
1050130,2015-01-28,train,6,0
1050130,2015-01-28,train,7,0
1050130,2015-01-28,train,8,0
1050130,2015-01-28,train,9,0
1050130,2015-01-28,train,10,0
1050130,2015-01-28,train,11,0
1050130,2015-01-28,train,12,0
1050130,2015-01-28,train,13,0
1050130,2015-01-28,train,14,0
1050130,2015-01-28,train,15,0
1050130,2015-01-28,train,16,0
1050132,2015-01-28,train,1,0
1050132,2015-01-28,train,2,0
1050132,2015-01-28,train,3,1
1050132,2015-01-28,train,4,0
1050132,2015-01-28,train,5,0
1050132,2015-01-28,train,6,0
1050132,2015-01-28,train,7,0
1050132,2015-01-28,train,8,0
1050132,2015-01-28,train,9,0
1050132,2015-01-28,train,10,0
1050132,2015-01-28,train,11,0
1050132,2015-01-28,train,12,0
1050132,2015-01-28,train,13,0
1050132,2015-01-28,train,14,0
1050132,2015-01-28,train,15,0
1050132,2015-01-28,train,16,0
1050134,2015-01-28,train,1,0
1050134,2015-01-28,train,2,0
1050134,2015-01-28,train,3,1
1050134,2015-01-28,train,4,0
1050134,2015-01-28,train,5,0
1050134,2015-01-28,train,6,0
1050134,2015-01-28,train,7,0
1050134,2015-01-28,train,8,0
1050134,2015-01-28,train,9,0
1050134,2015-01-28,train,10,0
1050134,2015-01-28,train,11,0
1050134,2015-01-28,train,12,0
1050134,2015-01-28,train,13,0
1050134,2015-01-28,train,14,0
1050134,2015-01-28,train,15,0
1050134,2015-01-28,train,16,0
1050135,2015-01-28,train,1,0
1050135,2015-01-28,train,2,0
1050135,2015-01-28,train,3,1
1050135,2015-01-28,train,4,0
1050135,2015-01-28,train,5,0
1050135,2015-01-28,train,6,0
1050135,2015-01-28,train,7,0
1050135,2015-01-28,train,8,0
1050135,2015-01-28,train,9,0
1050135,2015-01-28,train,10,0
1050135,2015-01-28,train,11,0
1050135,2015-01-28,train,12,0
1050135,2015-01-28,train,13,0
1050135,2015-01-28,train,14,0
1050135,2015-01-28,train,15,0
1050135,2015-01-28,train,16,0
1050137,2015-01-28,train,1,0
1050137,2015-01-28,train,2,0
1050137,2015-01-28,train,3,1
1050137,2015-01-28,train,4,0
1050137,2015-01-28,train,5,0
1050137,2015-01-28,train,6,0
1050137,2015-01-28,train,7,0
1050137,2015-01-28,train,8,0
1050137,2015-01-28,train,9,0
1050137,2015-01-28,train,10,0
1050137,2015-01-28,train,11,0
1050137,2015-01-28,train,12,0
1050137,2015-01-28,train,13,0
1050137,2015-01-28,train,14,0
1050137,2015-01-28,train,15,0
1050137,2015-01-28,train,16,0
1050138,2015-01-28,train,1,0
1050138,2015-01-28,train,2,0
1050138,2015-01-28,train,3,1
1050138,2015-01-28,train,4,0
1050138,2015-01-28,train,5,0
1050138,2015-01-28,train,6,0
1050138,2015-01-28,train,7,0
1050138,2015-01-28,train,8,0
1050138,2015-01-28,train,9,0
1050138,2015-01-28,train,10,0
1050138,2015-01-28,train,11,0
1050138,2015-01-28,train,12,0
1050138,2015-01-28,train,13,0
1050138,2015-01-28,train,14,0
1050138,2015-01-28,train,15,0
1050138,2015-01-28,train,16,0
1050141,2015-01-28,train,1,0
1050141,2015-01-28,train,2,0
1050141,2015-01-28,train,3,0
1050141,2015-01-28,train,4,0
1050141,2015-01-28,train,5,0
1050141,2015-01-28,train,6,0
1050141,2015-01-28,train,7,0
1050141,2015-01-28,train,8,0
1050141,2015-01-28,train,9,0
1050141,2015-01-28,train,10,0
1050141,2015-01-28,train,11,0
1050141,2015-01-28,train,12,0
1050141,2015-01-28,train,13,0
1050141,2015-01-28,train,14,0
1050141,2015-01-28,train,15,0
1050141,2015-01-28,train,16,0
1050143,2015-01-28,train,1,0
1050143,2015-01-28,train,2,0
1050143,2015-01-28,train,3,1
1050143,2015-01-28,train,4,0
1050143,2015-01-28,train,5,0
1050143,2015-01-28,train,6,0
1050143,2015-01-28,train,7,0
1050143,2015-01-28,train,8,0
1050143,2015-01-28,train,9,0
1050143,2015-01-28,train,10,0
1050143,2015-01-28,train,11,0
1050143,2015-01-28,train,12,0
1050143,2015-01-28,train,13,0
1050143,2015-01-28,train,14,0
1050143,2015-01-28,train,15,0
1050143,2015-01-28,train,16,0
1050144,2015-01-28,train,1,0
1050144,2015-01-28,train,2,0
1050144,2015-01-28,train,3,1
1050144,2015-01-28,train,4,0
1050144,2015-01-28,train,5,0
1050144,2015-01-28,train,6,0
1050144,2015-01-28,train,7,0
1050144,2015-01-28,train,8,0
1050144,2015-01-28,train,9,0
1050144,2015-01-28,train,10,0
1050144,2015-01-28,train,11,0
1050144,2015-01-28,train,12,0
1050144,2015-01-28,train,13,0
1050144,2015-01-28,train,14,0
1050144,2015-01-28,train,15,0
1050144,2015-01-28,train,16,0
1050146,2015-01-28,train,1,0
1050146,2015-01-28,train,2,0
1050146,2015-01-28,train,3,1
1050146,2015-01-28,train,4,0
1050146,2015-01-28,train,5,0
1050146,2015-01-28,train,6,0
1050146,2015-01-28,train,7,1
1050146,2015-01-28,train,8,0
1050146,2015-01-28,train,9,0
1050146,2015-01-28,train,10,0
1050146,2015-01-28,train,11,0
1050146,2015-01-28,train,12,0
1050146,2015-01-28,train,13,0
1050146,2015-01-28,train,14,0
1050146,2015-01-28,train,15,0
1050146,2015-01-28,train,16,0
1050148,2015-01-28,train,1,0
1050148,2015-01-28,train,2,0
1050148,2015-01-28,train,3,1
1050148,2015-01-28,train,4,0
1050148,2015-01-28,train,5,0
1050148,2015-01-28,train,6,0
1050148,2015-01-28,train,7,0
1050148,2015-01-28,train,8,0
1050148,2015-01-28,train,9,0
1050148,2015-01-28,train,10,0
1050148,2015-01-28,train,11,0
1050148,2015-01-28,train,12,0
1050148,2015-01-28,train,13,0
1050148,2015-01-28,train,14,0
1050148,2015-01-28,train,15,0
1050148,2015-01-28,train,16,0
1050149,2015-01-28,train,1,0
1050149,2015-01-28,train,2,0
1050149,2015-01-28,train,3,1
1050149,2015-01-28,train,4,0
1050149,2015-01-28,train,5,0
1050149,2015-01-28,train,6,0
1050149,2015-01-28,train,7,0
1050149,2015-01-28,train,8,0
1050149,2015-01-28,train,9,0
1050149,2015-01-28,train,10,0
1050149,2015-01-28,train,11,0
1050149,2015-01-28,train,12,0
1050149,2015-01-28,train,13,0
1050149,2015-01-28,train,14,0
1050149,2015-01-28,train,15,0
1050149,2015-01-28,train,16,0
1050150,2015-01-28,train,1,0
1050150,2015-01-28,train,2,0
1050150,2015-01-28,train,3,1
1050150,2015-01-28,train,4,0
1050150,2015-01-28,train,5,0
1050150,2015-01-28,train,6,0
1050150,2015-01-28,train,7,0
1050150,2015-01-28,train,8,0
1050150,2015-01-28,train,9,0
1050150,2015-01-28,train,10,0
1050150,2015-01-28,train,11,0
1050150,2015-01-28,train,12,0
1050150,2015-01-28,train,13,0
1050150,2015-01-28,train,14,0
1050150,2015-01-28,train,15,0
1050150,2015-01-28,train,16,0
1050153,2015-01-28,train,1,0
1050153,2015-01-28,train,2,0
1050153,2015-01-28,train,3,1
1050153,2015-01-28,train,4,0
1050153,2015-01-28,train,5,0
1050153,2015-01-28,train,6,0
1050153,2015-01-28,train,7,0
1050153,2015-01-28,train,8,0
1050153,2015-01-28,train,9,0
1050153,2015-01-28,train,10,0
1050153,2015-01-28,train,11,0
1050153,2015-01-28,train,12,0
1050153,2015-01-28,train,13,0
1050153,2015-01-28,train,14,0
1050153,2015-01-28,train,15,0
1050153,2015-01-28,train,16,0
1050124,2015-01-28,train,1,0
1050124,2015-01-28,train,2,0
1050124,2015-01-28,train,3,1
1050124,2015-01-28,train,4,0
1050124,2015-01-28,train,5,0
1050124,2015-01-28,train,6,0
1050124,2015-01-28,train,7,0
1050124,2015-01-28,train,8,0
1050124,2015-01-28,train,9,0
1050124,2015-01-28,train,10,0
1050124,2015-01-28,train,11,0
1050124,2015-01-28,train,12,0
1050124,2015-01-28,train,13,0
1050124,2015-01-28,train,14,0
1050124,2015-01-28,train,15,0
1050124,2015-01-28,train,16,0
1050154,2015-01-28,train,1,0
1050154,2015-01-28,train,2,0
1050154,2015-01-28,train,3,1
1050154,2015-01-28,train,4,0
1050154,2015-01-28,train,5,0
1050154,2015-01-28,train,6,0
1050154,2015-01-28,train,7,0
1050154,2015-01-28,train,8,0
1050154,2015-01-28,train,9,0
1050154,2015-01-28,train,10,0
1050154,2015-01-28,train,11,0
1050154,2015-01-28,train,12,0
1050154,2015-01-28,train,13,0
1050154,2015-01-28,train,14,0
1050154,2015-01-28,train,15,0
1050154,2015-01-28,train,16,0
1050120,2015-01-28,train,1,0
1050120,2015-01-28,train,2,0
1050120,2015-01-28,train,3,1
1050120,2015-01-28,train,4,0
1050120,2015-01-28,train,5,0
1050120,2015-01-28,train,6,0
1050120,2015-01-28,train,7,0
1050120,2015-01-28,train,8,0
1050120,2015-01-28,train,9,0
1050120,2015-01-28,train,10,0
1050120,2015-01-28,train,11,0
1050120,2015-01-28,train,12,0
1050120,2015-01-28,train,13,0
1050120,2015-01-28,train,14,0
1050120,2015-01-28,train,15,0
1050120,2015-01-28,train,16,0
1050116,2015-01-28,train,1,0
1050116,2015-01-28,train,2,0
1050116,2015-01-28,train,3,1
1050116,2015-01-28,train,4,0
1050116,2015-01-28,train,5,0
1050116,2015-01-28,train,6,0
1050116,2015-01-28,train,7,0
1050116,2015-01-28,train,8,0
1050116,2015-01-28,train,9,0
1050116,2015-01-28,train,10,0
1050116,2015-01-28,train,11,0
1050116,2015-01-28,train,12,0
1050116,2015-01-28,train,13,0
1050116,2015-01-28,train,14,0
1050116,2015-01-28,train,15,0
1050116,2015-01-28,train,16,0
1050088,2015-01-28,train,1,0
1050088,2015-01-28,train,2,0
1050088,2015-01-28,train,3,1
1050088,2015-01-28,train,4,0
1050088,2015-01-28,train,5,0
1050088,2015-01-28,train,6,0
1050088,2015-01-28,train,7,0
1050088,2015-01-28,train,8,0
1050088,2015-01-28,train,9,0
1050088,2015-01-28,train,10,0
1050088,2015-01-28,train,11,0
1050088,2015-01-28,train,12,0
1050088,2015-01-28,train,13,0
1050088,2015-01-28,train,14,0
1050088,2015-01-28,train,15,0
1050088,2015-01-28,train,16,0
1050091,2015-01-28,train,1,0
1050091,2015-01-28,train,2,0
1050091,2015-01-28,train,3,0
1050091,2015-01-28,train,4,0
1050091,2015-01-28,train,5,1
1050091,2015-01-28,train,6,0
1050091,2015-01-28,train,7,0
1050091,2015-01-28,train,8,0
1050091,2015-01-28,train,9,0
1050091,2015-01-28,train,10,0
1050091,2015-01-28,train,11,0
1050091,2015-01-28,train,12,0
1050091,2015-01-28,train,13,1
1050091,2015-01-28,train,14,0
1050091,2015-01-28,train,15,0
1050091,2015-01-28,train,16,0
1050094,2015-01-28,train,1,0
1050094,2015-01-28,train,2,0
1050094,2015-01-28,train,3,1
1050094,2015-01-28,train,4,0
1050094,2015-01-28,train,5,0
1050094,2015-01-28,train,6,0
1050094,2015-01-28,train,7,0
1050094,2015-01-28,train,8,0
1050094,2015-01-28,train,9,0
1050094,2015-01-28,train,10,0
1050094,2015-01-28,train,11,0
1050094,2015-01-28,train,12,0
1050094,2015-01-28,train,13,0
1050094,2015-01-28,train,14,0
1050094,2015-01-28,train,15,0
1050094,2015-01-28,train,16,0
1050095,2015-01-28,train,1,0
1050095,2015-01-28,train,2,0
1050095,2015-01-28,train,3,1
1050095,2015-01-28,train,4,0
1050095,2015-01-28,train,5,0
1050095,2015-01-28,train,6,0
1050095,2015-01-28,train,7,0
1050095,2015-01-28,train,8,0
1050095,2015-01-28,train,9,0
1050095,2015-01-28,train,10,0
1050095,2015-01-28,train,11,0
1050095,2015-01-28,train,12,0
1050095,2015-01-28,train,13,0
1050095,2015-01-28,train,14,0
1050095,2015-01-28,train,15,0
1050095,2015-01-28,train,16,0
1050096,2015-01-28,train,1,0
1050096,2015-01-28,train,2,0
1050096,2015-01-28,train,3,1
1050096,2015-01-28,train,4,0
1050096,2015-01-28,train,5,0
1050096,2015-01-28,train,6,0
1050096,2015-01-28,train,7,0
1050096,2015-01-28,train,8,0
1050096,2015-01-28,train,9,0
1050096,2015-01-28,train,10,0
1050096,2015-01-28,train,11,0
1050096,2015-01-28,train,12,0
1050096,2015-01-28,train,13,0
1050096,2015-01-28,train,14,0
1050096,2015-01-28,train,15,0
1050096,2015-01-28,train,16,0
1050098,2015-01-28,train,1,0
1050098,2015-01-28,train,2,0
1050098,2015-01-28,train,3,1
1050098,2015-01-28,train,4,0
1050098,2015-01-28,train,5,0
1050098,2015-01-28,train,6,0
1050098,2015-01-28,train,7,0
1050098,2015-01-28,train,8,0
1050098,2015-01-28,train,9,0
1050098,2015-01-28,train,10,0
1050098,2015-01-28,train,11,0
1050098,2015-01-28,train,12,0
1050098,2015-01-28,train,13,0
1050098,2015-01-28,train,14,0
1050098,2015-01-28,train,15,0
1050098,2015-01-28,train,16,0
1050102,2015-01-28,train,1,0
1050102,2015-01-28,train,2,0
1050102,2015-01-28,train,3,1
1050102,2015-01-28,train,4,0
1050102,2015-01-28,train,5,0
1050102,2015-01-28,train,6,0
1050102,2015-01-28,train,7,0
1050102,2015-01-28,train,8,0
1050102,2015-01-28,train,9,0
1050102,2015-01-28,train,10,0
1050102,2015-01-28,train,11,0
1050102,2015-01-28,train,12,0
1050102,2015-01-28,train,13,0
1050102,2015-01-28,train,14,0
1050102,2015-01-28,train,15,0
1050102,2015-01-28,train,16,0
1050103,2015-01-28,train,1,0
1050103,2015-01-28,train,2,0
1050103,2015-01-28,train,3,1
1050103,2015-01-28,train,4,0
1050103,2015-01-28,train,5,0
1050103,2015-01-28,train,6,0
1050103,2015-01-28,train,7,0
1050103,2015-01-28,train,8,0
1050103,2015-01-28,train,9,0
1050103,2015-01-28,train,10,0
1050103,2015-01-28,train,11,0
1050103,2015-01-28,train,12,0
1050103,2015-01-28,train,13,0
1050103,2015-01-28,train,14,0
1050103,2015-01-28,train,15,0
1050103,2015-01-28,train,16,0
1050104,2015-01-28,train,1,0
1050104,2015-01-28,train,2,0
1050104,2015-01-28,train,3,1
1050104,2015-01-28,train,4,0
1050104,2015-01-28,train,5,0
1050104,2015-01-28,train,6,0
1050104,2015-01-28,train,7,0
1050104,2015-01-28,train,8,0
1050104,2015-01-28,train,9,0
1050104,2015-01-28,train,10,0
1050104,2015-01-28,train,11,0
1050104,2015-01-28,train,12,0
1050104,2015-01-28,train,13,0
1050104,2015-01-28,train,14,0
1050104,2015-01-28,train,15,0
1050104,2015-01-28,train,16,0
1050107,2015-01-28,train,1,0
1050107,2015-01-28,train,2,0
1050107,2015-01-28,train,3,1
1050107,2015-01-28,train,4,0
1050107,2015-01-28,train,5,0
1050107,2015-01-28,train,6,0
1050107,2015-01-28,train,7,0
1050107,2015-01-28,train,8,0
1050107,2015-01-28,train,9,0
1050107,2015-01-28,train,10,0
1050107,2015-01-28,train,11,0
1050107,2015-01-28,train,12,0
1050107,2015-01-28,train,13,0
1050107,2015-01-28,train,14,0
1050107,2015-01-28,train,15,0
1050107,2015-01-28,train,16,0
1050109,2015-01-28,train,1,0
1050109,2015-01-28,train,2,0
1050109,2015-01-28,train,3,1
1050109,2015-01-28,train,4,0
1050109,2015-01-28,train,5,0
1050109,2015-01-28,train,6,0
1050109,2015-01-28,train,7,0
1050109,2015-01-28,train,8,0
1050109,2015-01-28,train,9,0
1050109,2015-01-28,train,10,0
1050109,2015-01-28,train,11,0
1050109,2015-01-28,train,12,0
1050109,2015-01-28,train,13,0
1050109,2015-01-28,train,14,0
1050109,2015-01-28,train,15,0
1050109,2015-01-28,train,16,0
1050110,2015-01-28,train,1,0
1050110,2015-01-28,train,2,0
1050110,2015-01-28,train,3,1
1050110,2015-01-28,train,4,0
1050110,2015-01-28,train,5,0
1050110,2015-01-28,train,6,0
1050110,2015-01-28,train,7,0
1050110,2015-01-28,train,8,0
1050110,2015-01-28,train,9,0
1050110,2015-01-28,train,10,0
1050110,2015-01-28,train,11,0
1050110,2015-01-28,train,12,0
1050110,2015-01-28,train,13,0
1050110,2015-01-28,train,14,0
1050110,2015-01-28,train,15,0
1050110,2015-01-28,train,16,0
1050111,2015-01-28,train,1,0
1050111,2015-01-28,train,2,0
1050111,2015-01-28,train,3,1
1050111,2015-01-28,train,4,0
1050111,2015-01-28,train,5,0
1050111,2015-01-28,train,6,0
1050111,2015-01-28,train,7,0
1050111,2015-01-28,train,8,0
1050111,2015-01-28,train,9,0
1050111,2015-01-28,train,10,0
1050111,2015-01-28,train,11,0
1050111,2015-01-28,train,12,0
1050111,2015-01-28,train,13,0
1050111,2015-01-28,train,14,0
1050111,2015-01-28,train,15,0
1050111,2015-01-28,train,16,0
1050113,2015-01-28,train,1,0
1050113,2015-01-28,train,2,0
1050113,2015-01-28,train,3,1
1050113,2015-01-28,train,4,0
1050113,2015-01-28,train,5,0
1050113,2015-01-28,train,6,0
1050113,2015-01-28,train,7,0
1050113,2015-01-28,train,8,0
1050113,2015-01-28,train,9,0
1050113,2015-01-28,train,10,0
1050113,2015-01-28,train,11,0
1050113,2015-01-28,train,12,0
1050113,2015-01-28,train,13,0
1050113,2015-01-28,train,14,0
1050113,2015-01-28,train,15,0
1050113,2015-01-28,train,16,0
1050114,2015-01-28,train,1,0
1050114,2015-01-28,train,2,0
1050114,2015-01-28,train,3,1
1050114,2015-01-28,train,4,0
1050114,2015-01-28,train,5,0
1050114,2015-01-28,train,6,0
1050114,2015-01-28,train,7,0
1050114,2015-01-28,train,8,0
1050114,2015-01-28,train,9,0
1050114,2015-01-28,train,10,0
1050114,2015-01-28,train,11,0
1050114,2015-01-28,train,12,0
1050114,2015-01-28,train,13,0
1050114,2015-01-28,train,14,0
1050114,2015-01-28,train,15,0
1050114,2015-01-28,train,16,0
1050117,2015-01-28,train,1,0
1050117,2015-01-28,train,2,0
1050117,2015-01-28,train,3,1
1050117,2015-01-28,train,4,0
1050117,2015-01-28,train,5,0
1050117,2015-01-28,train,6,0
1050117,2015-01-28,train,7,0
1050117,2015-01-28,train,8,0
1050117,2015-01-28,train,9,0
1050117,2015-01-28,train,10,0
1050117,2015-01-28,train,11,0
1050117,2015-01-28,train,12,0
1050117,2015-01-28,train,13,0
1050117,2015-01-28,train,14,0
1050117,2015-01-28,train,15,0
1050117,2015-01-28,train,16,0
1050200,2015-01-28,train,1,0
1050200,2015-01-28,train,2,0
1050200,2015-01-28,train,3,1
1050200,2015-01-28,train,4,0
1050200,2015-01-28,train,5,0
1050200,2015-01-28,train,6,0
1050200,2015-01-28,train,7,0
1050200,2015-01-28,train,8,0
1050200,2015-01-28,train,9,0
1050200,2015-01-28,train,10,0
1050200,2015-01-28,train,11,0
1050200,2015-01-28,train,12,0
1050200,2015-01-28,train,13,0
1050200,2015-01-28,train,14,0
1050200,2015-01-28,train,15,0
1050200,2015-01-28,train,16,0
1050155,2015-01-28,train,1,0
1050155,2015-01-28,train,2,0
1050155,2015-01-28,train,3,0
1050155,2015-01-28,train,4,0
1050155,2015-01-28,train,5,1
1050155,2015-01-28,train,6,0
1050155,2015-01-28,train,7,0
1050155,2015-01-28,train,8,0
1050155,2015-01-28,train,9,0
1050155,2015-01-28,train,10,0
1050155,2015-01-28,train,11,0
1050155,2015-01-28,train,12,0
1050155,2015-01-28,train,13,0
1050155,2015-01-28,train,14,0
1050155,2015-01-28,train,15,0
1050155,2015-01-28,train,16,0
1050157,2015-01-28,train,1,0
1050157,2015-01-28,train,2,0
1050157,2015-01-28,train,3,1
1050157,2015-01-28,train,4,0
1050157,2015-01-28,train,5,0
1050157,2015-01-28,train,6,0
1050157,2015-01-28,train,7,0
1050157,2015-01-28,train,8,0
1050157,2015-01-28,train,9,0
1050157,2015-01-28,train,10,0
1050157,2015-01-28,train,11,0
1050157,2015-01-28,train,12,0
1050157,2015-01-28,train,13,0
1050157,2015-01-28,train,14,0
1050157,2015-01-28,train,15,0
1050157,2015-01-28,train,16,0
1050182,2015-01-28,train,1,0
1050182,2015-01-28,train,2,0
1050182,2015-01-28,train,3,1
1050182,2015-01-28,train,4,0
1050182,2015-01-28,train,5,0
1050182,2015-01-28,train,6,0
1050182,2015-01-28,train,7,0
1050182,2015-01-28,train,8,0
1050182,2015-01-28,train,9,0
1050182,2015-01-28,train,10,0
1050182,2015-01-28,train,11,0
1050182,2015-01-28,train,12,0
1050182,2015-01-28,train,13,0
1050182,2015-01-28,train,14,0
1050182,2015-01-28,train,15,0
1050182,2015-01-28,train,16,0
1050183,2015-01-28,train,1,0
1050183,2015-01-28,train,2,0
1050183,2015-01-28,train,3,1
1050183,2015-01-28,train,4,0
1050183,2015-01-28,train,5,0
1050183,2015-01-28,train,6,0
1050183,2015-01-28,train,7,0
1050183,2015-01-28,train,8,0
1050183,2015-01-28,train,9,0
1050183,2015-01-28,train,10,0
1050183,2015-01-28,train,11,0
1050183,2015-01-28,train,12,0
1050183,2015-01-28,train,13,0
1050183,2015-01-28,train,14,0
1050183,2015-01-28,train,15,0
1050183,2015-01-28,train,16,0
1050184,2015-01-28,train,1,0
1050184,2015-01-28,train,2,0
1050184,2015-01-28,train,3,1
1050184,2015-01-28,train,4,0
1050184,2015-01-28,train,5,0
1050184,2015-01-28,train,6,0
1050184,2015-01-28,train,7,0
1050184,2015-01-28,train,8,0
1050184,2015-01-28,train,9,0
1050184,2015-01-28,train,10,0
1050184,2015-01-28,train,11,0
1050184,2015-01-28,train,12,0
1050184,2015-01-28,train,13,0
1050184,2015-01-28,train,14,0
1050184,2015-01-28,train,15,0
1050184,2015-01-28,train,16,0
1050185,2015-01-28,train,1,0
1050185,2015-01-28,train,2,0
1050185,2015-01-28,train,3,1
1050185,2015-01-28,train,4,0
1050185,2015-01-28,train,5,0
1050185,2015-01-28,train,6,0
1050185,2015-01-28,train,7,0
1050185,2015-01-28,train,8,0
1050185,2015-01-28,train,9,0
1050185,2015-01-28,train,10,0
1050185,2015-01-28,train,11,0
1050185,2015-01-28,train,12,0
1050185,2015-01-28,train,13,0
1050185,2015-01-28,train,14,0
1050185,2015-01-28,train,15,0
1050185,2015-01-28,train,16,0
1050186,2015-01-28,train,1,0
1050186,2015-01-28,train,2,0
1050186,2015-01-28,train,3,1
1050186,2015-01-28,train,4,0
1050186,2015-01-28,train,5,0
1050186,2015-01-28,train,6,0
1050186,2015-01-28,train,7,0
1050186,2015-01-28,train,8,0
1050186,2015-01-28,train,9,0
1050186,2015-01-28,train,10,0
1050186,2015-01-28,train,11,0
1050186,2015-01-28,train,12,0
1050186,2015-01-28,train,13,0
1050186,2015-01-28,train,14,0
1050186,2015-01-28,train,15,0
1050186,2015-01-28,train,16,0
1050188,2015-01-28,train,1,0
1050188,2015-01-28,train,2,0
1050188,2015-01-28,train,3,1
1050188,2015-01-28,train,4,0
1050188,2015-01-28,train,5,0
1050188,2015-01-28,train,6,0
1050188,2015-01-28,train,7,0
1050188,2015-01-28,train,8,0
1050188,2015-01-28,train,9,0
1050188,2015-01-28,train,10,0
1050188,2015-01-28,train,11,0
1050188,2015-01-28,train,12,0
1050188,2015-01-28,train,13,0
1050188,2015-01-28,train,14,0
1050188,2015-01-28,train,15,0
1050188,2015-01-28,train,16,0
1050189,2015-01-28,train,1,0
1050189,2015-01-28,train,2,0
1050189,2015-01-28,train,3,1
1050189,2015-01-28,train,4,0
1050189,2015-01-28,train,5,0
1050189,2015-01-28,train,6,0
1050189,2015-01-28,train,7,0
1050189,2015-01-28,train,8,0
1050189,2015-01-28,train,9,0
1050189,2015-01-28,train,10,0
1050189,2015-01-28,train,11,0
1050189,2015-01-28,train,12,0
1050189,2015-01-28,train,13,0
1050189,2015-01-28,train,14,0
1050189,2015-01-28,train,15,0
1050189,2015-01-28,train,16,0
1050190,2015-01-28,train,1,0
1050190,2015-01-28,train,2,0
1050190,2015-01-28,train,3,1
1050190,2015-01-28,train,4,0
1050190,2015-01-28,train,5,0
1050190,2015-01-28,train,6,0
1050190,2015-01-28,train,7,0
1050190,2015-01-28,train,8,0
1050190,2015-01-28,train,9,0
1050190,2015-01-28,train,10,0
1050190,2015-01-28,train,11,0
1050190,2015-01-28,train,12,0
1050190,2015-01-28,train,13,0
1050190,2015-01-28,train,14,0
1050190,2015-01-28,train,15,0
1050190,2015-01-28,train,16,0
1050191,2015-01-28,train,1,0
1050191,2015-01-28,train,2,0
1050191,2015-01-28,train,3,1
1050191,2015-01-28,train,4,0
1050191,2015-01-28,train,5,0
1050191,2015-01-28,train,6,0
1050191,2015-01-28,train,7,0
1050191,2015-01-28,train,8,0
1050191,2015-01-28,train,9,0
1050191,2015-01-28,train,10,0
1050191,2015-01-28,train,11,0
1050191,2015-01-28,train,12,0
1050191,2015-01-28,train,13,0
1050191,2015-01-28,train,14,0
1050191,2015-01-28,train,15,0
1050191,2015-01-28,train,16,0
1050192,2015-01-28,train,1,0
1050192,2015-01-28,train,2,0
1050192,2015-01-28,train,3,1
1050192,2015-01-28,train,4,0
1050192,2015-01-28,train,5,0
1050192,2015-01-28,train,6,0
1050192,2015-01-28,train,7,0
1050192,2015-01-28,train,8,0
1050192,2015-01-28,train,9,0
1050192,2015-01-28,train,10,0
1050192,2015-01-28,train,11,0
1050192,2015-01-28,train,12,0
1050192,2015-01-28,train,13,0
1050192,2015-01-28,train,14,0
1050192,2015-01-28,train,15,0
1050192,2015-01-28,train,16,0
1050193,2015-01-28,train,1,0
1050193,2015-01-28,train,2,0
1050193,2015-01-28,train,3,1
1050193,2015-01-28,train,4,0
1050193,2015-01-28,train,5,0
1050193,2015-01-28,train,6,0
1050193,2015-01-28,train,7,0
1050193,2015-01-28,train,8,0
1050193,2015-01-28,train,9,0
1050193,2015-01-28,train,10,0
1050193,2015-01-28,train,11,0
1050193,2015-01-28,train,12,0
1050193,2015-01-28,train,13,0
1050193,2015-01-28,train,14,0
1050193,2015-01-28,train,15,0
1050193,2015-01-28,train,16,0
1050194,2015-01-28,train,1,0
1050194,2015-01-28,train,2,0
1050194,2015-01-28,train,3,1
1050194,2015-01-28,train,4,0
1050194,2015-01-28,train,5,0
1050194,2015-01-28,train,6,0
1050194,2015-01-28,train,7,0
1050194,2015-01-28,train,8,0
1050194,2015-01-28,train,9,0
1050194,2015-01-28,train,10,0
1050194,2015-01-28,train,11,0
1050194,2015-01-28,train,12,0
1050194,2015-01-28,train,13,0
1050194,2015-01-28,train,14,0
1050194,2015-01-28,train,15,0
1050194,2015-01-28,train,16,0
1050195,2015-01-28,train,1,0
1050195,2015-01-28,train,2,0
1050195,2015-01-28,train,3,1
1050195,2015-01-28,train,4,0
1050195,2015-01-28,train,5,0
1050195,2015-01-28,train,6,0
1050195,2015-01-28,train,7,0
1050195,2015-01-28,train,8,0
1050195,2015-01-28,train,9,0
1050195,2015-01-28,train,10,0
1050195,2015-01-28,train,11,0
1050195,2015-01-28,train,12,0
1050195,2015-01-28,train,13,0
1050195,2015-01-28,train,14,0
1050195,2015-01-28,train,15,0
1050195,2015-01-28,train,16,0
1050197,2015-01-28,train,1,0
1050197,2015-01-28,train,2,0
1050197,2015-01-28,train,3,1
1050197,2015-01-28,train,4,0
1050197,2015-01-28,train,5,0
1050197,2015-01-28,train,6,0
1050197,2015-01-28,train,7,0
1050197,2015-01-28,train,8,0
1050197,2015-01-28,train,9,0
1050197,2015-01-28,train,10,0
1050197,2015-01-28,train,11,0
1050197,2015-01-28,train,12,0
1050197,2015-01-28,train,13,0
1050197,2015-01-28,train,14,0
1050197,2015-01-28,train,15,0
1050197,2015-01-28,train,16,0
1050198,2015-01-28,train,1,0
1050198,2015-01-28,train,2,0
1050198,2015-01-28,train,3,1
1050198,2015-01-28,train,4,0
1050198,2015-01-28,train,5,0
1050198,2015-01-28,train,6,0
1050198,2015-01-28,train,7,0
1050198,2015-01-28,train,8,0
1050198,2015-01-28,train,9,0
1050198,2015-01-28,train,10,0
1050198,2015-01-28,train,11,0
1050198,2015-01-28,train,12,0
1050198,2015-01-28,train,13,0
1050198,2015-01-28,train,14,0
1050198,2015-01-28,train,15,0
1050198,2015-01-28,train,16,0
1050179,2015-01-28,train,1,0
1050179,2015-01-28,train,2,0
1050179,2015-01-28,train,3,1
1050179,2015-01-28,train,4,0
1050179,2015-01-28,train,5,0
1050179,2015-01-28,train,6,0
1050179,2015-01-28,train,7,0
1050179,2015-01-28,train,8,0
1050179,2015-01-28,train,9,0
1050179,2015-01-28,train,10,0
1050179,2015-01-28,train,11,0
1050179,2015-01-28,train,12,0
1050179,2015-01-28,train,13,0
1050179,2015-01-28,train,14,0
1050179,2015-01-28,train,15,0
1050179,2015-01-28,train,16,0
1050156,2015-01-28,train,1,0
1050156,2015-01-28,train,2,0
1050156,2015-01-28,train,3,1
1050156,2015-01-28,train,4,0
1050156,2015-01-28,train,5,0
1050156,2015-01-28,train,6,0
1050156,2015-01-28,train,7,0
1050156,2015-01-28,train,8,0
1050156,2015-01-28,train,9,0
1050156,2015-01-28,train,10,0
1050156,2015-01-28,train,11,0
1050156,2015-01-28,train,12,0
1050156,2015-01-28,train,13,0
1050156,2015-01-28,train,14,0
1050156,2015-01-28,train,15,0
1050156,2015-01-28,train,16,0
1050176,2015-01-28,train,1,0
1050176,2015-01-28,train,2,0
1050176,2015-01-28,train,3,1
1050176,2015-01-28,train,4,0
1050176,2015-01-28,train,5,0
1050176,2015-01-28,train,6,0
1050176,2015-01-28,train,7,0
1050176,2015-01-28,train,8,0
1050176,2015-01-28,train,9,0
1050176,2015-01-28,train,10,0
1050176,2015-01-28,train,11,0
1050176,2015-01-28,train,12,0
1050176,2015-01-28,train,13,0
1050176,2015-01-28,train,14,0
1050176,2015-01-28,train,15,0
1050176,2015-01-28,train,16,0
1050174,2015-01-28,train,1,0
1050174,2015-01-28,train,2,0
1050174,2015-01-28,train,3,1
1050174,2015-01-28,train,4,0
1050174,2015-01-28,train,5,0
1050174,2015-01-28,train,6,0
1050174,2015-01-28,train,7,0
1050174,2015-01-28,train,8,0
1050174,2015-01-28,train,9,0
1050174,2015-01-28,train,10,0
1050174,2015-01-28,train,11,0
1050174,2015-01-28,train,12,0
1050174,2015-01-28,train,13,0
1050174,2015-01-28,train,14,0
1050174,2015-01-28,train,15,0
1050174,2015-01-28,train,16,0
1050158,2015-01-28,train,1,0
1050158,2015-01-28,train,2,0
1050158,2015-01-28,train,3,1
1050158,2015-01-28,train,4,0
1050158,2015-01-28,train,5,0
1050158,2015-01-28,train,6,0
1050158,2015-01-28,train,7,0
1050158,2015-01-28,train,8,0
1050158,2015-01-28,train,9,0
1050158,2015-01-28,train,10,0
1050158,2015-01-28,train,11,0
1050158,2015-01-28,train,12,0
1050158,2015-01-28,train,13,0
1050158,2015-01-28,train,14,0
1050158,2015-01-28,train,15,0
1050158,2015-01-28,train,16,0
1050159,2015-01-28,train,1,0
1050159,2015-01-28,train,2,0
1050159,2015-01-28,train,3,1
1050159,2015-01-28,train,4,0
1050159,2015-01-28,train,5,0
1050159,2015-01-28,train,6,0
1050159,2015-01-28,train,7,0
1050159,2015-01-28,train,8,0
1050159,2015-01-28,train,9,0
1050159,2015-01-28,train,10,0
1050159,2015-01-28,train,11,0
1050159,2015-01-28,train,12,0
1050159,2015-01-28,train,13,0
1050159,2015-01-28,train,14,0
1050159,2015-01-28,train,15,0
1050159,2015-01-28,train,16,0
1050160,2015-01-28,train,1,0
1050160,2015-01-28,train,2,0
1050160,2015-01-28,train,3,1
1050160,2015-01-28,train,4,0
1050160,2015-01-28,train,5,0
1050160,2015-01-28,train,6,0
1050160,2015-01-28,train,7,0
1050160,2015-01-28,train,8,0
1050160,2015-01-28,train,9,0
1050160,2015-01-28,train,10,0
1050160,2015-01-28,train,11,0
1050160,2015-01-28,train,12,0
1050160,2015-01-28,train,13,0
1050160,2015-01-28,train,14,0
1050160,2015-01-28,train,15,0
1050160,2015-01-28,train,16,0
1050161,2015-01-28,train,1,0
1050161,2015-01-28,train,2,0
1050161,2015-01-28,train,3,1
1050161,2015-01-28,train,4,0
1050161,2015-01-28,train,5,0
1050161,2015-01-28,train,6,0
1050161,2015-01-28,train,7,0
1050161,2015-01-28,train,8,0
1050161,2015-01-28,train,9,0
1050161,2015-01-28,train,10,0
1050161,2015-01-28,train,11,0
1050161,2015-01-28,train,12,0
1050161,2015-01-28,train,13,0
1050161,2015-01-28,train,14,0
1050161,2015-01-28,train,15,0
1050161,2015-01-28,train,16,0
1050162,2015-01-28,train,1,0
1050162,2015-01-28,train,2,0
1050162,2015-01-28,train,3,1
1050162,2015-01-28,train,4,0
1050162,2015-01-28,train,5,0
1050162,2015-01-28,train,6,0
1050162,2015-01-28,train,7,0
1050162,2015-01-28,train,8,0
1050162,2015-01-28,train,9,0
1050162,2015-01-28,train,10,0
1050162,2015-01-28,train,11,0
1050162,2015-01-28,train,12,0
1050162,2015-01-28,train,13,0
1050162,2015-01-28,train,14,0
1050162,2015-01-28,train,15,0
1050162,2015-01-28,train,16,0
1050163,2015-01-28,train,1,0
1050163,2015-01-28,train,2,0
1050163,2015-01-28,train,3,1
1050163,2015-01-28,train,4,0
1050163,2015-01-28,train,5,0
1050163,2015-01-28,train,6,0
1050163,2015-01-28,train,7,0
1050163,2015-01-28,train,8,0
1050163,2015-01-28,train,9,0
1050163,2015-01-28,train,10,0
1050163,2015-01-28,train,11,0
1050163,2015-01-28,train,12,0
1050163,2015-01-28,train,13,0
1050163,2015-01-28,train,14,0
1050163,2015-01-28,train,15,0
1050163,2015-01-28,train,16,0
1050164,2015-01-28,train,1,0
1050164,2015-01-28,train,2,0
1050164,2015-01-28,train,3,1
1050164,2015-01-28,train,4,0
1050164,2015-01-28,train,5,0
1050164,2015-01-28,train,6,0
1050164,2015-01-28,train,7,0
1050164,2015-01-28,train,8,0
1050164,2015-01-28,train,9,0
1050164,2015-01-28,train,10,0
1050164,2015-01-28,train,11,0
1050164,2015-01-28,train,12,0
1050164,2015-01-28,train,13,0
1050164,2015-01-28,train,14,0
1050164,2015-01-28,train,15,0
1050164,2015-01-28,train,16,0
1050165,2015-01-28,train,1,0
1050165,2015-01-28,train,2,0
1050165,2015-01-28,train,3,1
1050165,2015-01-28,train,4,0
1050165,2015-01-28,train,5,0
1050165,2015-01-28,train,6,0
1050165,2015-01-28,train,7,0
1050165,2015-01-28,train,8,0
1050165,2015-01-28,train,9,0
1050165,2015-01-28,train,10,0
1050165,2015-01-28,train,11,0
1050165,2015-01-28,train,12,0
1050165,2015-01-28,train,13,0
1050165,2015-01-28,train,14,0
1050165,2015-01-28,train,15,0
1050165,2015-01-28,train,16,0
1050166,2015-01-28,train,1,0
1050166,2015-01-28,train,2,0
1050166,2015-01-28,train,3,1
1050166,2015-01-28,train,4,0
1050166,2015-01-28,train,5,0
1050166,2015-01-28,train,6,0
1050166,2015-01-28,train,7,0
1050166,2015-01-28,train,8,0
1050166,2015-01-28,train,9,0
1050166,2015-01-28,train,10,0
1050166,2015-01-28,train,11,0
1050166,2015-01-28,train,12,0
1050166,2015-01-28,train,13,0
1050166,2015-01-28,train,14,0
1050166,2015-01-28,train,15,0
1050166,2015-01-28,train,16,0
1050167,2015-01-28,train,1,0
1050167,2015-01-28,train,2,0
1050167,2015-01-28,train,3,1
1050167,2015-01-28,train,4,0
1050167,2015-01-28,train,5,0
1050167,2015-01-28,train,6,0
1050167,2015-01-28,train,7,0
1050167,2015-01-28,train,8,0
1050167,2015-01-28,train,9,0
1050167,2015-01-28,train,10,0
1050167,2015-01-28,train,11,0
1050167,2015-01-28,train,12,0
1050167,2015-01-28,train,13,0
1050167,2015-01-28,train,14,0
1050167,2015-01-28,train,15,0
1050167,2015-01-28,train,16,0
1050168,2015-01-28,train,1,0
1050168,2015-01-28,train,2,0
1050168,2015-01-28,train,3,1
1050168,2015-01-28,train,4,0
1050168,2015-01-28,train,5,0
1050168,2015-01-28,train,6,0
1050168,2015-01-28,train,7,0
1050168,2015-01-28,train,8,0
1050168,2015-01-28,train,9,0
1050168,2015-01-28,train,10,0
1050168,2015-01-28,train,11,0
1050168,2015-01-28,train,12,0
1050168,2015-01-28,train,13,0
1050168,2015-01-28,train,14,0
1050168,2015-01-28,train,15,0
1050168,2015-01-28,train,16,0
1050169,2015-01-28,train,1,0
1050169,2015-01-28,train,2,0
1050169,2015-01-28,train,3,1
1050169,2015-01-28,train,4,0
1050169,2015-01-28,train,5,0
1050169,2015-01-28,train,6,0
1050169,2015-01-28,train,7,0
1050169,2015-01-28,train,8,0
1050169,2015-01-28,train,9,0
1050169,2015-01-28,train,10,0
1050169,2015-01-28,train,11,0
1050169,2015-01-28,train,12,0
1050169,2015-01-28,train,13,0
1050169,2015-01-28,train,14,0
1050169,2015-01-28,train,15,0
1050169,2015-01-28,train,16,0
1050171,2015-01-28,train,1,0
1050171,2015-01-28,train,2,0
1050171,2015-01-28,train,3,1
1050171,2015-01-28,train,4,0
1050171,2015-01-28,train,5,0
1050171,2015-01-28,train,6,0
1050171,2015-01-28,train,7,0
1050171,2015-01-28,train,8,0
1050171,2015-01-28,train,9,0
1050171,2015-01-28,train,10,0
1050171,2015-01-28,train,11,0
1050171,2015-01-28,train,12,0
1050171,2015-01-28,train,13,0
1050171,2015-01-28,train,14,0
1050171,2015-01-28,train,15,0
1050171,2015-01-28,train,16,0
1050172,2015-01-28,train,1,0
1050172,2015-01-28,train,2,0
1050172,2015-01-28,train,3,1
1050172,2015-01-28,train,4,0
1050172,2015-01-28,train,5,0
1050172,2015-01-28,train,6,0
1050172,2015-01-28,train,7,0
1050172,2015-01-28,train,8,0
1050172,2015-01-28,train,9,0
1050172,2015-01-28,train,10,0
1050172,2015-01-28,train,11,0
1050172,2015-01-28,train,12,0
1050172,2015-01-28,train,13,0
1050172,2015-01-28,train,14,0
1050172,2015-01-28,train,15,0
1050172,2015-01-28,train,16,0
1050173,2015-01-28,train,1,0
1050173,2015-01-28,train,2,0
1050173,2015-01-28,train,3,1
1050173,2015-01-28,train,4,0
1050173,2015-01-28,train,5,0
1050173,2015-01-28,train,6,0
1050173,2015-01-28,train,7,0
1050173,2015-01-28,train,8,0
1050173,2015-01-28,train,9,0
1050173,2015-01-28,train,10,0
1050173,2015-01-28,train,11,0
1050173,2015-01-28,train,12,0
1050173,2015-01-28,train,13,0
1050173,2015-01-28,train,14,0
1050173,2015-01-28,train,15,0
1050173,2015-01-28,train,16,0
1050175,2015-01-28,train,1,0
1050175,2015-01-28,train,2,0
1050175,2015-01-28,train,3,1
1050175,2015-01-28,train,4,0
1050175,2015-01-28,train,5,0
1050175,2015-01-28,train,6,0
1050175,2015-01-28,train,7,0
1050175,2015-01-28,train,8,0
1050175,2015-01-28,train,9,0
1050175,2015-01-28,train,10,0
1050175,2015-01-28,train,11,0
1050175,2015-01-28,train,12,0
1050175,2015-01-28,train,13,0
1050175,2015-01-28,train,14,0
1050175,2015-01-28,train,15,0
1050175,2015-01-28,train,16,0
1050296,2015-01-28,train,1,0
1050296,2015-01-28,train,2,0
1050296,2015-01-28,train,3,1
1050296,2015-01-28,train,4,0
1050296,2015-01-28,train,5,0
1050296,2015-01-28,train,6,0
1050296,2015-01-28,train,7,0
1050296,2015-01-28,train,8,0
1050296,2015-01-28,train,9,0
1050296,2015-01-28,train,10,0
1050296,2015-01-28,train,11,0
1050296,2015-01-28,train,12,0
1050296,2015-01-28,train,13,0
1050296,2015-01-28,train,14,0
1050296,2015-01-28,train,15,0
1050296,2015-01-28,train,16,0
1050298,2015-01-28,train,1,0
1050298,2015-01-28,train,2,0
1050298,2015-01-28,train,3,1
1050298,2015-01-28,train,4,0
1050298,2015-01-28,train,5,0
1050298,2015-01-28,train,6,0
1050298,2015-01-28,train,7,0
1050298,2015-01-28,train,8,0
1050298,2015-01-28,train,9,0
1050298,2015-01-28,train,10,0
1050298,2015-01-28,train,11,0
1050298,2015-01-28,train,12,0
1050298,2015-01-28,train,13,0
1050298,2015-01-28,train,14,0
1050298,2015-01-28,train,15,0
1050298,2015-01-28,train,16,0
1050299,2015-01-28,train,1,0
1050299,2015-01-28,train,2,0
1050299,2015-01-28,train,3,1
1050299,2015-01-28,train,4,0
1050299,2015-01-28,train,5,0
1050299,2015-01-28,train,6,0
1050299,2015-01-28,train,7,0
1050299,2015-01-28,train,8,0
1050299,2015-01-28,train,9,0
1050299,2015-01-28,train,10,0
1050299,2015-01-28,train,11,0
1050299,2015-01-28,train,12,0
1050299,2015-01-28,train,13,0
1050299,2015-01-28,train,14,0
1050299,2015-01-28,train,15,0
1050299,2015-01-28,train,16,0
1050417,2015-01-28,train,1,0
1050417,2015-01-28,train,2,0
1050417,2015-01-28,train,3,1
1050417,2015-01-28,train,4,0
1050417,2015-01-28,train,5,0
1050417,2015-01-28,train,6,0
1050417,2015-01-28,train,7,0
1050417,2015-01-28,train,8,0
1050417,2015-01-28,train,9,0
1050417,2015-01-28,train,10,0
1050417,2015-01-28,train,11,0
1050417,2015-01-28,train,12,0
1050417,2015-01-28,train,13,0
1050417,2015-01-28,train,14,0
1050417,2015-01-28,train,15,0
1050417,2015-01-28,train,16,0
1050418,2015-01-28,train,1,0
1050418,2015-01-28,train,2,0
1050418,2015-01-28,train,3,1
1050418,2015-01-28,train,4,0
1050418,2015-01-28,train,5,0
1050418,2015-01-28,train,6,0
1050418,2015-01-28,train,7,0
1050418,2015-01-28,train,8,0
1050418,2015-01-28,train,9,0
1050418,2015-01-28,train,10,0
1050418,2015-01-28,train,11,0
1050418,2015-01-28,train,12,0
1050418,2015-01-28,train,13,0
1050418,2015-01-28,train,14,0
1050418,2015-01-28,train,15,0
1050418,2015-01-28,train,16,0
1050419,2015-01-28,train,1,0
1050419,2015-01-28,train,2,0
1050419,2015-01-28,train,3,1
1050419,2015-01-28,train,4,0
1050419,2015-01-28,train,5,0
1050419,2015-01-28,train,6,0
1050419,2015-01-28,train,7,0
1050419,2015-01-28,train,8,0
1050419,2015-01-28,train,9,0
1050419,2015-01-28,train,10,0
1050419,2015-01-28,train,11,0
1050419,2015-01-28,train,12,0
1050419,2015-01-28,train,13,0
1050419,2015-01-28,train,14,0
1050419,2015-01-28,train,15,0
1050419,2015-01-28,train,16,0
1050420,2015-01-28,train,1,0
1050420,2015-01-28,train,2,0
1050420,2015-01-28,train,3,1
1050420,2015-01-28,train,4,0
1050420,2015-01-28,train,5,0
1050420,2015-01-28,train,6,0
1050420,2015-01-28,train,7,0
1050420,2015-01-28,train,8,0
1050420,2015-01-28,train,9,0
1050420,2015-01-28,train,10,0
1050420,2015-01-28,train,11,0
1050420,2015-01-28,train,12,0
1050420,2015-01-28,train,13,0
1050420,2015-01-28,train,14,0
1050420,2015-01-28,train,15,0
1050420,2015-01-28,train,16,0
1050421,2015-01-28,train,1,0
1050421,2015-01-28,train,2,0
1050421,2015-01-28,train,3,1
1050421,2015-01-28,train,4,0
1050421,2015-01-28,train,5,0
1050421,2015-01-28,train,6,0
1050421,2015-01-28,train,7,0
1050421,2015-01-28,train,8,0
1050421,2015-01-28,train,9,0
1050421,2015-01-28,train,10,0
1050421,2015-01-28,train,11,0
1050421,2015-01-28,train,12,0
1050421,2015-01-28,train,13,0
1050421,2015-01-28,train,14,0
1050421,2015-01-28,train,15,0
1050421,2015-01-28,train,16,0
1050422,2015-01-28,train,1,0
1050422,2015-01-28,train,2,0
1050422,2015-01-28,train,3,1
1050422,2015-01-28,train,4,0
1050422,2015-01-28,train,5,0
1050422,2015-01-28,train,6,0
1050422,2015-01-28,train,7,0
1050422,2015-01-28,train,8,0
1050422,2015-01-28,train,9,0
1050422,2015-01-28,train,10,0
1050422,2015-01-28,train,11,0
1050422,2015-01-28,train,12,0
1050422,2015-01-28,train,13,0
1050422,2015-01-28,train,14,0
1050422,2015-01-28,train,15,0
1050422,2015-01-28,train,16,0
1050423,2015-01-28,train,1,0
1050423,2015-01-28,train,2,0
1050423,2015-01-28,train,3,1
1050423,2015-01-28,train,4,0
1050423,2015-01-28,train,5,0
1050423,2015-01-28,train,6,0
1050423,2015-01-28,train,7,0
1050423,2015-01-28,train,8,0
1050423,2015-01-28,train,9,0
1050423,2015-01-28,train,10,0
1050423,2015-01-28,train,11,0
1050423,2015-01-28,train,12,0
1050423,2015-01-28,train,13,0
1050423,2015-01-28,train,14,0
1050423,2015-01-28,train,15,0
1050423,2015-01-28,train,16,0
1050424,2015-01-28,train,1,0
1050424,2015-01-28,train,2,0
1050424,2015-01-28,train,3,1
1050424,2015-01-28,train,4,0
1050424,2015-01-28,train,5,0
1050424,2015-01-28,train,6,0
1050424,2015-01-28,train,7,0
1050424,2015-01-28,train,8,0
1050424,2015-01-28,train,9,0
1050424,2015-01-28,train,10,0
1050424,2015-01-28,train,11,0
1050424,2015-01-28,train,12,0
1050424,2015-01-28,train,13,0
1050424,2015-01-28,train,14,0
1050424,2015-01-28,train,15,0
1050424,2015-01-28,train,16,0
1050425,2015-01-28,train,1,0
1050425,2015-01-28,train,2,0
1050425,2015-01-28,train,3,1
1050425,2015-01-28,train,4,0
1050425,2015-01-28,train,5,0
1050425,2015-01-28,train,6,0
1050425,2015-01-28,train,7,0
1050425,2015-01-28,train,8,0
1050425,2015-01-28,train,9,0
1050425,2015-01-28,train,10,0
1050425,2015-01-28,train,11,0
1050425,2015-01-28,train,12,0
1050425,2015-01-28,train,13,0
1050425,2015-01-28,train,14,0
1050425,2015-01-28,train,15,0
1050425,2015-01-28,train,16,0
1050426,2015-01-28,train,1,0
1050426,2015-01-28,train,2,0
1050426,2015-01-28,train,3,1
1050426,2015-01-28,train,4,0
1050426,2015-01-28,train,5,0
1050426,2015-01-28,train,6,0
1050426,2015-01-28,train,7,0
1050426,2015-01-28,train,8,0
1050426,2015-01-28,train,9,0
1050426,2015-01-28,train,10,0
1050426,2015-01-28,train,11,0
1050426,2015-01-28,train,12,0
1050426,2015-01-28,train,13,0
1050426,2015-01-28,train,14,0
1050426,2015-01-28,train,15,0
1050426,2015-01-28,train,16,0
1050428,2015-01-28,train,1,0
1050428,2015-01-28,train,2,0
1050428,2015-01-28,train,3,1
1050428,2015-01-28,train,4,0
1050428,2015-01-28,train,5,0
1050428,2015-01-28,train,6,0
1050428,2015-01-28,train,7,0
1050428,2015-01-28,train,8,0
1050428,2015-01-28,train,9,0
1050428,2015-01-28,train,10,0
1050428,2015-01-28,train,11,0
1050428,2015-01-28,train,12,0
1050428,2015-01-28,train,13,0
1050428,2015-01-28,train,14,0
1050428,2015-01-28,train,15,0
1050428,2015-01-28,train,16,0
1050430,2015-01-28,train,1,0
1050430,2015-01-28,train,2,0
1050430,2015-01-28,train,3,1
1050430,2015-01-28,train,4,0
1050430,2015-01-28,train,5,0
1050430,2015-01-28,train,6,0
1050430,2015-01-28,train,7,0
1050430,2015-01-28,train,8,0
1050430,2015-01-28,train,9,0
1050430,2015-01-28,train,10,0
1050430,2015-01-28,train,11,0
1050430,2015-01-28,train,12,0
1050430,2015-01-28,train,13,0
1050430,2015-01-28,train,14,0
1050430,2015-01-28,train,15,0
1050430,2015-01-28,train,16,0
1050431,2015-01-28,train,1,0
1050431,2015-01-28,train,2,0
1050431,2015-01-28,train,3,1
1050431,2015-01-28,train,4,0
1050431,2015-01-28,train,5,0
1050431,2015-01-28,train,6,0
1050431,2015-01-28,train,7,0
1050431,2015-01-28,train,8,0
1050431,2015-01-28,train,9,0
1050431,2015-01-28,train,10,0
1050431,2015-01-28,train,11,0
1050431,2015-01-28,train,12,0
1050431,2015-01-28,train,13,0
1050431,2015-01-28,train,14,0
1050431,2015-01-28,train,15,0
1050431,2015-01-28,train,16,0
1050432,2015-01-28,train,1,0
1050432,2015-01-28,train,2,0
1050432,2015-01-28,train,3,1
1050432,2015-01-28,train,4,0
1050432,2015-01-28,train,5,0
1050432,2015-01-28,train,6,0
1050432,2015-01-28,train,7,0
1050432,2015-01-28,train,8,0
1050432,2015-01-28,train,9,0
1050432,2015-01-28,train,10,0
1050432,2015-01-28,train,11,0
1050432,2015-01-28,train,12,0
1050432,2015-01-28,train,13,0
1050432,2015-01-28,train,14,0
1050432,2015-01-28,train,15,0
1050432,2015-01-28,train,16,0
1050433,2015-01-28,train,1,0
1050433,2015-01-28,train,2,0
1050433,2015-01-28,train,3,1
1050433,2015-01-28,train,4,0
1050433,2015-01-28,train,5,0
1050433,2015-01-28,train,6,0
1050433,2015-01-28,train,7,0
1050433,2015-01-28,train,8,0
1050433,2015-01-28,train,9,0
1050433,2015-01-28,train,10,0
1050433,2015-01-28,train,11,0
1050433,2015-01-28,train,12,0
1050433,2015-01-28,train,13,0
1050433,2015-01-28,train,14,0
1050433,2015-01-28,train,15,0
1050433,2015-01-28,train,16,0
1050416,2015-01-28,train,1,0
1050416,2015-01-28,train,2,0
1050416,2015-01-28,train,3,1
1050416,2015-01-28,train,4,0
1050416,2015-01-28,train,5,0
1050416,2015-01-28,train,6,0
1050416,2015-01-28,train,7,0
1050416,2015-01-28,train,8,0
1050416,2015-01-28,train,9,0
1050416,2015-01-28,train,10,0
1050416,2015-01-28,train,11,0
1050416,2015-01-28,train,12,0
1050416,2015-01-28,train,13,0
1050416,2015-01-28,train,14,0
1050416,2015-01-28,train,15,0
1050416,2015-01-28,train,16,0
1050435,2015-01-28,train,1,0
1050435,2015-01-28,train,2,0
1050435,2015-01-28,train,3,1
1050435,2015-01-28,train,4,0
1050435,2015-01-28,train,5,0
1050435,2015-01-28,train,6,0
1050435,2015-01-28,train,7,0
1050435,2015-01-28,train,8,0
1050435,2015-01-28,train,9,0
1050435,2015-01-28,train,10,0
1050435,2015-01-28,train,11,0
1050435,2015-01-28,train,12,0
1050435,2015-01-28,train,13,0
1050435,2015-01-28,train,14,0
1050435,2015-01-28,train,15,0
1050435,2015-01-28,train,16,0
1050415,2015-01-28,train,1,0
1050415,2015-01-28,train,2,0
1050415,2015-01-28,train,3,1
1050415,2015-01-28,train,4,0
1050415,2015-01-28,train,5,0
1050415,2015-01-28,train,6,0
1050415,2015-01-28,train,7,0
1050415,2015-01-28,train,8,0
1050415,2015-01-28,train,9,0
1050415,2015-01-28,train,10,0
1050415,2015-01-28,train,11,0
1050415,2015-01-28,train,12,0
1050415,2015-01-28,train,13,0
1050415,2015-01-28,train,14,0
1050415,2015-01-28,train,15,0
1050415,2015-01-28,train,16,0
1050413,2015-01-28,train,1,0
1050413,2015-01-28,train,2,0
1050413,2015-01-28,train,3,1
1050413,2015-01-28,train,4,0
1050413,2015-01-28,train,5,0
1050413,2015-01-28,train,6,0
1050413,2015-01-28,train,7,0
1050413,2015-01-28,train,8,0
1050413,2015-01-28,train,9,0
1050413,2015-01-28,train,10,0
1050413,2015-01-28,train,11,0
1050413,2015-01-28,train,12,0
1050413,2015-01-28,train,13,0
1050413,2015-01-28,train,14,0
1050413,2015-01-28,train,15,0
1050413,2015-01-28,train,16,0
1050394,2015-01-28,train,1,0
1050394,2015-01-28,train,2,0
1050394,2015-01-28,train,3,1
1050394,2015-01-28,train,4,0
1050394,2015-01-28,train,5,0
1050394,2015-01-28,train,6,0
1050394,2015-01-28,train,7,0
1050394,2015-01-28,train,8,0
1050394,2015-01-28,train,9,0
1050394,2015-01-28,train,10,0
1050394,2015-01-28,train,11,0
1050394,2015-01-28,train,12,0
1050394,2015-01-28,train,13,0
1050394,2015-01-28,train,14,0
1050394,2015-01-28,train,15,0
1050394,2015-01-28,train,16,0
1050396,2015-01-28,train,1,0
1050396,2015-01-28,train,2,0
1050396,2015-01-28,train,3,1
1050396,2015-01-28,train,4,0
1050396,2015-01-28,train,5,0
1050396,2015-01-28,train,6,0
1050396,2015-01-28,train,7,0
1050396,2015-01-28,train,8,0
1050396,2015-01-28,train,9,0
1050396,2015-01-28,train,10,0
1050396,2015-01-28,train,11,0
1050396,2015-01-28,train,12,0
1050396,2015-01-28,train,13,0
1050396,2015-01-28,train,14,0
1050396,2015-01-28,train,15,0
1050396,2015-01-28,train,16,0
1050397,2015-01-28,train,1,0
1050397,2015-01-28,train,2,0
1050397,2015-01-28,train,3,1
1050397,2015-01-28,train,4,0
1050397,2015-01-28,train,5,0
1050397,2015-01-28,train,6,0
1050397,2015-01-28,train,7,0
1050397,2015-01-28,train,8,0
1050397,2015-01-28,train,9,0
1050397,2015-01-28,train,10,0
1050397,2015-01-28,train,11,0
1050397,2015-01-28,train,12,0
1050397,2015-01-28,train,13,0
1050397,2015-01-28,train,14,0
1050397,2015-01-28,train,15,0
1050397,2015-01-28,train,16,0
1050398,2015-01-28,train,1,0
1050398,2015-01-28,train,2,0
1050398,2015-01-28,train,3,1
1050398,2015-01-28,train,4,0
1050398,2015-01-28,train,5,0
1050398,2015-01-28,train,6,0
1050398,2015-01-28,train,7,0
1050398,2015-01-28,train,8,0
1050398,2015-01-28,train,9,0
1050398,2015-01-28,train,10,0
1050398,2015-01-28,train,11,0
1050398,2015-01-28,train,12,0
1050398,2015-01-28,train,13,0
1050398,2015-01-28,train,14,0
1050398,2015-01-28,train,15,0
1050398,2015-01-28,train,16,0
1050400,2015-01-28,train,1,0
1050400,2015-01-28,train,2,0
1050400,2015-01-28,train,3,1
1050400,2015-01-28,train,4,0
1050400,2015-01-28,train,5,0
1050400,2015-01-28,train,6,0
1050400,2015-01-28,train,7,0
1050400,2015-01-28,train,8,0
1050400,2015-01-28,train,9,0
1050400,2015-01-28,train,10,0
1050400,2015-01-28,train,11,0
1050400,2015-01-28,train,12,0
1050400,2015-01-28,train,13,0
1050400,2015-01-28,train,14,0
1050400,2015-01-28,train,15,0
1050400,2015-01-28,train,16,0
1050401,2015-01-28,train,1,0
1050401,2015-01-28,train,2,0
1050401,2015-01-28,train,3,1
1050401,2015-01-28,train,4,0
1050401,2015-01-28,train,5,0
1050401,2015-01-28,train,6,0
1050401,2015-01-28,train,7,0
1050401,2015-01-28,train,8,0
1050401,2015-01-28,train,9,0
1050401,2015-01-28,train,10,0
1050401,2015-01-28,train,11,0
1050401,2015-01-28,train,12,0
1050401,2015-01-28,train,13,0
1050401,2015-01-28,train,14,0
1050401,2015-01-28,train,15,0
1050401,2015-01-28,train,16,0
1050403,2015-01-28,train,1,0
1050403,2015-01-28,train,2,0
1050403,2015-01-28,train,3,1
1050403,2015-01-28,train,4,0
1050403,2015-01-28,train,5,0
1050403,2015-01-28,train,6,0
1050403,2015-01-28,train,7,0
1050403,2015-01-28,train,8,0
1050403,2015-01-28,train,9,0
1050403,2015-01-28,train,10,0
1050403,2015-01-28,train,11,0
1050403,2015-01-28,train,12,0
1050403,2015-01-28,train,13,0
1050403,2015-01-28,train,14,0
1050403,2015-01-28,train,15,0
1050403,2015-01-28,train,16,0
1050404,2015-01-28,train,1,0
1050404,2015-01-28,train,2,0
1050404,2015-01-28,train,3,1
1050404,2015-01-28,train,4,0
1050404,2015-01-28,train,5,0
1050404,2015-01-28,train,6,0
1050404,2015-01-28,train,7,0
1050404,2015-01-28,train,8,0
1050404,2015-01-28,train,9,0
1050404,2015-01-28,train,10,0
1050404,2015-01-28,train,11,0
1050404,2015-01-28,train,12,0
1050404,2015-01-28,train,13,0
1050404,2015-01-28,train,14,0
1050404,2015-01-28,train,15,0
1050404,2015-01-28,train,16,0
1050405,2015-01-28,train,1,0
1050405,2015-01-28,train,2,0
1050405,2015-01-28,train,3,1
1050405,2015-01-28,train,4,0
1050405,2015-01-28,train,5,0
1050405,2015-01-28,train,6,0
1050405,2015-01-28,train,7,0
1050405,2015-01-28,train,8,0
1050405,2015-01-28,train,9,0
1050405,2015-01-28,train,10,0
1050405,2015-01-28,train,11,0
1050405,2015-01-28,train,12,0
1050405,2015-01-28,train,13,0
1050405,2015-01-28,train,14,0
1050405,2015-01-28,train,15,0
1050405,2015-01-28,train,16,0
1050406,2015-01-28,train,1,0
1050406,2015-01-28,train,2,0
1050406,2015-01-28,train,3,1
1050406,2015-01-28,train,4,0
1050406,2015-01-28,train,5,0
1050406,2015-01-28,train,6,0
1050406,2015-01-28,train,7,0
1050406,2015-01-28,train,8,0
1050406,2015-01-28,train,9,0
1050406,2015-01-28,train,10,0
1050406,2015-01-28,train,11,0
1050406,2015-01-28,train,12,0
1050406,2015-01-28,train,13,0
1050406,2015-01-28,train,14,0
1050406,2015-01-28,train,15,0
1050406,2015-01-28,train,16,0
1050407,2015-01-28,train,1,0
1050407,2015-01-28,train,2,0
1050407,2015-01-28,train,3,1
1050407,2015-01-28,train,4,0
1050407,2015-01-28,train,5,0
1050407,2015-01-28,train,6,0
1050407,2015-01-28,train,7,0
1050407,2015-01-28,train,8,0
1050407,2015-01-28,train,9,0
1050407,2015-01-28,train,10,0
1050407,2015-01-28,train,11,0
1050407,2015-01-28,train,12,0
1050407,2015-01-28,train,13,0
1050407,2015-01-28,train,14,0
1050407,2015-01-28,train,15,0
1050407,2015-01-28,train,16,0
1050408,2015-01-28,train,1,0
1050408,2015-01-28,train,2,0
1050408,2015-01-28,train,3,1
1050408,2015-01-28,train,4,0
1050408,2015-01-28,train,5,0
1050408,2015-01-28,train,6,0
1050408,2015-01-28,train,7,0
1050408,2015-01-28,train,8,0
1050408,2015-01-28,train,9,0
1050408,2015-01-28,train,10,0
1050408,2015-01-28,train,11,0
1050408,2015-01-28,train,12,0
1050408,2015-01-28,train,13,0
1050408,2015-01-28,train,14,0
1050408,2015-01-28,train,15,0
1050408,2015-01-28,train,16,0
1050409,2015-01-28,train,1,0
1050409,2015-01-28,train,2,0
1050409,2015-01-28,train,3,1
1050409,2015-01-28,train,4,0
1050409,2015-01-28,train,5,0
1050409,2015-01-28,train,6,0
1050409,2015-01-28,train,7,0
1050409,2015-01-28,train,8,0
1050409,2015-01-28,train,9,0
1050409,2015-01-28,train,10,0
1050409,2015-01-28,train,11,0
1050409,2015-01-28,train,12,0
1050409,2015-01-28,train,13,0
1050409,2015-01-28,train,14,0
1050409,2015-01-28,train,15,0
1050409,2015-01-28,train,16,0
1050411,2015-01-28,train,1,0
1050411,2015-01-28,train,2,0
1050411,2015-01-28,train,3,1
1050411,2015-01-28,train,4,0
1050411,2015-01-28,train,5,0
1050411,2015-01-28,train,6,0
1050411,2015-01-28,train,7,0
1050411,2015-01-28,train,8,0
1050411,2015-01-28,train,9,0
1050411,2015-01-28,train,10,0
1050411,2015-01-28,train,11,0
1050411,2015-01-28,train,12,0
1050411,2015-01-28,train,13,0
1050411,2015-01-28,train,14,0
1050411,2015-01-28,train,15,0
1050411,2015-01-28,train,16,0
1050412,2015-01-28,train,1,0
1050412,2015-01-28,train,2,0
1050412,2015-01-28,train,3,1
1050412,2015-01-28,train,4,0
1050412,2015-01-28,train,5,0
1050412,2015-01-28,train,6,0
1050412,2015-01-28,train,7,0
1050412,2015-01-28,train,8,0
1050412,2015-01-28,train,9,0
1050412,2015-01-28,train,10,0
1050412,2015-01-28,train,11,0
1050412,2015-01-28,train,12,0
1050412,2015-01-28,train,13,0
1050412,2015-01-28,train,14,0
1050412,2015-01-28,train,15,0
1050412,2015-01-28,train,16,0
1050414,2015-01-28,train,1,0
1050414,2015-01-28,train,2,0
1050414,2015-01-28,train,3,1
1050414,2015-01-28,train,4,0
1050414,2015-01-28,train,5,0
1050414,2015-01-28,train,6,0
1050414,2015-01-28,train,7,0
1050414,2015-01-28,train,8,0
1050414,2015-01-28,train,9,0
1050414,2015-01-28,train,10,0
1050414,2015-01-28,train,11,0
1050414,2015-01-28,train,12,0
1050414,2015-01-28,train,13,0
1050414,2015-01-28,train,14,0
1050414,2015-01-28,train,15,0
1050414,2015-01-28,train,16,0
1050392,2015-01-28,train,1,0
1050392,2015-01-28,train,2,0
1050392,2015-01-28,train,3,1
1050392,2015-01-28,train,4,0
1050392,2015-01-28,train,5,0
1050392,2015-01-28,train,6,0
1050392,2015-01-28,train,7,0
1050392,2015-01-28,train,8,0
1050392,2015-01-28,train,9,0
1050392,2015-01-28,train,10,0
1050392,2015-01-28,train,11,0
1050392,2015-01-28,train,12,0
1050392,2015-01-28,train,13,0
1050392,2015-01-28,train,14,0
1050392,2015-01-28,train,15,0
1050392,2015-01-28,train,16,0
1050436,2015-01-28,train,1,0
1050436,2015-01-28,train,2,0
1050436,2015-01-28,train,3,1
1050436,2015-01-28,train,4,0
1050436,2015-01-28,train,5,0
1050436,2015-01-28,train,6,0
1050436,2015-01-28,train,7,0
1050436,2015-01-28,train,8,0
1050436,2015-01-28,train,9,0
1050436,2015-01-28,train,10,0
1050436,2015-01-28,train,11,0
1050436,2015-01-28,train,12,0
1050436,2015-01-28,train,13,0
1050436,2015-01-28,train,14,0
1050436,2015-01-28,train,15,0
1050436,2015-01-28,train,16,0
1050438,2015-01-28,train,1,0
1050438,2015-01-28,train,2,0
1050438,2015-01-28,train,3,1
1050438,2015-01-28,train,4,0
1050438,2015-01-28,train,5,0
1050438,2015-01-28,train,6,0
1050438,2015-01-28,train,7,0
1050438,2015-01-28,train,8,0
1050438,2015-01-28,train,9,0
1050438,2015-01-28,train,10,0
1050438,2015-01-28,train,11,0
1050438,2015-01-28,train,12,0
1050438,2015-01-28,train,13,0
1050438,2015-01-28,train,14,0
1050438,2015-01-28,train,15,0
1050438,2015-01-28,train,16,0
1050462,2015-01-28,train,1,0
1050462,2015-01-28,train,2,0
1050462,2015-01-28,train,3,1
1050462,2015-01-28,train,4,0
1050462,2015-01-28,train,5,0
1050462,2015-01-28,train,6,0
1050462,2015-01-28,train,7,0
1050462,2015-01-28,train,8,0
1050462,2015-01-28,train,9,0
1050462,2015-01-28,train,10,0
1050462,2015-01-28,train,11,0
1050462,2015-01-28,train,12,0
1050462,2015-01-28,train,13,0
1050462,2015-01-28,train,14,0
1050462,2015-01-28,train,15,0
1050462,2015-01-28,train,16,0
1050463,2015-01-28,train,1,0
1050463,2015-01-28,train,2,0
1050463,2015-01-28,train,3,1
1050463,2015-01-28,train,4,0
1050463,2015-01-28,train,5,0
1050463,2015-01-28,train,6,0
1050463,2015-01-28,train,7,0
1050463,2015-01-28,train,8,0
1050463,2015-01-28,train,9,0
1050463,2015-01-28,train,10,0
1050463,2015-01-28,train,11,0
1050463,2015-01-28,train,12,0
1050463,2015-01-28,train,13,0
1050463,2015-01-28,train,14,0
1050463,2015-01-28,train,15,0
1050463,2015-01-28,train,16,0
1050464,2015-01-28,train,1,0
1050464,2015-01-28,train,2,0
1050464,2015-01-28,train,3,1
1050464,2015-01-28,train,4,0
1050464,2015-01-28,train,5,0
1050464,2015-01-28,train,6,0
1050464,2015-01-28,train,7,0
1050464,2015-01-28,train,8,0
1050464,2015-01-28,train,9,0
1050464,2015-01-28,train,10,0
1050464,2015-01-28,train,11,0
1050464,2015-01-28,train,12,0
1050464,2015-01-28,train,13,0
1050464,2015-01-28,train,14,0
1050464,2015-01-28,train,15,0
1050464,2015-01-28,train,16,0
1050465,2015-01-28,train,1,0
1050465,2015-01-28,train,2,0
1050465,2015-01-28,train,3,1
1050465,2015-01-28,train,4,0
1050465,2015-01-28,train,5,0
1050465,2015-01-28,train,6,0
1050465,2015-01-28,train,7,0
1050465,2015-01-28,train,8,0
1050465,2015-01-28,train,9,0
1050465,2015-01-28,train,10,0
1050465,2015-01-28,train,11,0
1050465,2015-01-28,train,12,0
1050465,2015-01-28,train,13,0
1050465,2015-01-28,train,14,0
1050465,2015-01-28,train,15,0
1050465,2015-01-28,train,16,0
1050466,2015-01-28,train,1,0
1050466,2015-01-28,train,2,0
1050466,2015-01-28,train,3,1
1050466,2015-01-28,train,4,0
1050466,2015-01-28,train,5,0
1050466,2015-01-28,train,6,0
1050466,2015-01-28,train,7,0
1050466,2015-01-28,train,8,0
1050466,2015-01-28,train,9,0
1050466,2015-01-28,train,10,0
1050466,2015-01-28,train,11,0
1050466,2015-01-28,train,12,0
1050466,2015-01-28,train,13,0
1050466,2015-01-28,train,14,0
1050466,2015-01-28,train,15,0
1050466,2015-01-28,train,16,0
1050467,2015-01-28,train,1,0
1050467,2015-01-28,train,2,0
1050467,2015-01-28,train,3,1
1050467,2015-01-28,train,4,0
1050467,2015-01-28,train,5,0
1050467,2015-01-28,train,6,0
1050467,2015-01-28,train,7,0
1050467,2015-01-28,train,8,0
1050467,2015-01-28,train,9,0
1050467,2015-01-28,train,10,0
1050467,2015-01-28,train,11,0
1050467,2015-01-28,train,12,0
1050467,2015-01-28,train,13,0
1050467,2015-01-28,train,14,0
1050467,2015-01-28,train,15,0
1050467,2015-01-28,train,16,0
1050468,2015-01-28,train,1,0
1050468,2015-01-28,train,2,0
1050468,2015-01-28,train,3,1
1050468,2015-01-28,train,4,0
1050468,2015-01-28,train,5,0
1050468,2015-01-28,train,6,0
1050468,2015-01-28,train,7,0
1050468,2015-01-28,train,8,0
1050468,2015-01-28,train,9,0
1050468,2015-01-28,train,10,0
1050468,2015-01-28,train,11,0
1050468,2015-01-28,train,12,0
1050468,2015-01-28,train,13,0
1050468,2015-01-28,train,14,0
1050468,2015-01-28,train,15,0
1050468,2015-01-28,train,16,0
1050469,2015-01-28,train,1,0
1050469,2015-01-28,train,2,0
1050469,2015-01-28,train,3,1
1050469,2015-01-28,train,4,0
1050469,2015-01-28,train,5,0
1050469,2015-01-28,train,6,0
1050469,2015-01-28,train,7,0
1050469,2015-01-28,train,8,0
1050469,2015-01-28,train,9,0
1050469,2015-01-28,train,10,0
1050469,2015-01-28,train,11,0
1050469,2015-01-28,train,12,0
1050469,2015-01-28,train,13,0
1050469,2015-01-28,train,14,0
1050469,2015-01-28,train,15,0
1050469,2015-01-28,train,16,0
1050470,2015-01-28,train,1,0
1050470,2015-01-28,train,2,0
1050470,2015-01-28,train,3,1
1050470,2015-01-28,train,4,0
1050470,2015-01-28,train,5,0
1050470,2015-01-28,train,6,0
1050470,2015-01-28,train,7,0
1050470,2015-01-28,train,8,0
1050470,2015-01-28,train,9,0
1050470,2015-01-28,train,10,0
1050470,2015-01-28,train,11,0
1050470,2015-01-28,train,12,0
1050470,2015-01-28,train,13,0
1050470,2015-01-28,train,14,0
1050470,2015-01-28,train,15,0
1050470,2015-01-28,train,16,0
1050473,2015-01-28,train,1,0
1050473,2015-01-28,train,2,0
1050473,2015-01-28,train,3,1
1050473,2015-01-28,train,4,0
1050473,2015-01-28,train,5,0
1050473,2015-01-28,train,6,0
1050473,2015-01-28,train,7,0
1050473,2015-01-28,train,8,0
1050473,2015-01-28,train,9,0
1050473,2015-01-28,train,10,0
1050473,2015-01-28,train,11,0
1050473,2015-01-28,train,12,0
1050473,2015-01-28,train,13,0
1050473,2015-01-28,train,14,0
1050473,2015-01-28,train,15,0
1050473,2015-01-28,train,16,0
1050474,2015-01-28,train,1,0
1050474,2015-01-28,train,2,0
1050474,2015-01-28,train,3,1
1050474,2015-01-28,train,4,0
1050474,2015-01-28,train,5,0
1050474,2015-01-28,train,6,0
1050474,2015-01-28,train,7,0
1050474,2015-01-28,train,8,0
1050474,2015-01-28,train,9,0
1050474,2015-01-28,train,10,0
1050474,2015-01-28,train,11,0
1050474,2015-01-28,train,12,0
1050474,2015-01-28,train,13,0
1050474,2015-01-28,train,14,0
1050474,2015-01-28,train,15,0
1050474,2015-01-28,train,16,0
1050475,2015-01-28,train,1,0
1050475,2015-01-28,train,2,0
1050475,2015-01-28,train,3,1
1050475,2015-01-28,train,4,0
1050475,2015-01-28,train,5,0
1050475,2015-01-28,train,6,0
1050475,2015-01-28,train,7,0
1050475,2015-01-28,train,8,0
1050475,2015-01-28,train,9,0
1050475,2015-01-28,train,10,0
1050475,2015-01-28,train,11,0
1050475,2015-01-28,train,12,0
1050475,2015-01-28,train,13,0
1050475,2015-01-28,train,14,0
1050475,2015-01-28,train,15,0
1050475,2015-01-28,train,16,0
1050476,2015-01-28,train,1,0
1050476,2015-01-28,train,2,0
1050476,2015-01-28,train,3,1
1050476,2015-01-28,train,4,0
1050476,2015-01-28,train,5,0
1050476,2015-01-28,train,6,0
1050476,2015-01-28,train,7,0
1050476,2015-01-28,train,8,0
1050476,2015-01-28,train,9,0
1050476,2015-01-28,train,10,0
1050476,2015-01-28,train,11,0
1050476,2015-01-28,train,12,0
1050476,2015-01-28,train,13,0
1050476,2015-01-28,train,14,0
1050476,2015-01-28,train,15,0
1050476,2015-01-28,train,16,0
1050477,2015-01-28,train,1,0
1050477,2015-01-28,train,2,0
1050477,2015-01-28,train,3,1
1050477,2015-01-28,train,4,0
1050477,2015-01-28,train,5,0
1050477,2015-01-28,train,6,0
1050477,2015-01-28,train,7,0
1050477,2015-01-28,train,8,0
1050477,2015-01-28,train,9,0
1050477,2015-01-28,train,10,0
1050477,2015-01-28,train,11,0
1050477,2015-01-28,train,12,0
1050477,2015-01-28,train,13,0
1050477,2015-01-28,train,14,0
1050477,2015-01-28,train,15,0
1050477,2015-01-28,train,16,0
1050478,2015-01-28,train,1,0
1050478,2015-01-28,train,2,0
1050478,2015-01-28,train,3,1
1050478,2015-01-28,train,4,0
1050478,2015-01-28,train,5,0
1050478,2015-01-28,train,6,0
1050478,2015-01-28,train,7,0
1050478,2015-01-28,train,8,0
1050478,2015-01-28,train,9,0
1050478,2015-01-28,train,10,0
1050478,2015-01-28,train,11,0
1050478,2015-01-28,train,12,0
1050478,2015-01-28,train,13,0
1050478,2015-01-28,train,14,0
1050478,2015-01-28,train,15,0
1050478,2015-01-28,train,16,0
1050461,2015-01-28,train,1,0
1050461,2015-01-28,train,2,0
1050461,2015-01-28,train,3,1
1050461,2015-01-28,train,4,0
1050461,2015-01-28,train,5,0
1050461,2015-01-28,train,6,0
1050461,2015-01-28,train,7,0
1050461,2015-01-28,train,8,0
1050461,2015-01-28,train,9,0
1050461,2015-01-28,train,10,0
1050461,2015-01-28,train,11,0
1050461,2015-01-28,train,12,0
1050461,2015-01-28,train,13,0
1050461,2015-01-28,train,14,0
1050461,2015-01-28,train,15,0
1050461,2015-01-28,train,16,0
1050437,2015-01-28,train,1,0
1050437,2015-01-28,train,2,0
1050437,2015-01-28,train,3,1
1050437,2015-01-28,train,4,0
1050437,2015-01-28,train,5,0
1050437,2015-01-28,train,6,0
1050437,2015-01-28,train,7,0
1050437,2015-01-28,train,8,0
1050437,2015-01-28,train,9,0
1050437,2015-01-28,train,10,0
1050437,2015-01-28,train,11,0
1050437,2015-01-28,train,12,0
1050437,2015-01-28,train,13,0
1050437,2015-01-28,train,14,0
1050437,2015-01-28,train,15,0
1050437,2015-01-28,train,16,0
1050460,2015-01-28,train,1,0
1050460,2015-01-28,train,2,0
1050460,2015-01-28,train,3,1
1050460,2015-01-28,train,4,0
1050460,2015-01-28,train,5,0
1050460,2015-01-28,train,6,0
1050460,2015-01-28,train,7,0
1050460,2015-01-28,train,8,0
1050460,2015-01-28,train,9,0
1050460,2015-01-28,train,10,0
1050460,2015-01-28,train,11,0
1050460,2015-01-28,train,12,0
1050460,2015-01-28,train,13,0
1050460,2015-01-28,train,14,0
1050460,2015-01-28,train,15,0
1050460,2015-01-28,train,16,0
1050458,2015-01-28,train,1,0
1050458,2015-01-28,train,2,0
1050458,2015-01-28,train,3,1
1050458,2015-01-28,train,4,0
1050458,2015-01-28,train,5,0
1050458,2015-01-28,train,6,0
1050458,2015-01-28,train,7,0
1050458,2015-01-28,train,8,0
1050458,2015-01-28,train,9,0
1050458,2015-01-28,train,10,0
1050458,2015-01-28,train,11,0
1050458,2015-01-28,train,12,0
1050458,2015-01-28,train,13,0
1050458,2015-01-28,train,14,0
1050458,2015-01-28,train,15,0
1050458,2015-01-28,train,16,0
1050439,2015-01-28,train,1,0
1050439,2015-01-28,train,2,0
1050439,2015-01-28,train,3,1
1050439,2015-01-28,train,4,0
1050439,2015-01-28,train,5,0
1050439,2015-01-28,train,6,0
1050439,2015-01-28,train,7,0
1050439,2015-01-28,train,8,0
1050439,2015-01-28,train,9,0
1050439,2015-01-28,train,10,0
1050439,2015-01-28,train,11,0
1050439,2015-01-28,train,12,0
1050439,2015-01-28,train,13,0
1050439,2015-01-28,train,14,0
1050439,2015-01-28,train,15,0
1050439,2015-01-28,train,16,0
1050441,2015-01-28,train,1,0
1050441,2015-01-28,train,2,0
1050441,2015-01-28,train,3,1
1050441,2015-01-28,train,4,0
1050441,2015-01-28,train,5,0
1050441,2015-01-28,train,6,0
1050441,2015-01-28,train,7,0
1050441,2015-01-28,train,8,0
1050441,2015-01-28,train,9,0
1050441,2015-01-28,train,10,0
1050441,2015-01-28,train,11,0
1050441,2015-01-28,train,12,0
1050441,2015-01-28,train,13,0
1050441,2015-01-28,train,14,0
1050441,2015-01-28,train,15,0
1050441,2015-01-28,train,16,0
1050443,2015-01-28,train,1,0
1050443,2015-01-28,train,2,0
1050443,2015-01-28,train,3,1
1050443,2015-01-28,train,4,0
1050443,2015-01-28,train,5,0
1050443,2015-01-28,train,6,0
1050443,2015-01-28,train,7,0
1050443,2015-01-28,train,8,0
1050443,2015-01-28,train,9,0
1050443,2015-01-28,train,10,0
1050443,2015-01-28,train,11,0
1050443,2015-01-28,train,12,0
1050443,2015-01-28,train,13,0
1050443,2015-01-28,train,14,0
1050443,2015-01-28,train,15,0
1050443,2015-01-28,train,16,0
1050444,2015-01-28,train,1,0
1050444,2015-01-28,train,2,0
1050444,2015-01-28,train,3,1
1050444,2015-01-28,train,4,0
1050444,2015-01-28,train,5,0
1050444,2015-01-28,train,6,0
1050444,2015-01-28,train,7,0
1050444,2015-01-28,train,8,0
1050444,2015-01-28,train,9,0
1050444,2015-01-28,train,10,0
1050444,2015-01-28,train,11,0
1050444,2015-01-28,train,12,0
1050444,2015-01-28,train,13,0
1050444,2015-01-28,train,14,0
1050444,2015-01-28,train,15,0
1050444,2015-01-28,train,16,0
1050445,2015-01-28,train,1,0
1050445,2015-01-28,train,2,0
1050445,2015-01-28,train,3,1
1050445,2015-01-28,train,4,0
1050445,2015-01-28,train,5,0
1050445,2015-01-28,train,6,0
1050445,2015-01-28,train,7,0
1050445,2015-01-28,train,8,0
1050445,2015-01-28,train,9,0
1050445,2015-01-28,train,10,0
1050445,2015-01-28,train,11,0
1050445,2015-01-28,train,12,0
1050445,2015-01-28,train,13,0
1050445,2015-01-28,train,14,0
1050445,2015-01-28,train,15,0
1050445,2015-01-28,train,16,0
1050446,2015-01-28,train,1,0
1050446,2015-01-28,train,2,0
1050446,2015-01-28,train,3,1
1050446,2015-01-28,train,4,0
1050446,2015-01-28,train,5,0
1050446,2015-01-28,train,6,0
1050446,2015-01-28,train,7,0
1050446,2015-01-28,train,8,0
1050446,2015-01-28,train,9,0
1050446,2015-01-28,train,10,0
1050446,2015-01-28,train,11,0
1050446,2015-01-28,train,12,0
1050446,2015-01-28,train,13,0
1050446,2015-01-28,train,14,0
1050446,2015-01-28,train,15,0
1050446,2015-01-28,train,16,0
1050447,2015-01-28,train,1,0
1050447,2015-01-28,train,2,0
1050447,2015-01-28,train,3,1
1050447,2015-01-28,train,4,0
1050447,2015-01-28,train,5,0
1050447,2015-01-28,train,6,0
1050447,2015-01-28,train,7,0
1050447,2015-01-28,train,8,0
1050447,2015-01-28,train,9,0
1050447,2015-01-28,train,10,0
1050447,2015-01-28,train,11,0
1050447,2015-01-28,train,12,0
1050447,2015-01-28,train,13,0
1050447,2015-01-28,train,14,0
1050447,2015-01-28,train,15,0
1050447,2015-01-28,train,16,0
1050449,2015-01-28,train,1,0
1050449,2015-01-28,train,2,0
1050449,2015-01-28,train,3,1
1050449,2015-01-28,train,4,0
1050449,2015-01-28,train,5,0
1050449,2015-01-28,train,6,0
1050449,2015-01-28,train,7,0
1050449,2015-01-28,train,8,0
1050449,2015-01-28,train,9,0
1050449,2015-01-28,train,10,0
1050449,2015-01-28,train,11,0
1050449,2015-01-28,train,12,0
1050449,2015-01-28,train,13,0
1050449,2015-01-28,train,14,0
1050449,2015-01-28,train,15,0
1050449,2015-01-28,train,16,0
1050450,2015-01-28,train,1,0
1050450,2015-01-28,train,2,0
1050450,2015-01-28,train,3,1
1050450,2015-01-28,train,4,0
1050450,2015-01-28,train,5,0
1050450,2015-01-28,train,6,0
1050450,2015-01-28,train,7,0
1050450,2015-01-28,train,8,0
1050450,2015-01-28,train,9,0
1050450,2015-01-28,train,10,0
1050450,2015-01-28,train,11,0
1050450,2015-01-28,train,12,0
1050450,2015-01-28,train,13,0
1050450,2015-01-28,train,14,0
1050450,2015-01-28,train,15,0
1050450,2015-01-28,train,16,0
1050451,2015-01-28,train,1,0
1050451,2015-01-28,train,2,0
1050451,2015-01-28,train,3,1
1050451,2015-01-28,train,4,0
1050451,2015-01-28,train,5,0
1050451,2015-01-28,train,6,0
1050451,2015-01-28,train,7,0
1050451,2015-01-28,train,8,0
1050451,2015-01-28,train,9,0
1050451,2015-01-28,train,10,0
1050451,2015-01-28,train,11,0
1050451,2015-01-28,train,12,0
1050451,2015-01-28,train,13,0
1050451,2015-01-28,train,14,0
1050451,2015-01-28,train,15,0
1050451,2015-01-28,train,16,0
1050452,2015-01-28,train,1,0
1050452,2015-01-28,train,2,0
1050452,2015-01-28,train,3,1
1050452,2015-01-28,train,4,0
1050452,2015-01-28,train,5,0
1050452,2015-01-28,train,6,0
1050452,2015-01-28,train,7,0
1050452,2015-01-28,train,8,0
1050452,2015-01-28,train,9,0
1050452,2015-01-28,train,10,0
1050452,2015-01-28,train,11,0
1050452,2015-01-28,train,12,0
1050452,2015-01-28,train,13,0
1050452,2015-01-28,train,14,0
1050452,2015-01-28,train,15,0
1050452,2015-01-28,train,16,0
1050453,2015-01-28,train,1,0
1050453,2015-01-28,train,2,0
1050453,2015-01-28,train,3,1
1050453,2015-01-28,train,4,0
1050453,2015-01-28,train,5,0
1050453,2015-01-28,train,6,0
1050453,2015-01-28,train,7,0
1050453,2015-01-28,train,8,0
1050453,2015-01-28,train,9,0
1050453,2015-01-28,train,10,0
1050453,2015-01-28,train,11,0
1050453,2015-01-28,train,12,0
1050453,2015-01-28,train,13,0
1050453,2015-01-28,train,14,0
1050453,2015-01-28,train,15,0
1050453,2015-01-28,train,16,0
1050454,2015-01-28,train,1,0
1050454,2015-01-28,train,2,0
1050454,2015-01-28,train,3,1
1050454,2015-01-28,train,4,0
1050454,2015-01-28,train,5,0
1050454,2015-01-28,train,6,0
1050454,2015-01-28,train,7,0
1050454,2015-01-28,train,8,0
1050454,2015-01-28,train,9,0
1050454,2015-01-28,train,10,0
1050454,2015-01-28,train,11,0
1050454,2015-01-28,train,12,0
1050454,2015-01-28,train,13,0
1050454,2015-01-28,train,14,0
1050454,2015-01-28,train,15,0
1050454,2015-01-28,train,16,0
1050455,2015-01-28,train,1,0
1050455,2015-01-28,train,2,0
1050455,2015-01-28,train,3,1
1050455,2015-01-28,train,4,0
1050455,2015-01-28,train,5,0
1050455,2015-01-28,train,6,0
1050455,2015-01-28,train,7,0
1050455,2015-01-28,train,8,0
1050455,2015-01-28,train,9,0
1050455,2015-01-28,train,10,0
1050455,2015-01-28,train,11,0
1050455,2015-01-28,train,12,0
1050455,2015-01-28,train,13,0
1050455,2015-01-28,train,14,0
1050455,2015-01-28,train,15,0
1050455,2015-01-28,train,16,0
1050457,2015-01-28,train,1,0
1050457,2015-01-28,train,2,0
1050457,2015-01-28,train,3,1
1050457,2015-01-28,train,4,0
1050457,2015-01-28,train,5,0
1050457,2015-01-28,train,6,0
1050457,2015-01-28,train,7,0
1050457,2015-01-28,train,8,0
1050457,2015-01-28,train,9,0
1050457,2015-01-28,train,10,0
1050457,2015-01-28,train,11,0
1050457,2015-01-28,train,12,0
1050457,2015-01-28,train,13,0
1050457,2015-01-28,train,14,0
1050457,2015-01-28,train,15,0
1050457,2015-01-28,train,16,0
1050459,2015-01-28,train,1,0
1050459,2015-01-28,train,2,0
1050459,2015-01-28,train,3,1
1050459,2015-01-28,train,4,0
1050459,2015-01-28,train,5,0
1050459,2015-01-28,train,6,0
1050459,2015-01-28,train,7,0
1050459,2015-01-28,train,8,0
1050459,2015-01-28,train,9,0
1050459,2015-01-28,train,10,0
1050459,2015-01-28,train,11,0
1050459,2015-01-28,train,12,0
1050459,2015-01-28,train,13,0
1050459,2015-01-28,train,14,0
1050459,2015-01-28,train,15,0
1050459,2015-01-28,train,16,0
1050391,2015-01-28,train,1,0
1050391,2015-01-28,train,2,0
1050391,2015-01-28,train,3,1
1050391,2015-01-28,train,4,0
1050391,2015-01-28,train,5,0
1050391,2015-01-28,train,6,0
1050391,2015-01-28,train,7,0
1050391,2015-01-28,train,8,0
1050391,2015-01-28,train,9,0
1050391,2015-01-28,train,10,0
1050391,2015-01-28,train,11,0
1050391,2015-01-28,train,12,0
1050391,2015-01-28,train,13,0
1050391,2015-01-28,train,14,0
1050391,2015-01-28,train,15,0
1050391,2015-01-28,train,16,0
1050390,2015-01-28,train,1,0
1050390,2015-01-28,train,2,0
1050390,2015-01-28,train,3,1
1050390,2015-01-28,train,4,0
1050390,2015-01-28,train,5,0
1050390,2015-01-28,train,6,0
1050390,2015-01-28,train,7,0
1050390,2015-01-28,train,8,0
1050390,2015-01-28,train,9,0
1050390,2015-01-28,train,10,0
1050390,2015-01-28,train,11,0
1050390,2015-01-28,train,12,0
1050390,2015-01-28,train,13,0
1050390,2015-01-28,train,14,0
1050390,2015-01-28,train,15,0
1050390,2015-01-28,train,16,0
1050389,2015-01-28,train,1,0
1050389,2015-01-28,train,2,0
1050389,2015-01-28,train,3,0
1050389,2015-01-28,train,4,0
1050389,2015-01-28,train,5,0
1050389,2015-01-28,train,6,0
1050389,2015-01-28,train,7,0
1050389,2015-01-28,train,8,0
1050389,2015-01-28,train,9,0
1050389,2015-01-28,train,10,0
1050389,2015-01-28,train,11,0
1050389,2015-01-28,train,12,0
1050389,2015-01-28,train,13,0
1050389,2015-01-28,train,14,0
1050389,2015-01-28,train,15,0
1050389,2015-01-28,train,16,0
1050324,2015-01-28,train,1,0
1050324,2015-01-28,train,2,0
1050324,2015-01-28,train,3,1
1050324,2015-01-28,train,4,0
1050324,2015-01-28,train,5,0
1050324,2015-01-28,train,6,0
1050324,2015-01-28,train,7,0
1050324,2015-01-28,train,8,0
1050324,2015-01-28,train,9,0
1050324,2015-01-28,train,10,0
1050324,2015-01-28,train,11,0
1050324,2015-01-28,train,12,0
1050324,2015-01-28,train,13,0
1050324,2015-01-28,train,14,0
1050324,2015-01-28,train,15,0
1050324,2015-01-28,train,16,0
1050325,2015-01-28,train,1,0
1050325,2015-01-28,train,2,0
1050325,2015-01-28,train,3,1
1050325,2015-01-28,train,4,0
1050325,2015-01-28,train,5,0
1050325,2015-01-28,train,6,0
1050325,2015-01-28,train,7,0
1050325,2015-01-28,train,8,0
1050325,2015-01-28,train,9,0
1050325,2015-01-28,train,10,0
1050325,2015-01-28,train,11,0
1050325,2015-01-28,train,12,0
1050325,2015-01-28,train,13,0
1050325,2015-01-28,train,14,0
1050325,2015-01-28,train,15,0
1050325,2015-01-28,train,16,0
1050326,2015-01-28,train,1,0
1050326,2015-01-28,train,2,0
1050326,2015-01-28,train,3,1
1050326,2015-01-28,train,4,0
1050326,2015-01-28,train,5,0
1050326,2015-01-28,train,6,0
1050326,2015-01-28,train,7,0
1050326,2015-01-28,train,8,0
1050326,2015-01-28,train,9,0
1050326,2015-01-28,train,10,0
1050326,2015-01-28,train,11,0
1050326,2015-01-28,train,12,0
1050326,2015-01-28,train,13,0
1050326,2015-01-28,train,14,0
1050326,2015-01-28,train,15,0
1050326,2015-01-28,train,16,0
1050327,2015-01-28,train,1,0
1050327,2015-01-28,train,2,0
1050327,2015-01-28,train,3,1
1050327,2015-01-28,train,4,0
1050327,2015-01-28,train,5,0
1050327,2015-01-28,train,6,0
1050327,2015-01-28,train,7,0
1050327,2015-01-28,train,8,0
1050327,2015-01-28,train,9,0
1050327,2015-01-28,train,10,0
1050327,2015-01-28,train,11,0
1050327,2015-01-28,train,12,0
1050327,2015-01-28,train,13,0
1050327,2015-01-28,train,14,0
1050327,2015-01-28,train,15,0
1050327,2015-01-28,train,16,0
1050328,2015-01-28,train,1,0
1050328,2015-01-28,train,2,0
1050328,2015-01-28,train,3,1
1050328,2015-01-28,train,4,0
1050328,2015-01-28,train,5,0
1050328,2015-01-28,train,6,0
1050328,2015-01-28,train,7,0
1050328,2015-01-28,train,8,0
1050328,2015-01-28,train,9,0
1050328,2015-01-28,train,10,0
1050328,2015-01-28,train,11,0
1050328,2015-01-28,train,12,0
1050328,2015-01-28,train,13,0
1050328,2015-01-28,train,14,0
1050328,2015-01-28,train,15,0
1050328,2015-01-28,train,16,0
1050330,2015-01-28,train,1,0
1050330,2015-01-28,train,2,0
1050330,2015-01-28,train,3,1
1050330,2015-01-28,train,4,0
1050330,2015-01-28,train,5,0
1050330,2015-01-28,train,6,0
1050330,2015-01-28,train,7,0
1050330,2015-01-28,train,8,0
1050330,2015-01-28,train,9,0
1050330,2015-01-28,train,10,0
1050330,2015-01-28,train,11,0
1050330,2015-01-28,train,12,0
1050330,2015-01-28,train,13,0
1050330,2015-01-28,train,14,0
1050330,2015-01-28,train,15,0
1050330,2015-01-28,train,16,0
1050332,2015-01-28,train,1,0
1050332,2015-01-28,train,2,0
1050332,2015-01-28,train,3,1
1050332,2015-01-28,train,4,0
1050332,2015-01-28,train,5,0
1050332,2015-01-28,train,6,0
1050332,2015-01-28,train,7,0
1050332,2015-01-28,train,8,0
1050332,2015-01-28,train,9,0
1050332,2015-01-28,train,10,0
1050332,2015-01-28,train,11,0
1050332,2015-01-28,train,12,0
1050332,2015-01-28,train,13,0
1050332,2015-01-28,train,14,0
1050332,2015-01-28,train,15,0
1050332,2015-01-28,train,16,0
1050333,2015-01-28,train,1,0
1050333,2015-01-28,train,2,0
1050333,2015-01-28,train,3,1
1050333,2015-01-28,train,4,0
1050333,2015-01-28,train,5,0
1050333,2015-01-28,train,6,0
1050333,2015-01-28,train,7,0
1050333,2015-01-28,train,8,0
1050333,2015-01-28,train,9,0
1050333,2015-01-28,train,10,0
1050333,2015-01-28,train,11,0
1050333,2015-01-28,train,12,0
1050333,2015-01-28,train,13,0
1050333,2015-01-28,train,14,0
1050333,2015-01-28,train,15,0
1050333,2015-01-28,train,16,0
1050334,2015-01-28,train,1,0
1050334,2015-01-28,train,2,0
1050334,2015-01-28,train,3,1
1050334,2015-01-28,train,4,0
1050334,2015-01-28,train,5,0
1050334,2015-01-28,train,6,0
1050334,2015-01-28,train,7,0
1050334,2015-01-28,train,8,0
1050334,2015-01-28,train,9,0
1050334,2015-01-28,train,10,0
1050334,2015-01-28,train,11,0
1050334,2015-01-28,train,12,0
1050334,2015-01-28,train,13,0
1050334,2015-01-28,train,14,0
1050334,2015-01-28,train,15,0
1050334,2015-01-28,train,16,0
1050336,2015-01-28,train,1,0
1050336,2015-01-28,train,2,0
1050336,2015-01-28,train,3,1
1050336,2015-01-28,train,4,0
1050336,2015-01-28,train,5,0
1050336,2015-01-28,train,6,0
1050336,2015-01-28,train,7,0
1050336,2015-01-28,train,8,0
1050336,2015-01-28,train,9,0
1050336,2015-01-28,train,10,0
1050336,2015-01-28,train,11,0
1050336,2015-01-28,train,12,0
1050336,2015-01-28,train,13,0
1050336,2015-01-28,train,14,0
1050336,2015-01-28,train,15,0
1050336,2015-01-28,train,16,0
1050337,2015-01-28,train,1,0
1050337,2015-01-28,train,2,0
1050337,2015-01-28,train,3,0
1050337,2015-01-28,train,4,0
1050337,2015-01-28,train,5,0
1050337,2015-01-28,train,6,0
1050337,2015-01-28,train,7,0
1050337,2015-01-28,train,8,0
1050337,2015-01-28,train,9,0
1050337,2015-01-28,train,10,0
1050337,2015-01-28,train,11,0
1050337,2015-01-28,train,12,0
1050337,2015-01-28,train,13,0
1050337,2015-01-28,train,14,0
1050337,2015-01-28,train,15,0
1050337,2015-01-28,train,16,0
1050338,2015-01-28,train,1,0
1050338,2015-01-28,train,2,0
1050338,2015-01-28,train,3,1
1050338,2015-01-28,train,4,0
1050338,2015-01-28,train,5,0
1050338,2015-01-28,train,6,0
1050338,2015-01-28,train,7,0
1050338,2015-01-28,train,8,0
1050338,2015-01-28,train,9,0
1050338,2015-01-28,train,10,0
1050338,2015-01-28,train,11,0
1050338,2015-01-28,train,12,0
1050338,2015-01-28,train,13,0
1050338,2015-01-28,train,14,0
1050338,2015-01-28,train,15,0
1050338,2015-01-28,train,16,0
1050340,2015-01-28,train,1,0
1050340,2015-01-28,train,2,0
1050340,2015-01-28,train,3,1
1050340,2015-01-28,train,4,0
1050340,2015-01-28,train,5,0
1050340,2015-01-28,train,6,0
1050340,2015-01-28,train,7,0
1050340,2015-01-28,train,8,0
1050340,2015-01-28,train,9,0
1050340,2015-01-28,train,10,0
1050340,2015-01-28,train,11,0
1050340,2015-01-28,train,12,0
1050340,2015-01-28,train,13,0
1050340,2015-01-28,train,14,0
1050340,2015-01-28,train,15,0
1050340,2015-01-28,train,16,0
1050341,2015-01-28,train,1,0
1050341,2015-01-28,train,2,0
1050341,2015-01-28,train,3,1
1050341,2015-01-28,train,4,0
1050341,2015-01-28,train,5,0
1050341,2015-01-28,train,6,0
1050341,2015-01-28,train,7,0
1050341,2015-01-28,train,8,0
1050341,2015-01-28,train,9,0
1050341,2015-01-28,train,10,0
1050341,2015-01-28,train,11,0
1050341,2015-01-28,train,12,0
1050341,2015-01-28,train,13,0
1050341,2015-01-28,train,14,0
1050341,2015-01-28,train,15,0
1050341,2015-01-28,train,16,0
1050342,2015-01-28,train,1,0
1050342,2015-01-28,train,2,0
1050342,2015-01-28,train,3,1
1050342,2015-01-28,train,4,0
1050342,2015-01-28,train,5,0
1050342,2015-01-28,train,6,0
1050342,2015-01-28,train,7,0
1050342,2015-01-28,train,8,0
1050342,2015-01-28,train,9,0
1050342,2015-01-28,train,10,0
1050342,2015-01-28,train,11,0
1050342,2015-01-28,train,12,0
1050342,2015-01-28,train,13,0
1050342,2015-01-28,train,14,0
1050342,2015-01-28,train,15,0
1050342,2015-01-28,train,16,0
1050322,2015-01-28,train,1,0
1050322,2015-01-28,train,2,0
1050322,2015-01-28,train,3,1
1050322,2015-01-28,train,4,0
1050322,2015-01-28,train,5,0
1050322,2015-01-28,train,6,0
1050322,2015-01-28,train,7,0
1050322,2015-01-28,train,8,0
1050322,2015-01-28,train,9,0
1050322,2015-01-28,train,10,0
1050322,2015-01-28,train,11,0
1050322,2015-01-28,train,12,0
1050322,2015-01-28,train,13,0
1050322,2015-01-28,train,14,0
1050322,2015-01-28,train,15,0
1050322,2015-01-28,train,16,0
1050343,2015-01-28,train,1,0
1050343,2015-01-28,train,2,0
1050343,2015-01-28,train,3,1
1050343,2015-01-28,train,4,0
1050343,2015-01-28,train,5,0
1050343,2015-01-28,train,6,0
1050343,2015-01-28,train,7,0
1050343,2015-01-28,train,8,0
1050343,2015-01-28,train,9,0
1050343,2015-01-28,train,10,0
1050343,2015-01-28,train,11,0
1050343,2015-01-28,train,12,0
1050343,2015-01-28,train,13,0
1050343,2015-01-28,train,14,0
1050343,2015-01-28,train,15,0
1050343,2015-01-28,train,16,0
1050321,2015-01-28,train,1,0
1050321,2015-01-28,train,2,0
1050321,2015-01-28,train,3,1
1050321,2015-01-28,train,4,0
1050321,2015-01-28,train,5,0
1050321,2015-01-28,train,6,0
1050321,2015-01-28,train,7,0
1050321,2015-01-28,train,8,0
1050321,2015-01-28,train,9,0
1050321,2015-01-28,train,10,0
1050321,2015-01-28,train,11,0
1050321,2015-01-28,train,12,0
1050321,2015-01-28,train,13,0
1050321,2015-01-28,train,14,0
1050321,2015-01-28,train,15,0
1050321,2015-01-28,train,16,0
1050318,2015-01-28,train,1,0
1050318,2015-01-28,train,2,0
1050318,2015-01-28,train,3,1
1050318,2015-01-28,train,4,0
1050318,2015-01-28,train,5,0
1050318,2015-01-28,train,6,0
1050318,2015-01-28,train,7,0
1050318,2015-01-28,train,8,0
1050318,2015-01-28,train,9,0
1050318,2015-01-28,train,10,0
1050318,2015-01-28,train,11,0
1050318,2015-01-28,train,12,0
1050318,2015-01-28,train,13,0
1050318,2015-01-28,train,14,0
1050318,2015-01-28,train,15,0
1050318,2015-01-28,train,16,0
1050301,2015-01-28,train,1,0
1050301,2015-01-28,train,2,0
1050301,2015-01-28,train,3,1
1050301,2015-01-28,train,4,0
1050301,2015-01-28,train,5,0
1050301,2015-01-28,train,6,0
1050301,2015-01-28,train,7,0
1050301,2015-01-28,train,8,0
1050301,2015-01-28,train,9,0
1050301,2015-01-28,train,10,0
1050301,2015-01-28,train,11,0
1050301,2015-01-28,train,12,0
1050301,2015-01-28,train,13,0
1050301,2015-01-28,train,14,0
1050301,2015-01-28,train,15,0
1050301,2015-01-28,train,16,0
1050302,2015-01-28,train,1,0
1050302,2015-01-28,train,2,0
1050302,2015-01-28,train,3,1
1050302,2015-01-28,train,4,0
1050302,2015-01-28,train,5,0
1050302,2015-01-28,train,6,0
1050302,2015-01-28,train,7,0
1050302,2015-01-28,train,8,0
1050302,2015-01-28,train,9,0
1050302,2015-01-28,train,10,0
1050302,2015-01-28,train,11,0
1050302,2015-01-28,train,12,0
1050302,2015-01-28,train,13,0
1050302,2015-01-28,train,14,0
1050302,2015-01-28,train,15,0
1050302,2015-01-28,train,16,0
1050303,2015-01-28,train,1,0
1050303,2015-01-28,train,2,0
1050303,2015-01-28,train,3,1
1050303,2015-01-28,train,4,0
1050303,2015-01-28,train,5,0
1050303,2015-01-28,train,6,0
1050303,2015-01-28,train,7,0
1050303,2015-01-28,train,8,0
1050303,2015-01-28,train,9,0
1050303,2015-01-28,train,10,0
1050303,2015-01-28,train,11,0
1050303,2015-01-28,train,12,0
1050303,2015-01-28,train,13,0
1050303,2015-01-28,train,14,0
1050303,2015-01-28,train,15,0
1050303,2015-01-28,train,16,0
1050304,2015-01-28,train,1,0
1050304,2015-01-28,train,2,0
1050304,2015-01-28,train,3,1
1050304,2015-01-28,train,4,0
1050304,2015-01-28,train,5,0
1050304,2015-01-28,train,6,0
1050304,2015-01-28,train,7,0
1050304,2015-01-28,train,8,0
1050304,2015-01-28,train,9,0
1050304,2015-01-28,train,10,0
1050304,2015-01-28,train,11,0
1050304,2015-01-28,train,12,0
1050304,2015-01-28,train,13,0
1050304,2015-01-28,train,14,0
1050304,2015-01-28,train,15,0
1050304,2015-01-28,train,16,0
1050305,2015-01-28,train,1,0
1050305,2015-01-28,train,2,0
1050305,2015-01-28,train,3,1
1050305,2015-01-28,train,4,0
1050305,2015-01-28,train,5,0
1050305,2015-01-28,train,6,0
1050305,2015-01-28,train,7,0
1050305,2015-01-28,train,8,0
1050305,2015-01-28,train,9,0
1050305,2015-01-28,train,10,0
1050305,2015-01-28,train,11,0
1050305,2015-01-28,train,12,0
1050305,2015-01-28,train,13,0
1050305,2015-01-28,train,14,0
1050305,2015-01-28,train,15,0
1050305,2015-01-28,train,16,0
1050306,2015-01-28,train,1,0
1050306,2015-01-28,train,2,0
1050306,2015-01-28,train,3,1
1050306,2015-01-28,train,4,0
1050306,2015-01-28,train,5,0
1050306,2015-01-28,train,6,0
1050306,2015-01-28,train,7,0
1050306,2015-01-28,train,8,0
1050306,2015-01-28,train,9,0
1050306,2015-01-28,train,10,0
1050306,2015-01-28,train,11,0
1050306,2015-01-28,train,12,0
1050306,2015-01-28,train,13,0
1050306,2015-01-28,train,14,0
1050306,2015-01-28,train,15,0
1050306,2015-01-28,train,16,0
1050307,2015-01-28,train,1,0
1050307,2015-01-28,train,2,0
1050307,2015-01-28,train,3,1
1050307,2015-01-28,train,4,0
1050307,2015-01-28,train,5,0
1050307,2015-01-28,train,6,0
1050307,2015-01-28,train,7,0
1050307,2015-01-28,train,8,0
1050307,2015-01-28,train,9,0
1050307,2015-01-28,train,10,0
1050307,2015-01-28,train,11,0
1050307,2015-01-28,train,12,0
1050307,2015-01-28,train,13,0
1050307,2015-01-28,train,14,0
1050307,2015-01-28,train,15,0
1050307,2015-01-28,train,16,0
1050308,2015-01-28,train,1,0
1050308,2015-01-28,train,2,0
1050308,2015-01-28,train,3,1
1050308,2015-01-28,train,4,0
1050308,2015-01-28,train,5,0
1050308,2015-01-28,train,6,0
1050308,2015-01-28,train,7,0
1050308,2015-01-28,train,8,0
1050308,2015-01-28,train,9,0
1050308,2015-01-28,train,10,0
1050308,2015-01-28,train,11,0
1050308,2015-01-28,train,12,0
1050308,2015-01-28,train,13,1
1050308,2015-01-28,train,14,0
1050308,2015-01-28,train,15,0
1050308,2015-01-28,train,16,0
1050309,2015-01-28,train,1,0
1050309,2015-01-28,train,2,0
1050309,2015-01-28,train,3,1
1050309,2015-01-28,train,4,0
1050309,2015-01-28,train,5,0
1050309,2015-01-28,train,6,0
1050309,2015-01-28,train,7,0
1050309,2015-01-28,train,8,0
1050309,2015-01-28,train,9,0
1050309,2015-01-28,train,10,0
1050309,2015-01-28,train,11,0
1050309,2015-01-28,train,12,0
1050309,2015-01-28,train,13,0
1050309,2015-01-28,train,14,0
1050309,2015-01-28,train,15,0
1050309,2015-01-28,train,16,0
1050310,2015-01-28,train,1,0
1050310,2015-01-28,train,2,0
1050310,2015-01-28,train,3,1
1050310,2015-01-28,train,4,0
1050310,2015-01-28,train,5,0
1050310,2015-01-28,train,6,0
1050310,2015-01-28,train,7,0
1050310,2015-01-28,train,8,0
1050310,2015-01-28,train,9,0
1050310,2015-01-28,train,10,0
1050310,2015-01-28,train,11,0
1050310,2015-01-28,train,12,0
1050310,2015-01-28,train,13,0
1050310,2015-01-28,train,14,0
1050310,2015-01-28,train,15,0
1050310,2015-01-28,train,16,0
1050311,2015-01-28,train,1,0
1050311,2015-01-28,train,2,0
1050311,2015-01-28,train,3,1
1050311,2015-01-28,train,4,0
1050311,2015-01-28,train,5,0
1050311,2015-01-28,train,6,0
1050311,2015-01-28,train,7,0
1050311,2015-01-28,train,8,0
1050311,2015-01-28,train,9,0
1050311,2015-01-28,train,10,0
1050311,2015-01-28,train,11,0
1050311,2015-01-28,train,12,0
1050311,2015-01-28,train,13,0
1050311,2015-01-28,train,14,0
1050311,2015-01-28,train,15,0
1050311,2015-01-28,train,16,0
1050312,2015-01-28,train,1,0
1050312,2015-01-28,train,2,0
1050312,2015-01-28,train,3,1
1050312,2015-01-28,train,4,0
1050312,2015-01-28,train,5,0
1050312,2015-01-28,train,6,0
1050312,2015-01-28,train,7,0
1050312,2015-01-28,train,8,0
1050312,2015-01-28,train,9,0
1050312,2015-01-28,train,10,0
1050312,2015-01-28,train,11,0
1050312,2015-01-28,train,12,0
1050312,2015-01-28,train,13,0
1050312,2015-01-28,train,14,0
1050312,2015-01-28,train,15,0
1050312,2015-01-28,train,16,0
1050315,2015-01-28,train,1,0
1050315,2015-01-28,train,2,0
1050315,2015-01-28,train,3,1
1050315,2015-01-28,train,4,0
1050315,2015-01-28,train,5,0
1050315,2015-01-28,train,6,0
1050315,2015-01-28,train,7,0
1050315,2015-01-28,train,8,0
1050315,2015-01-28,train,9,0
1050315,2015-01-28,train,10,0
1050315,2015-01-28,train,11,0
1050315,2015-01-28,train,12,0
1050315,2015-01-28,train,13,0
1050315,2015-01-28,train,14,0
1050315,2015-01-28,train,15,0
1050315,2015-01-28,train,16,0
1050316,2015-01-28,train,1,0
1050316,2015-01-28,train,2,0
1050316,2015-01-28,train,3,1
1050316,2015-01-28,train,4,0
1050316,2015-01-28,train,5,0
1050316,2015-01-28,train,6,0
1050316,2015-01-28,train,7,0
1050316,2015-01-28,train,8,0
1050316,2015-01-28,train,9,0
1050316,2015-01-28,train,10,0
1050316,2015-01-28,train,11,0
1050316,2015-01-28,train,12,0
1050316,2015-01-28,train,13,0
1050316,2015-01-28,train,14,0
1050316,2015-01-28,train,15,0
1050316,2015-01-28,train,16,0
1050317,2015-01-28,train,1,0
1050317,2015-01-28,train,2,0
1050317,2015-01-28,train,3,1
1050317,2015-01-28,train,4,0
1050317,2015-01-28,train,5,0
1050317,2015-01-28,train,6,0
1050317,2015-01-28,train,7,0
1050317,2015-01-28,train,8,0
1050317,2015-01-28,train,9,0
1050317,2015-01-28,train,10,0
1050317,2015-01-28,train,11,0
1050317,2015-01-28,train,12,0
1050317,2015-01-28,train,13,0
1050317,2015-01-28,train,14,0
1050317,2015-01-28,train,15,0
1050317,2015-01-28,train,16,0
1050319,2015-01-28,train,1,0
1050319,2015-01-28,train,2,0
1050319,2015-01-28,train,3,1
1050319,2015-01-28,train,4,0
1050319,2015-01-28,train,5,0
1050319,2015-01-28,train,6,0
1050319,2015-01-28,train,7,0
1050319,2015-01-28,train,8,0
1050319,2015-01-28,train,9,0
1050319,2015-01-28,train,10,0
1050319,2015-01-28,train,11,0
1050319,2015-01-28,train,12,0
1050319,2015-01-28,train,13,0
1050319,2015-01-28,train,14,0
1050319,2015-01-28,train,15,0
1050319,2015-01-28,train,16,0
1050344,2015-01-28,train,1,0
1050344,2015-01-28,train,2,0
1050344,2015-01-28,train,3,1
1050344,2015-01-28,train,4,0
1050344,2015-01-28,train,5,0
1050344,2015-01-28,train,6,0
1050344,2015-01-28,train,7,0
1050344,2015-01-28,train,8,0
1050344,2015-01-28,train,9,0
1050344,2015-01-28,train,10,0
1050344,2015-01-28,train,11,0
1050344,2015-01-28,train,12,0
1050344,2015-01-28,train,13,0
1050344,2015-01-28,train,14,0
1050344,2015-01-28,train,15,0
1050344,2015-01-28,train,16,0
1050345,2015-01-28,train,1,0
1050345,2015-01-28,train,2,0
1050345,2015-01-28,train,3,1
1050345,2015-01-28,train,4,0
1050345,2015-01-28,train,5,0
1050345,2015-01-28,train,6,0
1050345,2015-01-28,train,7,0
1050345,2015-01-28,train,8,0
1050345,2015-01-28,train,9,0
1050345,2015-01-28,train,10,0
1050345,2015-01-28,train,11,0
1050345,2015-01-28,train,12,0
1050345,2015-01-28,train,13,0
1050345,2015-01-28,train,14,0
1050345,2015-01-28,train,15,0
1050345,2015-01-28,train,16,0
1050346,2015-01-28,train,1,0
1050346,2015-01-28,train,2,0
1050346,2015-01-28,train,3,1
1050346,2015-01-28,train,4,0
1050346,2015-01-28,train,5,0
1050346,2015-01-28,train,6,0
1050346,2015-01-28,train,7,0
1050346,2015-01-28,train,8,0
1050346,2015-01-28,train,9,0
1050346,2015-01-28,train,10,0
1050346,2015-01-28,train,11,0
1050346,2015-01-28,train,12,0
1050346,2015-01-28,train,13,0
1050346,2015-01-28,train,14,0
1050346,2015-01-28,train,15,0
1050346,2015-01-28,train,16,0
1050373,2015-01-28,train,1,0
1050373,2015-01-28,train,2,0
1050373,2015-01-28,train,3,1
1050373,2015-01-28,train,4,0
1050373,2015-01-28,train,5,0
1050373,2015-01-28,train,6,0
1050373,2015-01-28,train,7,0
1050373,2015-01-28,train,8,0
1050373,2015-01-28,train,9,0
1050373,2015-01-28,train,10,0
1050373,2015-01-28,train,11,0
1050373,2015-01-28,train,12,0
1050373,2015-01-28,train,13,0
1050373,2015-01-28,train,14,0
1050373,2015-01-28,train,15,0
1050373,2015-01-28,train,16,0
1050374,2015-01-28,train,1,0
1050374,2015-01-28,train,2,0
1050374,2015-01-28,train,3,1
1050374,2015-01-28,train,4,0
1050374,2015-01-28,train,5,0
1050374,2015-01-28,train,6,0
1050374,2015-01-28,train,7,0
1050374,2015-01-28,train,8,0
1050374,2015-01-28,train,9,0
1050374,2015-01-28,train,10,0
1050374,2015-01-28,train,11,0
1050374,2015-01-28,train,12,0
1050374,2015-01-28,train,13,0
1050374,2015-01-28,train,14,0
1050374,2015-01-28,train,15,0
1050374,2015-01-28,train,16,0
1050375,2015-01-28,train,1,0
1050375,2015-01-28,train,2,0
1050375,2015-01-28,train,3,1
1050375,2015-01-28,train,4,0
1050375,2015-01-28,train,5,0
1050375,2015-01-28,train,6,0
1050375,2015-01-28,train,7,0
1050375,2015-01-28,train,8,0
1050375,2015-01-28,train,9,0
1050375,2015-01-28,train,10,0
1050375,2015-01-28,train,11,0
1050375,2015-01-28,train,12,0
1050375,2015-01-28,train,13,0
1050375,2015-01-28,train,14,0
1050375,2015-01-28,train,15,0
1050375,2015-01-28,train,16,0
1050376,2015-01-28,train,1,0
1050376,2015-01-28,train,2,0
1050376,2015-01-28,train,3,1
1050376,2015-01-28,train,4,0
1050376,2015-01-28,train,5,0
1050376,2015-01-28,train,6,0
1050376,2015-01-28,train,7,0
1050376,2015-01-28,train,8,0
1050376,2015-01-28,train,9,0
1050376,2015-01-28,train,10,0
1050376,2015-01-28,train,11,0
1050376,2015-01-28,train,12,0
1050376,2015-01-28,train,13,0
1050376,2015-01-28,train,14,0
1050376,2015-01-28,train,15,0
1050376,2015-01-28,train,16,0
1050377,2015-01-28,train,1,0
1050377,2015-01-28,train,2,0
1050377,2015-01-28,train,3,1
1050377,2015-01-28,train,4,0
1050377,2015-01-28,train,5,0
1050377,2015-01-28,train,6,0
1050377,2015-01-28,train,7,0
1050377,2015-01-28,train,8,0
1050377,2015-01-28,train,9,0
1050377,2015-01-28,train,10,0
1050377,2015-01-28,train,11,0
1050377,2015-01-28,train,12,0
1050377,2015-01-28,train,13,0
1050377,2015-01-28,train,14,0
1050377,2015-01-28,train,15,0
1050377,2015-01-28,train,16,0
1050378,2015-01-28,train,1,0
1050378,2015-01-28,train,2,0
1050378,2015-01-28,train,3,1
1050378,2015-01-28,train,4,0
1050378,2015-01-28,train,5,0
1050378,2015-01-28,train,6,0
1050378,2015-01-28,train,7,0
1050378,2015-01-28,train,8,0
1050378,2015-01-28,train,9,0
1050378,2015-01-28,train,10,0
1050378,2015-01-28,train,11,0
1050378,2015-01-28,train,12,0
1050378,2015-01-28,train,13,0
1050378,2015-01-28,train,14,0
1050378,2015-01-28,train,15,0
1050378,2015-01-28,train,16,0
1050379,2015-01-28,train,1,0
1050379,2015-01-28,train,2,0
1050379,2015-01-28,train,3,1
1050379,2015-01-28,train,4,0
1050379,2015-01-28,train,5,0
1050379,2015-01-28,train,6,0
1050379,2015-01-28,train,7,0
1050379,2015-01-28,train,8,0
1050379,2015-01-28,train,9,0
1050379,2015-01-28,train,10,0
1050379,2015-01-28,train,11,0
1050379,2015-01-28,train,12,0
1050379,2015-01-28,train,13,0
1050379,2015-01-28,train,14,0
1050379,2015-01-28,train,15,0
1050379,2015-01-28,train,16,0
1050380,2015-01-28,train,1,0
1050380,2015-01-28,train,2,0
1050380,2015-01-28,train,3,1
1050380,2015-01-28,train,4,0
1050380,2015-01-28,train,5,0
1050380,2015-01-28,train,6,0
1050380,2015-01-28,train,7,0
1050380,2015-01-28,train,8,0
1050380,2015-01-28,train,9,0
1050380,2015-01-28,train,10,0
1050380,2015-01-28,train,11,0
1050380,2015-01-28,train,12,0
1050380,2015-01-28,train,13,0
1050380,2015-01-28,train,14,0
1050380,2015-01-28,train,15,0
1050380,2015-01-28,train,16,0
1050381,2015-01-28,train,1,0
1050381,2015-01-28,train,2,0
1050381,2015-01-28,train,3,1
1050381,2015-01-28,train,4,0
1050381,2015-01-28,train,5,0
1050381,2015-01-28,train,6,0
1050381,2015-01-28,train,7,0
1050381,2015-01-28,train,8,0
1050381,2015-01-28,train,9,0
1050381,2015-01-28,train,10,0
1050381,2015-01-28,train,11,0
1050381,2015-01-28,train,12,0
1050381,2015-01-28,train,13,0
1050381,2015-01-28,train,14,0
1050381,2015-01-28,train,15,0
1050381,2015-01-28,train,16,0
1050383,2015-01-28,train,1,0
1050383,2015-01-28,train,2,0
1050383,2015-01-28,train,3,1
1050383,2015-01-28,train,4,0
1050383,2015-01-28,train,5,0
1050383,2015-01-28,train,6,0
1050383,2015-01-28,train,7,0
1050383,2015-01-28,train,8,0
1050383,2015-01-28,train,9,0
1050383,2015-01-28,train,10,0
1050383,2015-01-28,train,11,0
1050383,2015-01-28,train,12,0
1050383,2015-01-28,train,13,0
1050383,2015-01-28,train,14,0
1050383,2015-01-28,train,15,0
1050383,2015-01-28,train,16,0
1050384,2015-01-28,train,1,0
1050384,2015-01-28,train,2,0
1050384,2015-01-28,train,3,1
1050384,2015-01-28,train,4,0
1050384,2015-01-28,train,5,0
1050384,2015-01-28,train,6,0
1050384,2015-01-28,train,7,0
1050384,2015-01-28,train,8,0
1050384,2015-01-28,train,9,0
1050384,2015-01-28,train,10,0
1050384,2015-01-28,train,11,0
1050384,2015-01-28,train,12,0
1050384,2015-01-28,train,13,0
1050384,2015-01-28,train,14,0
1050384,2015-01-28,train,15,0
1050384,2015-01-28,train,16,0
1050385,2015-01-28,train,1,0
1050385,2015-01-28,train,2,0
1050385,2015-01-28,train,3,1
1050385,2015-01-28,train,4,0
1050385,2015-01-28,train,5,0
1050385,2015-01-28,train,6,0
1050385,2015-01-28,train,7,0
1050385,2015-01-28,train,8,0
1050385,2015-01-28,train,9,0
1050385,2015-01-28,train,10,0
1050385,2015-01-28,train,11,0
1050385,2015-01-28,train,12,0
1050385,2015-01-28,train,13,0
1050385,2015-01-28,train,14,0
1050385,2015-01-28,train,15,0
1050385,2015-01-28,train,16,0
1050386,2015-01-28,train,1,0
1050386,2015-01-28,train,2,0
1050386,2015-01-28,train,3,1
1050386,2015-01-28,train,4,0
1050386,2015-01-28,train,5,0
1050386,2015-01-28,train,6,0
1050386,2015-01-28,train,7,0
1050386,2015-01-28,train,8,0
1050386,2015-01-28,train,9,0
1050386,2015-01-28,train,10,0
1050386,2015-01-28,train,11,0
1050386,2015-01-28,train,12,0
1050386,2015-01-28,train,13,0
1050386,2015-01-28,train,14,0
1050386,2015-01-28,train,15,0
1050386,2015-01-28,train,16,0
1050387,2015-01-28,train,1,0
1050387,2015-01-28,train,2,0
1050387,2015-01-28,train,3,1
1050387,2015-01-28,train,4,0
1050387,2015-01-28,train,5,0
1050387,2015-01-28,train,6,0
1050387,2015-01-28,train,7,0
1050387,2015-01-28,train,8,0
1050387,2015-01-28,train,9,0
1050387,2015-01-28,train,10,0
1050387,2015-01-28,train,11,0
1050387,2015-01-28,train,12,0
1050387,2015-01-28,train,13,0
1050387,2015-01-28,train,14,0
1050387,2015-01-28,train,15,0
1050387,2015-01-28,train,16,0
1050388,2015-01-28,train,1,0
1050388,2015-01-28,train,2,0
1050388,2015-01-28,train,3,1
1050388,2015-01-28,train,4,0
1050388,2015-01-28,train,5,0
1050388,2015-01-28,train,6,0
1050388,2015-01-28,train,7,0
1050388,2015-01-28,train,8,0
1050388,2015-01-28,train,9,0
1050388,2015-01-28,train,10,0
1050388,2015-01-28,train,11,0
1050388,2015-01-28,train,12,0
1050388,2015-01-28,train,13,0
1050388,2015-01-28,train,14,0
1050388,2015-01-28,train,15,0
1050388,2015-01-28,train,16,0
1050372,2015-01-28,train,1,0
1050372,2015-01-28,train,2,0
1050372,2015-01-28,train,3,1
1050372,2015-01-28,train,4,0
1050372,2015-01-28,train,5,0
1050372,2015-01-28,train,6,0
1050372,2015-01-28,train,7,0
1050372,2015-01-28,train,8,0
1050372,2015-01-28,train,9,0
1050372,2015-01-28,train,10,0
1050372,2015-01-28,train,11,0
1050372,2015-01-28,train,12,0
1050372,2015-01-28,train,13,0
1050372,2015-01-28,train,14,0
1050372,2015-01-28,train,15,0
1050372,2015-01-28,train,16,0
1050370,2015-01-28,train,1,0
1050370,2015-01-28,train,2,0
1050370,2015-01-28,train,3,1
1050370,2015-01-28,train,4,0
1050370,2015-01-28,train,5,0
1050370,2015-01-28,train,6,0
1050370,2015-01-28,train,7,0
1050370,2015-01-28,train,8,0
1050370,2015-01-28,train,9,0
1050370,2015-01-28,train,10,0
1050370,2015-01-28,train,11,0
1050370,2015-01-28,train,12,0
1050370,2015-01-28,train,13,0
1050370,2015-01-28,train,14,0
1050370,2015-01-28,train,15,0
1050370,2015-01-28,train,16,0
1050368,2015-01-28,train,1,0
1050368,2015-01-28,train,2,0
1050368,2015-01-28,train,3,1
1050368,2015-01-28,train,4,0
1050368,2015-01-28,train,5,0
1050368,2015-01-28,train,6,0
1050368,2015-01-28,train,7,0
1050368,2015-01-28,train,8,0
1050368,2015-01-28,train,9,0
1050368,2015-01-28,train,10,0
1050368,2015-01-28,train,11,0
1050368,2015-01-28,train,12,0
1050368,2015-01-28,train,13,0
1050368,2015-01-28,train,14,0
1050368,2015-01-28,train,15,0
1050368,2015-01-28,train,16,0
1050367,2015-01-28,train,1,0
1050367,2015-01-28,train,2,0
1050367,2015-01-28,train,3,1
1050367,2015-01-28,train,4,0
1050367,2015-01-28,train,5,0
1050367,2015-01-28,train,6,0
1050367,2015-01-28,train,7,0
1050367,2015-01-28,train,8,0
1050367,2015-01-28,train,9,0
1050367,2015-01-28,train,10,0
1050367,2015-01-28,train,11,0
1050367,2015-01-28,train,12,0
1050367,2015-01-28,train,13,0
1050367,2015-01-28,train,14,0
1050367,2015-01-28,train,15,0
1050367,2015-01-28,train,16,0
1050347,2015-01-28,train,1,0
1050347,2015-01-28,train,2,0
1050347,2015-01-28,train,3,1
1050347,2015-01-28,train,4,0
1050347,2015-01-28,train,5,0
1050347,2015-01-28,train,6,0
1050347,2015-01-28,train,7,0
1050347,2015-01-28,train,8,0
1050347,2015-01-28,train,9,0
1050347,2015-01-28,train,10,0
1050347,2015-01-28,train,11,0
1050347,2015-01-28,train,12,0
1050347,2015-01-28,train,13,0
1050347,2015-01-28,train,14,0
1050347,2015-01-28,train,15,0
1050347,2015-01-28,train,16,0
1050348,2015-01-28,train,1,0
1050348,2015-01-28,train,2,0
1050348,2015-01-28,train,3,1
1050348,2015-01-28,train,4,0
1050348,2015-01-28,train,5,0
1050348,2015-01-28,train,6,0
1050348,2015-01-28,train,7,0
1050348,2015-01-28,train,8,0
1050348,2015-01-28,train,9,0
1050348,2015-01-28,train,10,0
1050348,2015-01-28,train,11,0
1050348,2015-01-28,train,12,0
1050348,2015-01-28,train,13,0
1050348,2015-01-28,train,14,0
1050348,2015-01-28,train,15,0
1050348,2015-01-28,train,16,0
1050350,2015-01-28,train,1,0
1050350,2015-01-28,train,2,0
1050350,2015-01-28,train,3,1
1050350,2015-01-28,train,4,0
1050350,2015-01-28,train,5,0
1050350,2015-01-28,train,6,0
1050350,2015-01-28,train,7,0
1050350,2015-01-28,train,8,0
1050350,2015-01-28,train,9,0
1050350,2015-01-28,train,10,0
1050350,2015-01-28,train,11,0
1050350,2015-01-28,train,12,0
1050350,2015-01-28,train,13,0
1050350,2015-01-28,train,14,0
1050350,2015-01-28,train,15,0
1050350,2015-01-28,train,16,0
1050351,2015-01-28,train,1,0
1050351,2015-01-28,train,2,0
1050351,2015-01-28,train,3,1
1050351,2015-01-28,train,4,0
1050351,2015-01-28,train,5,0
1050351,2015-01-28,train,6,0
1050351,2015-01-28,train,7,0
1050351,2015-01-28,train,8,0
1050351,2015-01-28,train,9,0
1050351,2015-01-28,train,10,0
1050351,2015-01-28,train,11,0
1050351,2015-01-28,train,12,0
1050351,2015-01-28,train,13,0
1050351,2015-01-28,train,14,0
1050351,2015-01-28,train,15,0
1050351,2015-01-28,train,16,0
1050352,2015-01-28,train,1,0
1050352,2015-01-28,train,2,0
1050352,2015-01-28,train,3,1
1050352,2015-01-28,train,4,0
1050352,2015-01-28,train,5,0
1050352,2015-01-28,train,6,0
1050352,2015-01-28,train,7,0
1050352,2015-01-28,train,8,0
1050352,2015-01-28,train,9,0
1050352,2015-01-28,train,10,0
1050352,2015-01-28,train,11,0
1050352,2015-01-28,train,12,0
1050352,2015-01-28,train,13,0
1050352,2015-01-28,train,14,0
1050352,2015-01-28,train,15,0
1050352,2015-01-28,train,16,0
1050355,2015-01-28,train,1,0
1050355,2015-01-28,train,2,0
1050355,2015-01-28,train,3,1
1050355,2015-01-28,train,4,0
1050355,2015-01-28,train,5,0
1050355,2015-01-28,train,6,0
1050355,2015-01-28,train,7,0
1050355,2015-01-28,train,8,0
1050355,2015-01-28,train,9,0
1050355,2015-01-28,train,10,0
1050355,2015-01-28,train,11,0
1050355,2015-01-28,train,12,0
1050355,2015-01-28,train,13,0
1050355,2015-01-28,train,14,0
1050355,2015-01-28,train,15,0
1050355,2015-01-28,train,16,0
1050356,2015-01-28,train,1,0
1050356,2015-01-28,train,2,0
1050356,2015-01-28,train,3,1
1050356,2015-01-28,train,4,0
1050356,2015-01-28,train,5,0
1050356,2015-01-28,train,6,0
1050356,2015-01-28,train,7,0
1050356,2015-01-28,train,8,0
1050356,2015-01-28,train,9,0
1050356,2015-01-28,train,10,0
1050356,2015-01-28,train,11,0
1050356,2015-01-28,train,12,0
1050356,2015-01-28,train,13,0
1050356,2015-01-28,train,14,0
1050356,2015-01-28,train,15,0
1050356,2015-01-28,train,16,0
1050482,2015-01-28,train,1,0
1050482,2015-01-28,train,2,0
1050482,2015-01-28,train,3,1
1050482,2015-01-28,train,4,0
1050482,2015-01-28,train,5,0
1050482,2015-01-28,train,6,0
1050482,2015-01-28,train,7,0
1050482,2015-01-28,train,8,0
1050482,2015-01-28,train,9,0
1050482,2015-01-28,train,10,0
1050482,2015-01-28,train,11,0
1050482,2015-01-28,train,12,0
1050482,2015-01-28,train,13,0
1050482,2015-01-28,train,14,0
1050482,2015-01-28,train,15,0
1050482,2015-01-28,train,16,0
1050357,2015-01-28,train,1,0
1050357,2015-01-28,train,2,0
1050357,2015-01-28,train,3,1
1050357,2015-01-28,train,4,0
1050357,2015-01-28,train,5,0
1050357,2015-01-28,train,6,0
1050357,2015-01-28,train,7,0
1050357,2015-01-28,train,8,0
1050357,2015-01-28,train,9,0
1050357,2015-01-28,train,10,0
1050357,2015-01-28,train,11,0
1050357,2015-01-28,train,12,0
1050357,2015-01-28,train,13,0
1050357,2015-01-28,train,14,0
1050357,2015-01-28,train,15,0
1050357,2015-01-28,train,16,0
1050359,2015-01-28,train,1,0
1050359,2015-01-28,train,2,0
1050359,2015-01-28,train,3,1
1050359,2015-01-28,train,4,0
1050359,2015-01-28,train,5,0
1050359,2015-01-28,train,6,0
1050359,2015-01-28,train,7,0
1050359,2015-01-28,train,8,0
1050359,2015-01-28,train,9,0
1050359,2015-01-28,train,10,0
1050359,2015-01-28,train,11,0
1050359,2015-01-28,train,12,0
1050359,2015-01-28,train,13,0
1050359,2015-01-28,train,14,0
1050359,2015-01-28,train,15,0
1050359,2015-01-28,train,16,0
1050360,2015-01-28,train,1,0
1050360,2015-01-28,train,2,0
1050360,2015-01-28,train,3,0
1050360,2015-01-28,train,4,0
1050360,2015-01-28,train,5,1
1050360,2015-01-28,train,6,0
1050360,2015-01-28,train,7,0
1050360,2015-01-28,train,8,0
1050360,2015-01-28,train,9,0
1050360,2015-01-28,train,10,0
1050360,2015-01-28,train,11,0
1050360,2015-01-28,train,12,0
1050360,2015-01-28,train,13,1
1050360,2015-01-28,train,14,0
1050360,2015-01-28,train,15,0
1050360,2015-01-28,train,16,0
1050362,2015-01-28,train,1,0
1050362,2015-01-28,train,2,0
1050362,2015-01-28,train,3,1
1050362,2015-01-28,train,4,0
1050362,2015-01-28,train,5,0
1050362,2015-01-28,train,6,0
1050362,2015-01-28,train,7,0
1050362,2015-01-28,train,8,0
1050362,2015-01-28,train,9,0
1050362,2015-01-28,train,10,0
1050362,2015-01-28,train,11,0
1050362,2015-01-28,train,12,0
1050362,2015-01-28,train,13,0
1050362,2015-01-28,train,14,0
1050362,2015-01-28,train,15,0
1050362,2015-01-28,train,16,0
1050363,2015-01-28,train,1,0
1050363,2015-01-28,train,2,0
1050363,2015-01-28,train,3,1
1050363,2015-01-28,train,4,0
1050363,2015-01-28,train,5,0
1050363,2015-01-28,train,6,0
1050363,2015-01-28,train,7,0
1050363,2015-01-28,train,8,0
1050363,2015-01-28,train,9,0
1050363,2015-01-28,train,10,0
1050363,2015-01-28,train,11,0
1050363,2015-01-28,train,12,0
1050363,2015-01-28,train,13,0
1050363,2015-01-28,train,14,0
1050363,2015-01-28,train,15,0
1050363,2015-01-28,train,16,0
1050364,2015-01-28,train,1,0
1050364,2015-01-28,train,2,0
1050364,2015-01-28,train,3,1
1050364,2015-01-28,train,4,0
1050364,2015-01-28,train,5,0
1050364,2015-01-28,train,6,0
1050364,2015-01-28,train,7,0
1050364,2015-01-28,train,8,0
1050364,2015-01-28,train,9,0
1050364,2015-01-28,train,10,0
1050364,2015-01-28,train,11,0
1050364,2015-01-28,train,12,0
1050364,2015-01-28,train,13,0
1050364,2015-01-28,train,14,0
1050364,2015-01-28,train,15,0
1050364,2015-01-28,train,16,0
1050365,2015-01-28,train,1,0
1050365,2015-01-28,train,2,0
1050365,2015-01-28,train,3,1
1050365,2015-01-28,train,4,0
1050365,2015-01-28,train,5,0
1050365,2015-01-28,train,6,0
1050365,2015-01-28,train,7,0
1050365,2015-01-28,train,8,0
1050365,2015-01-28,train,9,0
1050365,2015-01-28,train,10,0
1050365,2015-01-28,train,11,0
1050365,2015-01-28,train,12,0
1050365,2015-01-28,train,13,0
1050365,2015-01-28,train,14,0
1050365,2015-01-28,train,15,0
1050365,2015-01-28,train,16,0
1050366,2015-01-28,train,1,0
1050366,2015-01-28,train,2,0
1050366,2015-01-28,train,3,1
1050366,2015-01-28,train,4,0
1050366,2015-01-28,train,5,0
1050366,2015-01-28,train,6,0
1050366,2015-01-28,train,7,0
1050366,2015-01-28,train,8,0
1050366,2015-01-28,train,9,0
1050366,2015-01-28,train,10,0
1050366,2015-01-28,train,11,0
1050366,2015-01-28,train,12,0
1050366,2015-01-28,train,13,0
1050366,2015-01-28,train,14,0
1050366,2015-01-28,train,15,0
1050366,2015-01-28,train,16,0
1050358,2015-01-28,train,1,0
1050358,2015-01-28,train,2,0
1050358,2015-01-28,train,3,0
1050358,2015-01-28,train,4,0
1050358,2015-01-28,train,5,1
1050358,2015-01-28,train,6,0
1050358,2015-01-28,train,7,0
1050358,2015-01-28,train,8,0
1050358,2015-01-28,train,9,0
1050358,2015-01-28,train,10,0
1050358,2015-01-28,train,11,0
1050358,2015-01-28,train,12,0
1050358,2015-01-28,train,13,0
1050358,2015-01-28,train,14,0
1050358,2015-01-28,train,15,0
1050358,2015-01-28,train,16,0
1050947,2015-01-28,train,1,0
1050947,2015-01-28,train,2,0
1050947,2015-01-28,train,3,1
1050947,2015-01-28,train,4,0
1050947,2015-01-28,train,5,0
1050947,2015-01-28,train,6,0
1050947,2015-01-28,train,7,0
1050947,2015-01-28,train,8,0
1050947,2015-01-28,train,9,0
1050947,2015-01-28,train,10,0
1050947,2015-01-28,train,11,0
1050947,2015-01-28,train,12,0
1050947,2015-01-28,train,13,0
1050947,2015-01-28,train,14,0
1050947,2015-01-28,train,15,0
1050947,2015-01-28,train,16,0
1050948,2015-01-28,train,1,0
1050948,2015-01-28,train,2,0
1050948,2015-01-28,train,3,1
1050948,2015-01-28,train,4,0
1050948,2015-01-28,train,5,0
1050948,2015-01-28,train,6,0
1050948,2015-01-28,train,7,0
1050948,2015-01-28,train,8,0
1050948,2015-01-28,train,9,0
1050948,2015-01-28,train,10,0
1050948,2015-01-28,train,11,0
1050948,2015-01-28,train,12,0
1050948,2015-01-28,train,13,0
1050948,2015-01-28,train,14,0
1050948,2015-01-28,train,15,0
1050948,2015-01-28,train,16,0
1050951,2015-01-28,train,1,0
1050951,2015-01-28,train,2,0
1050951,2015-01-28,train,3,1
1050951,2015-01-28,train,4,0
1050951,2015-01-28,train,5,0
1050951,2015-01-28,train,6,0
1050951,2015-01-28,train,7,0
1050951,2015-01-28,train,8,0
1050951,2015-01-28,train,9,0
1050951,2015-01-28,train,10,0
1050951,2015-01-28,train,11,0
1050951,2015-01-28,train,12,0
1050951,2015-01-28,train,13,0
1050951,2015-01-28,train,14,0
1050951,2015-01-28,train,15,0
1050951,2015-01-28,train,16,0
1051879,2015-01-28,train,1,0
1051879,2015-01-28,train,2,0
1051879,2015-01-28,train,3,1
1051879,2015-01-28,train,4,0
1051879,2015-01-28,train,5,0
1051879,2015-01-28,train,6,0
1051879,2015-01-28,train,7,0
1051879,2015-01-28,train,8,0
1051879,2015-01-28,train,9,0
1051879,2015-01-28,train,10,0
1051879,2015-01-28,train,11,0
1051879,2015-01-28,train,12,0
1051879,2015-01-28,train,13,0
1051879,2015-01-28,train,14,0
1051879,2015-01-28,train,15,0
1051879,2015-01-28,train,16,0
1051882,2015-01-28,train,1,0
1051882,2015-01-28,train,2,0
1051882,2015-01-28,train,3,1
1051882,2015-01-28,train,4,0
1051882,2015-01-28,train,5,0
1051882,2015-01-28,train,6,0
1051882,2015-01-28,train,7,0
1051882,2015-01-28,train,8,0
1051882,2015-01-28,train,9,0
1051882,2015-01-28,train,10,0
1051882,2015-01-28,train,11,0
1051882,2015-01-28,train,12,0
1051882,2015-01-28,train,13,0
1051882,2015-01-28,train,14,0
1051882,2015-01-28,train,15,0
1051882,2015-01-28,train,16,0
1051884,2015-01-28,train,1,0
1051884,2015-01-28,train,2,0
1051884,2015-01-28,train,3,1
1051884,2015-01-28,train,4,0
1051884,2015-01-28,train,5,0
1051884,2015-01-28,train,6,0
1051884,2015-01-28,train,7,0
1051884,2015-01-28,train,8,0
1051884,2015-01-28,train,9,0
1051884,2015-01-28,train,10,0
1051884,2015-01-28,train,11,0
1051884,2015-01-28,train,12,0
1051884,2015-01-28,train,13,0
1051884,2015-01-28,train,14,0
1051884,2015-01-28,train,15,0
1051884,2015-01-28,train,16,0
1051886,2015-01-28,train,1,0
1051886,2015-01-28,train,2,0
1051886,2015-01-28,train,3,1
1051886,2015-01-28,train,4,0
1051886,2015-01-28,train,5,0
1051886,2015-01-28,train,6,0
1051886,2015-01-28,train,7,0
1051886,2015-01-28,train,8,0
1051886,2015-01-28,train,9,0
1051886,2015-01-28,train,10,0
1051886,2015-01-28,train,11,0
1051886,2015-01-28,train,12,0
1051886,2015-01-28,train,13,0
1051886,2015-01-28,train,14,0
1051886,2015-01-28,train,15,0
1051886,2015-01-28,train,16,0
1051894,2015-01-28,train,1,0
1051894,2015-01-28,train,2,0
1051894,2015-01-28,train,3,1
1051894,2015-01-28,train,4,0
1051894,2015-01-28,train,5,0
1051894,2015-01-28,train,6,0
1051894,2015-01-28,train,7,0
1051894,2015-01-28,train,8,0
1051894,2015-01-28,train,9,0
1051894,2015-01-28,train,10,0
1051894,2015-01-28,train,11,0
1051894,2015-01-28,train,12,0
1051894,2015-01-28,train,13,0
1051894,2015-01-28,train,14,0
1051894,2015-01-28,train,15,0
1051894,2015-01-28,train,16,0
1051896,2015-01-28,train,1,0
1051896,2015-01-28,train,2,0
1051896,2015-01-28,train,3,1
1051896,2015-01-28,train,4,0
1051896,2015-01-28,train,5,0
1051896,2015-01-28,train,6,0
1051896,2015-01-28,train,7,0
1051896,2015-01-28,train,8,0
1051896,2015-01-28,train,9,0
1051896,2015-01-28,train,10,0
1051896,2015-01-28,train,11,0
1051896,2015-01-28,train,12,0
1051896,2015-01-28,train,13,0
1051896,2015-01-28,train,14,0
1051896,2015-01-28,train,15,0
1051896,2015-01-28,train,16,0
1051902,2015-01-28,train,1,0
1051902,2015-01-28,train,2,0
1051902,2015-01-28,train,3,1
1051902,2015-01-28,train,4,0
1051902,2015-01-28,train,5,0
1051902,2015-01-28,train,6,0
1051902,2015-01-28,train,7,0
1051902,2015-01-28,train,8,0
1051902,2015-01-28,train,9,0
1051902,2015-01-28,train,10,0
1051902,2015-01-28,train,11,0
1051902,2015-01-28,train,12,0
1051902,2015-01-28,train,13,0
1051902,2015-01-28,train,14,0
1051902,2015-01-28,train,15,0
1051902,2015-01-28,train,16,0
1051904,2015-01-28,train,1,0
1051904,2015-01-28,train,2,0
1051904,2015-01-28,train,3,1
1051904,2015-01-28,train,4,0
1051904,2015-01-28,train,5,0
1051904,2015-01-28,train,6,0
1051904,2015-01-28,train,7,0
1051904,2015-01-28,train,8,0
1051904,2015-01-28,train,9,0
1051904,2015-01-28,train,10,0
1051904,2015-01-28,train,11,0
1051904,2015-01-28,train,12,0
1051904,2015-01-28,train,13,0
1051904,2015-01-28,train,14,0
1051904,2015-01-28,train,15,0
1051904,2015-01-28,train,16,0
1051906,2015-01-28,train,1,0
1051906,2015-01-28,train,2,0
1051906,2015-01-28,train,3,1
1051906,2015-01-28,train,4,0
1051906,2015-01-28,train,5,0
1051906,2015-01-28,train,6,0
1051906,2015-01-28,train,7,0
1051906,2015-01-28,train,8,0
1051906,2015-01-28,train,9,0
1051906,2015-01-28,train,10,0
1051906,2015-01-28,train,11,0
1051906,2015-01-28,train,12,0
1051906,2015-01-28,train,13,0
1051906,2015-01-28,train,14,0
1051906,2015-01-28,train,15,0
1051906,2015-01-28,train,16,0
1051908,2015-01-28,train,1,0
1051908,2015-01-28,train,2,0
1051908,2015-01-28,train,3,1
1051908,2015-01-28,train,4,0
1051908,2015-01-28,train,5,0
1051908,2015-01-28,train,6,0
1051908,2015-01-28,train,7,0
1051908,2015-01-28,train,8,0
1051908,2015-01-28,train,9,0
1051908,2015-01-28,train,10,0
1051908,2015-01-28,train,11,0
1051908,2015-01-28,train,12,0
1051908,2015-01-28,train,13,0
1051908,2015-01-28,train,14,0
1051908,2015-01-28,train,15,0
1051908,2015-01-28,train,16,0
1051910,2015-01-28,train,1,0
1051910,2015-01-28,train,2,0
1051910,2015-01-28,train,3,1
1051910,2015-01-28,train,4,0
1051910,2015-01-28,train,5,0
1051910,2015-01-28,train,6,0
1051910,2015-01-28,train,7,0
1051910,2015-01-28,train,8,0
1051910,2015-01-28,train,9,0
1051910,2015-01-28,train,10,0
1051910,2015-01-28,train,11,0
1051910,2015-01-28,train,12,0
1051910,2015-01-28,train,13,0
1051910,2015-01-28,train,14,0
1051910,2015-01-28,train,15,0
1051910,2015-01-28,train,16,0
1051912,2015-01-28,train,1,0
1051912,2015-01-28,train,2,0
1051912,2015-01-28,train,3,1
1051912,2015-01-28,train,4,0
1051912,2015-01-28,train,5,0
1051912,2015-01-28,train,6,0
1051912,2015-01-28,train,7,0
1051912,2015-01-28,train,8,0
1051912,2015-01-28,train,9,0
1051912,2015-01-28,train,10,0
1051912,2015-01-28,train,11,0
1051912,2015-01-28,train,12,0
1051912,2015-01-28,train,13,0
1051912,2015-01-28,train,14,0
1051912,2015-01-28,train,15,0
1051912,2015-01-28,train,16,0
1051913,2015-01-28,train,1,0
1051913,2015-01-28,train,2,0
1051913,2015-01-28,train,3,1
1051913,2015-01-28,train,4,0
1051913,2015-01-28,train,5,0
1051913,2015-01-28,train,6,0
1051913,2015-01-28,train,7,0
1051913,2015-01-28,train,8,0
1051913,2015-01-28,train,9,0
1051913,2015-01-28,train,10,0
1051913,2015-01-28,train,11,0
1051913,2015-01-28,train,12,0
1051913,2015-01-28,train,13,0
1051913,2015-01-28,train,14,0
1051913,2015-01-28,train,15,0
1051913,2015-01-28,train,16,0
1051914,2015-01-28,train,1,0
1051914,2015-01-28,train,2,0
1051914,2015-01-28,train,3,1
1051914,2015-01-28,train,4,0
1051914,2015-01-28,train,5,0
1051914,2015-01-28,train,6,0
1051914,2015-01-28,train,7,0
1051914,2015-01-28,train,8,0
1051914,2015-01-28,train,9,0
1051914,2015-01-28,train,10,0
1051914,2015-01-28,train,11,0
1051914,2015-01-28,train,12,0
1051914,2015-01-28,train,13,0
1051914,2015-01-28,train,14,0
1051914,2015-01-28,train,15,0
1051914,2015-01-28,train,16,0
1051916,2015-01-28,train,1,0
1051916,2015-01-28,train,2,0
1051916,2015-01-28,train,3,1
1051916,2015-01-28,train,4,0
1051916,2015-01-28,train,5,0
1051916,2015-01-28,train,6,0
1051916,2015-01-28,train,7,0
1051916,2015-01-28,train,8,0
1051916,2015-01-28,train,9,0
1051916,2015-01-28,train,10,0
1051916,2015-01-28,train,11,0
1051916,2015-01-28,train,12,0
1051916,2015-01-28,train,13,0
1051916,2015-01-28,train,14,0
1051916,2015-01-28,train,15,0
1051916,2015-01-28,train,16,0
1051878,2015-01-28,train,1,0
1051878,2015-01-28,train,2,0
1051878,2015-01-28,train,3,1
1051878,2015-01-28,train,4,0
1051878,2015-01-28,train,5,0
1051878,2015-01-28,train,6,0
1051878,2015-01-28,train,7,0
1051878,2015-01-28,train,8,0
1051878,2015-01-28,train,9,0
1051878,2015-01-28,train,10,0
1051878,2015-01-28,train,11,0
1051878,2015-01-28,train,12,0
1051878,2015-01-28,train,13,0
1051878,2015-01-28,train,14,0
1051878,2015-01-28,train,15,0
1051878,2015-01-28,train,16,0
1051919,2015-01-28,train,1,0
1051919,2015-01-28,train,2,0
1051919,2015-01-28,train,3,1
1051919,2015-01-28,train,4,0
1051919,2015-01-28,train,5,0
1051919,2015-01-28,train,6,0
1051919,2015-01-28,train,7,0
1051919,2015-01-28,train,8,0
1051919,2015-01-28,train,9,0
1051919,2015-01-28,train,10,0
1051919,2015-01-28,train,11,0
1051919,2015-01-28,train,12,0
1051919,2015-01-28,train,13,0
1051919,2015-01-28,train,14,0
1051919,2015-01-28,train,15,0
1051919,2015-01-28,train,16,0
1051876,2015-01-28,train,1,0
1051876,2015-01-28,train,2,0
1051876,2015-01-28,train,3,1
1051876,2015-01-28,train,4,0
1051876,2015-01-28,train,5,0
1051876,2015-01-28,train,6,0
1051876,2015-01-28,train,7,0
1051876,2015-01-28,train,8,0
1051876,2015-01-28,train,9,0
1051876,2015-01-28,train,10,0
1051876,2015-01-28,train,11,0
1051876,2015-01-28,train,12,0
1051876,2015-01-28,train,13,0
1051876,2015-01-28,train,14,0
1051876,2015-01-28,train,15,0
1051876,2015-01-28,train,16,0
1051872,2015-01-28,train,1,0
1051872,2015-01-28,train,2,0
1051872,2015-01-28,train,3,1
1051872,2015-01-28,train,4,0
1051872,2015-01-28,train,5,0
1051872,2015-01-28,train,6,0
1051872,2015-01-28,train,7,0
1051872,2015-01-28,train,8,0
1051872,2015-01-28,train,9,0
1051872,2015-01-28,train,10,0
1051872,2015-01-28,train,11,0
1051872,2015-01-28,train,12,0
1051872,2015-01-28,train,13,0
1051872,2015-01-28,train,14,0
1051872,2015-01-28,train,15,0
1051872,2015-01-28,train,16,0
1051842,2015-01-28,train,1,0
1051842,2015-01-28,train,2,0
1051842,2015-01-28,train,3,1
1051842,2015-01-28,train,4,0
1051842,2015-01-28,train,5,0
1051842,2015-01-28,train,6,0
1051842,2015-01-28,train,7,0
1051842,2015-01-28,train,8,0
1051842,2015-01-28,train,9,0
1051842,2015-01-28,train,10,0
1051842,2015-01-28,train,11,0
1051842,2015-01-28,train,12,0
1051842,2015-01-28,train,13,0
1051842,2015-01-28,train,14,0
1051842,2015-01-28,train,15,0
1051842,2015-01-28,train,16,0
1051843,2015-01-28,train,1,0
1051843,2015-01-28,train,2,0
1051843,2015-01-28,train,3,1
1051843,2015-01-28,train,4,0
1051843,2015-01-28,train,5,0
1051843,2015-01-28,train,6,0
1051843,2015-01-28,train,7,0
1051843,2015-01-28,train,8,0
1051843,2015-01-28,train,9,0
1051843,2015-01-28,train,10,0
1051843,2015-01-28,train,11,0
1051843,2015-01-28,train,12,0
1051843,2015-01-28,train,13,1
1051843,2015-01-28,train,14,0
1051843,2015-01-28,train,15,0
1051843,2015-01-28,train,16,0
1051847,2015-01-28,train,1,0
1051847,2015-01-28,train,2,0
1051847,2015-01-28,train,3,1
1051847,2015-01-28,train,4,0
1051847,2015-01-28,train,5,0
1051847,2015-01-28,train,6,0
1051847,2015-01-28,train,7,0
1051847,2015-01-28,train,8,0
1051847,2015-01-28,train,9,0
1051847,2015-01-28,train,10,0
1051847,2015-01-28,train,11,0
1051847,2015-01-28,train,12,0
1051847,2015-01-28,train,13,0
1051847,2015-01-28,train,14,0
1051847,2015-01-28,train,15,0
1051847,2015-01-28,train,16,0
1051851,2015-01-28,train,1,0
1051851,2015-01-28,train,2,0
1051851,2015-01-28,train,3,0
1051851,2015-01-28,train,4,0
1051851,2015-01-28,train,5,0
1051851,2015-01-28,train,6,1
1051851,2015-01-28,train,7,0
1051851,2015-01-28,train,8,0
1051851,2015-01-28,train,9,0
1051851,2015-01-28,train,10,0
1051851,2015-01-28,train,11,0
1051851,2015-01-28,train,12,0
1051851,2015-01-28,train,13,0
1051851,2015-01-28,train,14,0
1051851,2015-01-28,train,15,0
1051851,2015-01-28,train,16,0
1051852,2015-01-28,train,1,0
1051852,2015-01-28,train,2,0
1051852,2015-01-28,train,3,0
1051852,2015-01-28,train,4,0
1051852,2015-01-28,train,5,0
1051852,2015-01-28,train,6,1
1051852,2015-01-28,train,7,0
1051852,2015-01-28,train,8,0
1051852,2015-01-28,train,9,0
1051852,2015-01-28,train,10,0
1051852,2015-01-28,train,11,0
1051852,2015-01-28,train,12,0
1051852,2015-01-28,train,13,0
1051852,2015-01-28,train,14,0
1051852,2015-01-28,train,15,0
1051852,2015-01-28,train,16,0
1051853,2015-01-28,train,1,0
1051853,2015-01-28,train,2,0
1051853,2015-01-28,train,3,0
1051853,2015-01-28,train,4,0
1051853,2015-01-28,train,5,0
1051853,2015-01-28,train,6,1
1051853,2015-01-28,train,7,0
1051853,2015-01-28,train,8,0
1051853,2015-01-28,train,9,0
1051853,2015-01-28,train,10,0
1051853,2015-01-28,train,11,0
1051853,2015-01-28,train,12,0
1051853,2015-01-28,train,13,0
1051853,2015-01-28,train,14,0
1051853,2015-01-28,train,15,0
1051853,2015-01-28,train,16,0
1051854,2015-01-28,train,1,0
1051854,2015-01-28,train,2,0
1051854,2015-01-28,train,3,0
1051854,2015-01-28,train,4,0
1051854,2015-01-28,train,5,0
1051854,2015-01-28,train,6,1
1051854,2015-01-28,train,7,0
1051854,2015-01-28,train,8,0
1051854,2015-01-28,train,9,0
1051854,2015-01-28,train,10,0
1051854,2015-01-28,train,11,0
1051854,2015-01-28,train,12,0
1051854,2015-01-28,train,13,0
1051854,2015-01-28,train,14,0
1051854,2015-01-28,train,15,0
1051854,2015-01-28,train,16,0
1051857,2015-01-28,train,1,0
1051857,2015-01-28,train,2,0
1051857,2015-01-28,train,3,1
1051857,2015-01-28,train,4,0
1051857,2015-01-28,train,5,0
1051857,2015-01-28,train,6,0
1051857,2015-01-28,train,7,0
1051857,2015-01-28,train,8,0
1051857,2015-01-28,train,9,0
1051857,2015-01-28,train,10,0
1051857,2015-01-28,train,11,0
1051857,2015-01-28,train,12,0
1051857,2015-01-28,train,13,0
1051857,2015-01-28,train,14,0
1051857,2015-01-28,train,15,0
1051857,2015-01-28,train,16,0
1051858,2015-01-28,train,1,0
1051858,2015-01-28,train,2,0
1051858,2015-01-28,train,3,1
1051858,2015-01-28,train,4,0
1051858,2015-01-28,train,5,0
1051858,2015-01-28,train,6,0
1051858,2015-01-28,train,7,0
1051858,2015-01-28,train,8,0
1051858,2015-01-28,train,9,0
1051858,2015-01-28,train,10,0
1051858,2015-01-28,train,11,0
1051858,2015-01-28,train,12,0
1051858,2015-01-28,train,13,0
1051858,2015-01-28,train,14,0
1051858,2015-01-28,train,15,0
1051858,2015-01-28,train,16,0
1051861,2015-01-28,train,1,0
1051861,2015-01-28,train,2,0
1051861,2015-01-28,train,3,1
1051861,2015-01-28,train,4,0
1051861,2015-01-28,train,5,0
1051861,2015-01-28,train,6,0
1051861,2015-01-28,train,7,0
1051861,2015-01-28,train,8,0
1051861,2015-01-28,train,9,0
1051861,2015-01-28,train,10,0
1051861,2015-01-28,train,11,0
1051861,2015-01-28,train,12,0
1051861,2015-01-28,train,13,0
1051861,2015-01-28,train,14,0
1051861,2015-01-28,train,15,0
1051861,2015-01-28,train,16,0
1051862,2015-01-28,train,1,0
1051862,2015-01-28,train,2,0
1051862,2015-01-28,train,3,1
1051862,2015-01-28,train,4,0
1051862,2015-01-28,train,5,0
1051862,2015-01-28,train,6,0
1051862,2015-01-28,train,7,0
1051862,2015-01-28,train,8,0
1051862,2015-01-28,train,9,0
1051862,2015-01-28,train,10,0
1051862,2015-01-28,train,11,0
1051862,2015-01-28,train,12,0
1051862,2015-01-28,train,13,0
1051862,2015-01-28,train,14,0
1051862,2015-01-28,train,15,0
1051862,2015-01-28,train,16,0
1051864,2015-01-28,train,1,0
1051864,2015-01-28,train,2,0
1051864,2015-01-28,train,3,1
1051864,2015-01-28,train,4,0
1051864,2015-01-28,train,5,0
1051864,2015-01-28,train,6,0
1051864,2015-01-28,train,7,0
1051864,2015-01-28,train,8,0
1051864,2015-01-28,train,9,0
1051864,2015-01-28,train,10,0
1051864,2015-01-28,train,11,0
1051864,2015-01-28,train,12,0
1051864,2015-01-28,train,13,0
1051864,2015-01-28,train,14,0
1051864,2015-01-28,train,15,0
1051864,2015-01-28,train,16,0
1051865,2015-01-28,train,1,0
1051865,2015-01-28,train,2,0
1051865,2015-01-28,train,3,1
1051865,2015-01-28,train,4,0
1051865,2015-01-28,train,5,0
1051865,2015-01-28,train,6,0
1051865,2015-01-28,train,7,0
1051865,2015-01-28,train,8,0
1051865,2015-01-28,train,9,0
1051865,2015-01-28,train,10,0
1051865,2015-01-28,train,11,0
1051865,2015-01-28,train,12,0
1051865,2015-01-28,train,13,0
1051865,2015-01-28,train,14,0
1051865,2015-01-28,train,15,0
1051865,2015-01-28,train,16,0
1051867,2015-01-28,train,1,0
1051867,2015-01-28,train,2,0
1051867,2015-01-28,train,3,1
1051867,2015-01-28,train,4,0
1051867,2015-01-28,train,5,0
1051867,2015-01-28,train,6,0
1051867,2015-01-28,train,7,0
1051867,2015-01-28,train,8,0
1051867,2015-01-28,train,9,0
1051867,2015-01-28,train,10,0
1051867,2015-01-28,train,11,0
1051867,2015-01-28,train,12,0
1051867,2015-01-28,train,13,0
1051867,2015-01-28,train,14,0
1051867,2015-01-28,train,15,0
1051867,2015-01-28,train,16,0
1051868,2015-01-28,train,1,0
1051868,2015-01-28,train,2,0
1051868,2015-01-28,train,3,1
1051868,2015-01-28,train,4,0
1051868,2015-01-28,train,5,0
1051868,2015-01-28,train,6,0
1051868,2015-01-28,train,7,0
1051868,2015-01-28,train,8,0
1051868,2015-01-28,train,9,0
1051868,2015-01-28,train,10,0
1051868,2015-01-28,train,11,0
1051868,2015-01-28,train,12,0
1051868,2015-01-28,train,13,0
1051868,2015-01-28,train,14,0
1051868,2015-01-28,train,15,0
1051868,2015-01-28,train,16,0
1051874,2015-01-28,train,1,0
1051874,2015-01-28,train,2,0
1051874,2015-01-28,train,3,1
1051874,2015-01-28,train,4,0
1051874,2015-01-28,train,5,0
1051874,2015-01-28,train,6,0
1051874,2015-01-28,train,7,0
1051874,2015-01-28,train,8,0
1051874,2015-01-28,train,9,0
1051874,2015-01-28,train,10,0
1051874,2015-01-28,train,11,0
1051874,2015-01-28,train,12,0
1051874,2015-01-28,train,13,0
1051874,2015-01-28,train,14,0
1051874,2015-01-28,train,15,0
1051874,2015-01-28,train,16,0
1051840,2015-01-28,train,1,0
1051840,2015-01-28,train,2,0
1051840,2015-01-28,train,3,1
1051840,2015-01-28,train,4,0
1051840,2015-01-28,train,5,0
1051840,2015-01-28,train,6,0
1051840,2015-01-28,train,7,0
1051840,2015-01-28,train,8,0
1051840,2015-01-28,train,9,0
1051840,2015-01-28,train,10,0
1051840,2015-01-28,train,11,0
1051840,2015-01-28,train,12,0
1051840,2015-01-28,train,13,0
1051840,2015-01-28,train,14,0
1051840,2015-01-28,train,15,0
1051840,2015-01-28,train,16,0
1051920,2015-01-28,train,1,0
1051920,2015-01-28,train,2,0
1051920,2015-01-28,train,3,0
1051920,2015-01-28,train,4,0
1051920,2015-01-28,train,5,0
1051920,2015-01-28,train,6,0
1051920,2015-01-28,train,7,0
1051920,2015-01-28,train,8,0
1051920,2015-01-28,train,9,0
1051920,2015-01-28,train,10,0
1051920,2015-01-28,train,11,0
1051920,2015-01-28,train,12,0
1051920,2015-01-28,train,13,1
1051920,2015-01-28,train,14,0
1051920,2015-01-28,train,15,0
1051920,2015-01-28,train,16,0
1051924,2015-01-28,train,1,0
1051924,2015-01-28,train,2,0
1051924,2015-01-28,train,3,1
1051924,2015-01-28,train,4,0
1051924,2015-01-28,train,5,0
1051924,2015-01-28,train,6,0
1051924,2015-01-28,train,7,0
1051924,2015-01-28,train,8,0
1051924,2015-01-28,train,9,0
1051924,2015-01-28,train,10,0
1051924,2015-01-28,train,11,0
1051924,2015-01-28,train,12,0
1051924,2015-01-28,train,13,0
1051924,2015-01-28,train,14,0
1051924,2015-01-28,train,15,0
1051924,2015-01-28,train,16,0
1051971,2015-01-28,train,1,0
1051971,2015-01-28,train,2,0
1051971,2015-01-28,train,3,1
1051971,2015-01-28,train,4,0
1051971,2015-01-28,train,5,0
1051971,2015-01-28,train,6,0
1051971,2015-01-28,train,7,0
1051971,2015-01-28,train,8,0
1051971,2015-01-28,train,9,0
1051971,2015-01-28,train,10,0
1051971,2015-01-28,train,11,0
1051971,2015-01-28,train,12,0
1051971,2015-01-28,train,13,0
1051971,2015-01-28,train,14,0
1051971,2015-01-28,train,15,0
1051971,2015-01-28,train,16,0
1051973,2015-01-28,train,1,0
1051973,2015-01-28,train,2,0
1051973,2015-01-28,train,3,1
1051973,2015-01-28,train,4,0
1051973,2015-01-28,train,5,0
1051973,2015-01-28,train,6,0
1051973,2015-01-28,train,7,0
1051973,2015-01-28,train,8,0
1051973,2015-01-28,train,9,0
1051973,2015-01-28,train,10,0
1051973,2015-01-28,train,11,0
1051973,2015-01-28,train,12,0
1051973,2015-01-28,train,13,0
1051973,2015-01-28,train,14,0
1051973,2015-01-28,train,15,0
1051973,2015-01-28,train,16,0
1051979,2015-01-28,train,1,0
1051979,2015-01-28,train,2,0
1051979,2015-01-28,train,3,1
1051979,2015-01-28,train,4,0
1051979,2015-01-28,train,5,0
1051979,2015-01-28,train,6,0
1051979,2015-01-28,train,7,0
1051979,2015-01-28,train,8,0
1051979,2015-01-28,train,9,0
1051979,2015-01-28,train,10,0
1051979,2015-01-28,train,11,0
1051979,2015-01-28,train,12,0
1051979,2015-01-28,train,13,0
1051979,2015-01-28,train,14,0
1051979,2015-01-28,train,15,0
1051979,2015-01-28,train,16,0
1051981,2015-01-28,train,1,0
1051981,2015-01-28,train,2,0
1051981,2015-01-28,train,3,1
1051981,2015-01-28,train,4,0
1051981,2015-01-28,train,5,0
1051981,2015-01-28,train,6,0
1051981,2015-01-28,train,7,0
1051981,2015-01-28,train,8,0
1051981,2015-01-28,train,9,0
1051981,2015-01-28,train,10,0
1051981,2015-01-28,train,11,0
1051981,2015-01-28,train,12,0
1051981,2015-01-28,train,13,0
1051981,2015-01-28,train,14,0
1051981,2015-01-28,train,15,0
1051981,2015-01-28,train,16,0
1051985,2015-01-28,train,1,0
1051985,2015-01-28,train,2,0
1051985,2015-01-28,train,3,1
1051985,2015-01-28,train,4,0
1051985,2015-01-28,train,5,0
1051985,2015-01-28,train,6,0
1051985,2015-01-28,train,7,0
1051985,2015-01-28,train,8,0
1051985,2015-01-28,train,9,0
1051985,2015-01-28,train,10,0
1051985,2015-01-28,train,11,0
1051985,2015-01-28,train,12,0
1051985,2015-01-28,train,13,0
1051985,2015-01-28,train,14,0
1051985,2015-01-28,train,15,0
1051985,2015-01-28,train,16,0
1051989,2015-01-28,train,1,0
1051989,2015-01-28,train,2,0
1051989,2015-01-28,train,3,1
1051989,2015-01-28,train,4,0
1051989,2015-01-28,train,5,0
1051989,2015-01-28,train,6,0
1051989,2015-01-28,train,7,0
1051989,2015-01-28,train,8,0
1051989,2015-01-28,train,9,0
1051989,2015-01-28,train,10,0
1051989,2015-01-28,train,11,0
1051989,2015-01-28,train,12,0
1051989,2015-01-28,train,13,0
1051989,2015-01-28,train,14,0
1051989,2015-01-28,train,15,0
1051989,2015-01-28,train,16,0
1051993,2015-01-28,train,1,0
1051993,2015-01-28,train,2,0
1051993,2015-01-28,train,3,1
1051993,2015-01-28,train,4,0
1051993,2015-01-28,train,5,0
1051993,2015-01-28,train,6,0
1051993,2015-01-28,train,7,0
1051993,2015-01-28,train,8,0
1051993,2015-01-28,train,9,0
1051993,2015-01-28,train,10,0
1051993,2015-01-28,train,11,0
1051993,2015-01-28,train,12,0
1051993,2015-01-28,train,13,0
1051993,2015-01-28,train,14,0
1051993,2015-01-28,train,15,0
1051993,2015-01-28,train,16,0
1051995,2015-01-28,train,1,0
1051995,2015-01-28,train,2,0
1051995,2015-01-28,train,3,1
1051995,2015-01-28,train,4,0
1051995,2015-01-28,train,5,0
1051995,2015-01-28,train,6,0
1051995,2015-01-28,train,7,0
1051995,2015-01-28,train,8,0
1051995,2015-01-28,train,9,0
1051995,2015-01-28,train,10,0
1051995,2015-01-28,train,11,0
1051995,2015-01-28,train,12,0
1051995,2015-01-28,train,13,0
1051995,2015-01-28,train,14,0
1051995,2015-01-28,train,15,0
1051995,2015-01-28,train,16,0
1051997,2015-01-28,train,1,0
1051997,2015-01-28,train,2,0
1051997,2015-01-28,train,3,1
1051997,2015-01-28,train,4,0
1051997,2015-01-28,train,5,0
1051997,2015-01-28,train,6,0
1051997,2015-01-28,train,7,0
1051997,2015-01-28,train,8,0
1051997,2015-01-28,train,9,0
1051997,2015-01-28,train,10,0
1051997,2015-01-28,train,11,0
1051997,2015-01-28,train,12,0
1051997,2015-01-28,train,13,0
1051997,2015-01-28,train,14,0
1051997,2015-01-28,train,15,0
1051997,2015-01-28,train,16,0
1051999,2015-01-28,train,1,0
1051999,2015-01-28,train,2,0
1051999,2015-01-28,train,3,1
1051999,2015-01-28,train,4,0
1051999,2015-01-28,train,5,0
1051999,2015-01-28,train,6,0
1051999,2015-01-28,train,7,0
1051999,2015-01-28,train,8,0
1051999,2015-01-28,train,9,0
1051999,2015-01-28,train,10,0
1051999,2015-01-28,train,11,0
1051999,2015-01-28,train,12,0
1051999,2015-01-28,train,13,0
1051999,2015-01-28,train,14,0
1051999,2015-01-28,train,15,0
1051999,2015-01-28,train,16,0
1052003,2015-01-28,train,1,0
1052003,2015-01-28,train,2,0
1052003,2015-01-28,train,3,1
1052003,2015-01-28,train,4,0
1052003,2015-01-28,train,5,0
1052003,2015-01-28,train,6,0
1052003,2015-01-28,train,7,0
1052003,2015-01-28,train,8,0
1052003,2015-01-28,train,9,0
1052003,2015-01-28,train,10,0
1052003,2015-01-28,train,11,0
1052003,2015-01-28,train,12,0
1052003,2015-01-28,train,13,0
1052003,2015-01-28,train,14,0
1052003,2015-01-28,train,15,0
1052003,2015-01-28,train,16,0
1052007,2015-01-28,train,1,0
1052007,2015-01-28,train,2,0
1052007,2015-01-28,train,3,1
1052007,2015-01-28,train,4,0
1052007,2015-01-28,train,5,0
1052007,2015-01-28,train,6,0
1052007,2015-01-28,train,7,0
1052007,2015-01-28,train,8,0
1052007,2015-01-28,train,9,0
1052007,2015-01-28,train,10,0
1052007,2015-01-28,train,11,0
1052007,2015-01-28,train,12,0
1052007,2015-01-28,train,13,0
1052007,2015-01-28,train,14,0
1052007,2015-01-28,train,15,0
1052007,2015-01-28,train,16,0
1052011,2015-01-28,train,1,0
1052011,2015-01-28,train,2,0
1052011,2015-01-28,train,3,1
1052011,2015-01-28,train,4,0
1052011,2015-01-28,train,5,0
1052011,2015-01-28,train,6,0
1052011,2015-01-28,train,7,0
1052011,2015-01-28,train,8,0
1052011,2015-01-28,train,9,0
1052011,2015-01-28,train,10,0
1052011,2015-01-28,train,11,0
1052011,2015-01-28,train,12,0
1052011,2015-01-28,train,13,0
1052011,2015-01-28,train,14,0
1052011,2015-01-28,train,15,0
1052011,2015-01-28,train,16,0
1052013,2015-01-28,train,1,0
1052013,2015-01-28,train,2,0
1052013,2015-01-28,train,3,1
1052013,2015-01-28,train,4,0
1052013,2015-01-28,train,5,0
1052013,2015-01-28,train,6,0
1052013,2015-01-28,train,7,0
1052013,2015-01-28,train,8,0
1052013,2015-01-28,train,9,0
1052013,2015-01-28,train,10,0
1052013,2015-01-28,train,11,0
1052013,2015-01-28,train,12,0
1052013,2015-01-28,train,13,0
1052013,2015-01-28,train,14,0
1052013,2015-01-28,train,15,0
1052013,2015-01-28,train,16,0
1052017,2015-01-28,train,1,0
1052017,2015-01-28,train,2,0
1052017,2015-01-28,train,3,1
1052017,2015-01-28,train,4,0
1052017,2015-01-28,train,5,0
1052017,2015-01-28,train,6,0
1052017,2015-01-28,train,7,0
1052017,2015-01-28,train,8,0
1052017,2015-01-28,train,9,0
1052017,2015-01-28,train,10,0
1052017,2015-01-28,train,11,0
1052017,2015-01-28,train,12,0
1052017,2015-01-28,train,13,0
1052017,2015-01-28,train,14,0
1052017,2015-01-28,train,15,0
1052017,2015-01-28,train,16,0
1051968,2015-01-28,train,1,0
1051968,2015-01-28,train,2,0
1051968,2015-01-28,train,3,0
1051968,2015-01-28,train,4,0
1051968,2015-01-28,train,5,1
1051968,2015-01-28,train,6,0
1051968,2015-01-28,train,7,0
1051968,2015-01-28,train,8,0
1051968,2015-01-28,train,9,0
1051968,2015-01-28,train,10,0
1051968,2015-01-28,train,11,0
1051968,2015-01-28,train,12,0
1051968,2015-01-28,train,13,1
1051968,2015-01-28,train,14,0
1051968,2015-01-28,train,15,0
1051968,2015-01-28,train,16,0
1051922,2015-01-28,train,1,0
1051922,2015-01-28,train,2,0
1051922,2015-01-28,train,3,1
1051922,2015-01-28,train,4,0
1051922,2015-01-28,train,5,0
1051922,2015-01-28,train,6,0
1051922,2015-01-28,train,7,0
1051922,2015-01-28,train,8,0
1051922,2015-01-28,train,9,0
1051922,2015-01-28,train,10,0
1051922,2015-01-28,train,11,0
1051922,2015-01-28,train,12,0
1051922,2015-01-28,train,13,0
1051922,2015-01-28,train,14,0
1051922,2015-01-28,train,15,0
1051922,2015-01-28,train,16,0
1051966,2015-01-28,train,1,0
1051966,2015-01-28,train,2,0
1051966,2015-01-28,train,3,1
1051966,2015-01-28,train,4,0
1051966,2015-01-28,train,5,0
1051966,2015-01-28,train,6,0
1051966,2015-01-28,train,7,0
1051966,2015-01-28,train,8,0
1051966,2015-01-28,train,9,0
1051966,2015-01-28,train,10,0
1051966,2015-01-28,train,11,0
1051966,2015-01-28,train,12,0
1051966,2015-01-28,train,13,0
1051966,2015-01-28,train,14,0
1051966,2015-01-28,train,15,0
1051966,2015-01-28,train,16,0
1051962,2015-01-28,train,1,0
1051962,2015-01-28,train,2,0
1051962,2015-01-28,train,3,1
1051962,2015-01-28,train,4,0
1051962,2015-01-28,train,5,0
1051962,2015-01-28,train,6,0
1051962,2015-01-28,train,7,0
1051962,2015-01-28,train,8,0
1051962,2015-01-28,train,9,0
1051962,2015-01-28,train,10,0
1051962,2015-01-28,train,11,0
1051962,2015-01-28,train,12,0
1051962,2015-01-28,train,13,0
1051962,2015-01-28,train,14,0
1051962,2015-01-28,train,15,0
1051962,2015-01-28,train,16,0
1051927,2015-01-28,train,1,0
1051927,2015-01-28,train,2,0
1051927,2015-01-28,train,3,1
1051927,2015-01-28,train,4,0
1051927,2015-01-28,train,5,0
1051927,2015-01-28,train,6,0
1051927,2015-01-28,train,7,0
1051927,2015-01-28,train,8,0
1051927,2015-01-28,train,9,0
1051927,2015-01-28,train,10,0
1051927,2015-01-28,train,11,0
1051927,2015-01-28,train,12,0
1051927,2015-01-28,train,13,0
1051927,2015-01-28,train,14,0
1051927,2015-01-28,train,15,0
1051927,2015-01-28,train,16,0
1051929,2015-01-28,train,1,0
1051929,2015-01-28,train,2,0
1051929,2015-01-28,train,3,1
1051929,2015-01-28,train,4,0
1051929,2015-01-28,train,5,0
1051929,2015-01-28,train,6,0
1051929,2015-01-28,train,7,0
1051929,2015-01-28,train,8,0
1051929,2015-01-28,train,9,0
1051929,2015-01-28,train,10,0
1051929,2015-01-28,train,11,0
1051929,2015-01-28,train,12,0
1051929,2015-01-28,train,13,0
1051929,2015-01-28,train,14,0
1051929,2015-01-28,train,15,0
1051929,2015-01-28,train,16,0
1051931,2015-01-28,train,1,0
1051931,2015-01-28,train,2,0
1051931,2015-01-28,train,3,1
1051931,2015-01-28,train,4,0
1051931,2015-01-28,train,5,0
1051931,2015-01-28,train,6,0
1051931,2015-01-28,train,7,0
1051931,2015-01-28,train,8,0
1051931,2015-01-28,train,9,0
1051931,2015-01-28,train,10,0
1051931,2015-01-28,train,11,0
1051931,2015-01-28,train,12,0
1051931,2015-01-28,train,13,0
1051931,2015-01-28,train,14,0
1051931,2015-01-28,train,15,0
1051931,2015-01-28,train,16,0
1051935,2015-01-28,train,1,0
1051935,2015-01-28,train,2,0
1051935,2015-01-28,train,3,1
1051935,2015-01-28,train,4,0
1051935,2015-01-28,train,5,0
1051935,2015-01-28,train,6,0
1051935,2015-01-28,train,7,0
1051935,2015-01-28,train,8,0
1051935,2015-01-28,train,9,0
1051935,2015-01-28,train,10,0
1051935,2015-01-28,train,11,0
1051935,2015-01-28,train,12,0
1051935,2015-01-28,train,13,0
1051935,2015-01-28,train,14,0
1051935,2015-01-28,train,15,0
1051935,2015-01-28,train,16,0
1051937,2015-01-28,train,1,0
1051937,2015-01-28,train,2,0
1051937,2015-01-28,train,3,1
1051937,2015-01-28,train,4,0
1051937,2015-01-28,train,5,0
1051937,2015-01-28,train,6,0
1051937,2015-01-28,train,7,0
1051937,2015-01-28,train,8,0
1051937,2015-01-28,train,9,0
1051937,2015-01-28,train,10,0
1051937,2015-01-28,train,11,0
1051937,2015-01-28,train,12,0
1051937,2015-01-28,train,13,0
1051937,2015-01-28,train,14,0
1051937,2015-01-28,train,15,0
1051937,2015-01-28,train,16,0
1051939,2015-01-28,train,1,0
1051939,2015-01-28,train,2,0
1051939,2015-01-28,train,3,1
1051939,2015-01-28,train,4,0
1051939,2015-01-28,train,5,0
1051939,2015-01-28,train,6,0
1051939,2015-01-28,train,7,0
1051939,2015-01-28,train,8,0
1051939,2015-01-28,train,9,0
1051939,2015-01-28,train,10,0
1051939,2015-01-28,train,11,0
1051939,2015-01-28,train,12,0
1051939,2015-01-28,train,13,0
1051939,2015-01-28,train,14,0
1051939,2015-01-28,train,15,0
1051939,2015-01-28,train,16,0
1051940,2015-01-28,train,1,0
1051940,2015-01-28,train,2,0
1051940,2015-01-28,train,3,1
1051940,2015-01-28,train,4,0
1051940,2015-01-28,train,5,0
1051940,2015-01-28,train,6,0
1051940,2015-01-28,train,7,0
1051940,2015-01-28,train,8,0
1051940,2015-01-28,train,9,0
1051940,2015-01-28,train,10,0
1051940,2015-01-28,train,11,0
1051940,2015-01-28,train,12,0
1051940,2015-01-28,train,13,0
1051940,2015-01-28,train,14,0
1051940,2015-01-28,train,15,0
1051940,2015-01-28,train,16,0
1051944,2015-01-28,train,1,0
1051944,2015-01-28,train,2,0
1051944,2015-01-28,train,3,1
1051944,2015-01-28,train,4,0
1051944,2015-01-28,train,5,0
1051944,2015-01-28,train,6,0
1051944,2015-01-28,train,7,0
1051944,2015-01-28,train,8,0
1051944,2015-01-28,train,9,0
1051944,2015-01-28,train,10,0
1051944,2015-01-28,train,11,0
1051944,2015-01-28,train,12,0
1051944,2015-01-28,train,13,0
1051944,2015-01-28,train,14,0
1051944,2015-01-28,train,15,0
1051944,2015-01-28,train,16,0
1051946,2015-01-28,train,1,0
1051946,2015-01-28,train,2,0
1051946,2015-01-28,train,3,1
1051946,2015-01-28,train,4,0
1051946,2015-01-28,train,5,0
1051946,2015-01-28,train,6,0
1051946,2015-01-28,train,7,0
1051946,2015-01-28,train,8,0
1051946,2015-01-28,train,9,0
1051946,2015-01-28,train,10,0
1051946,2015-01-28,train,11,0
1051946,2015-01-28,train,12,0
1051946,2015-01-28,train,13,0
1051946,2015-01-28,train,14,0
1051946,2015-01-28,train,15,0
1051946,2015-01-28,train,16,0
1051948,2015-01-28,train,1,0
1051948,2015-01-28,train,2,0
1051948,2015-01-28,train,3,1
1051948,2015-01-28,train,4,0
1051948,2015-01-28,train,5,0
1051948,2015-01-28,train,6,0
1051948,2015-01-28,train,7,0
1051948,2015-01-28,train,8,0
1051948,2015-01-28,train,9,0
1051948,2015-01-28,train,10,0
1051948,2015-01-28,train,11,0
1051948,2015-01-28,train,12,0
1051948,2015-01-28,train,13,0
1051948,2015-01-28,train,14,0
1051948,2015-01-28,train,15,0
1051948,2015-01-28,train,16,0
1051950,2015-01-28,train,1,0
1051950,2015-01-28,train,2,0
1051950,2015-01-28,train,3,1
1051950,2015-01-28,train,4,0
1051950,2015-01-28,train,5,0
1051950,2015-01-28,train,6,0
1051950,2015-01-28,train,7,0
1051950,2015-01-28,train,8,0
1051950,2015-01-28,train,9,0
1051950,2015-01-28,train,10,0
1051950,2015-01-28,train,11,0
1051950,2015-01-28,train,12,0
1051950,2015-01-28,train,13,0
1051950,2015-01-28,train,14,0
1051950,2015-01-28,train,15,0
1051950,2015-01-28,train,16,0
1051954,2015-01-28,train,1,0
1051954,2015-01-28,train,2,0
1051954,2015-01-28,train,3,1
1051954,2015-01-28,train,4,0
1051954,2015-01-28,train,5,0
1051954,2015-01-28,train,6,0
1051954,2015-01-28,train,7,0
1051954,2015-01-28,train,8,0
1051954,2015-01-28,train,9,0
1051954,2015-01-28,train,10,0
1051954,2015-01-28,train,11,0
1051954,2015-01-28,train,12,0
1051954,2015-01-28,train,13,0
1051954,2015-01-28,train,14,0
1051954,2015-01-28,train,15,0
1051954,2015-01-28,train,16,0
1051956,2015-01-28,train,1,0
1051956,2015-01-28,train,2,0
1051956,2015-01-28,train,3,1
1051956,2015-01-28,train,4,0
1051956,2015-01-28,train,5,0
1051956,2015-01-28,train,6,0
1051956,2015-01-28,train,7,0
1051956,2015-01-28,train,8,0
1051956,2015-01-28,train,9,0
1051956,2015-01-28,train,10,0
1051956,2015-01-28,train,11,0
1051956,2015-01-28,train,12,0
1051956,2015-01-28,train,13,0
1051956,2015-01-28,train,14,0
1051956,2015-01-28,train,15,0
1051956,2015-01-28,train,16,0
1051958,2015-01-28,train,1,0
1051958,2015-01-28,train,2,0
1051958,2015-01-28,train,3,1
1051958,2015-01-28,train,4,0
1051958,2015-01-28,train,5,0
1051958,2015-01-28,train,6,0
1051958,2015-01-28,train,7,0
1051958,2015-01-28,train,8,0
1051958,2015-01-28,train,9,0
1051958,2015-01-28,train,10,0
1051958,2015-01-28,train,11,0
1051958,2015-01-28,train,12,0
1051958,2015-01-28,train,13,0
1051958,2015-01-28,train,14,0
1051958,2015-01-28,train,15,0
1051958,2015-01-28,train,16,0
1051960,2015-01-28,train,1,0
1051960,2015-01-28,train,2,0
1051960,2015-01-28,train,3,1
1051960,2015-01-28,train,4,0
1051960,2015-01-28,train,5,0
1051960,2015-01-28,train,6,0
1051960,2015-01-28,train,7,0
1051960,2015-01-28,train,8,0
1051960,2015-01-28,train,9,0
1051960,2015-01-28,train,10,0
1051960,2015-01-28,train,11,0
1051960,2015-01-28,train,12,0
1051960,2015-01-28,train,13,0
1051960,2015-01-28,train,14,0
1051960,2015-01-28,train,15,0
1051960,2015-01-28,train,16,0
1051964,2015-01-28,train,1,0
1051964,2015-01-28,train,2,0
1051964,2015-01-28,train,3,1
1051964,2015-01-28,train,4,0
1051964,2015-01-28,train,5,0
1051964,2015-01-28,train,6,0
1051964,2015-01-28,train,7,0
1051964,2015-01-28,train,8,0
1051964,2015-01-28,train,9,0
1051964,2015-01-28,train,10,0
1051964,2015-01-28,train,11,0
1051964,2015-01-28,train,12,0
1051964,2015-01-28,train,13,0
1051964,2015-01-28,train,14,0
1051964,2015-01-28,train,15,0
1051964,2015-01-28,train,16,0
1052021,2015-01-28,train,1,0
1052021,2015-01-28,train,2,0
1052021,2015-01-28,train,3,0
1052021,2015-01-28,train,4,0
1052021,2015-01-28,train,5,1
1052021,2015-01-28,train,6,0
1052021,2015-01-28,train,7,0
1052021,2015-01-28,train,8,0
1052021,2015-01-28,train,9,0
1052021,2015-01-28,train,10,0
1052021,2015-01-28,train,11,0
1052021,2015-01-28,train,12,0
1052021,2015-01-28,train,13,1
1052021,2015-01-28,train,14,0
1052021,2015-01-28,train,15,0
1052021,2015-01-28,train,16,0
1051839,2015-01-28,train,1,0
1051839,2015-01-28,train,2,0
1051839,2015-01-28,train,3,1
1051839,2015-01-28,train,4,0
1051839,2015-01-28,train,5,0
1051839,2015-01-28,train,6,0
1051839,2015-01-28,train,7,0
1051839,2015-01-28,train,8,0
1051839,2015-01-28,train,9,0
1051839,2015-01-28,train,10,0
1051839,2015-01-28,train,11,0
1051839,2015-01-28,train,12,1
1051839,2015-01-28,train,13,1
1051839,2015-01-28,train,14,0
1051839,2015-01-28,train,15,0
1051839,2015-01-28,train,16,0
1051835,2015-01-28,train,1,0
1051835,2015-01-28,train,2,0
1051835,2015-01-28,train,3,0
1051835,2015-01-28,train,4,0
1051835,2015-01-28,train,5,0
1051835,2015-01-28,train,6,0
1051835,2015-01-28,train,7,0
1051835,2015-01-28,train,8,0
1051835,2015-01-28,train,9,0
1051835,2015-01-28,train,10,0
1051835,2015-01-28,train,11,0
1051835,2015-01-28,train,12,0
1051835,2015-01-28,train,13,1
1051835,2015-01-28,train,14,0
1051835,2015-01-28,train,15,0
1051835,2015-01-28,train,16,0
1051701,2015-01-28,train,1,0
1051701,2015-01-28,train,2,0
1051701,2015-01-28,train,3,1
1051701,2015-01-28,train,4,0
1051701,2015-01-28,train,5,0
1051701,2015-01-28,train,6,0
1051701,2015-01-28,train,7,0
1051701,2015-01-28,train,8,0
1051701,2015-01-28,train,9,0
1051701,2015-01-28,train,10,0
1051701,2015-01-28,train,11,0
1051701,2015-01-28,train,12,0
1051701,2015-01-28,train,13,0
1051701,2015-01-28,train,14,0
1051701,2015-01-28,train,15,0
1051701,2015-01-28,train,16,0
1051703,2015-01-28,train,1,0
1051703,2015-01-28,train,2,0
1051703,2015-01-28,train,3,1
1051703,2015-01-28,train,4,0
1051703,2015-01-28,train,5,0
1051703,2015-01-28,train,6,0
1051703,2015-01-28,train,7,0
1051703,2015-01-28,train,8,0
1051703,2015-01-28,train,9,0
1051703,2015-01-28,train,10,0
1051703,2015-01-28,train,11,0
1051703,2015-01-28,train,12,0
1051703,2015-01-28,train,13,0
1051703,2015-01-28,train,14,0
1051703,2015-01-28,train,15,0
1051703,2015-01-28,train,16,0
1051705,2015-01-28,train,1,0
1051705,2015-01-28,train,2,0
1051705,2015-01-28,train,3,1
1051705,2015-01-28,train,4,0
1051705,2015-01-28,train,5,0
1051705,2015-01-28,train,6,0
1051705,2015-01-28,train,7,0
1051705,2015-01-28,train,8,0
1051705,2015-01-28,train,9,0
1051705,2015-01-28,train,10,0
1051705,2015-01-28,train,11,0
1051705,2015-01-28,train,12,0
1051705,2015-01-28,train,13,0
1051705,2015-01-28,train,14,0
1051705,2015-01-28,train,15,0
1051705,2015-01-28,train,16,0
1051707,2015-01-28,train,1,0
1051707,2015-01-28,train,2,0
1051707,2015-01-28,train,3,1
1051707,2015-01-28,train,4,0
1051707,2015-01-28,train,5,0
1051707,2015-01-28,train,6,0
1051707,2015-01-28,train,7,0
1051707,2015-01-28,train,8,0
1051707,2015-01-28,train,9,0
1051707,2015-01-28,train,10,0
1051707,2015-01-28,train,11,0
1051707,2015-01-28,train,12,0
1051707,2015-01-28,train,13,0
1051707,2015-01-28,train,14,0
1051707,2015-01-28,train,15,0
1051707,2015-01-28,train,16,0
1051711,2015-01-28,train,1,0
1051711,2015-01-28,train,2,0
1051711,2015-01-28,train,3,1
1051711,2015-01-28,train,4,0
1051711,2015-01-28,train,5,0
1051711,2015-01-28,train,6,0
1051711,2015-01-28,train,7,0
1051711,2015-01-28,train,8,0
1051711,2015-01-28,train,9,0
1051711,2015-01-28,train,10,0
1051711,2015-01-28,train,11,0
1051711,2015-01-28,train,12,0
1051711,2015-01-28,train,13,0
1051711,2015-01-28,train,14,0
1051711,2015-01-28,train,15,0
1051711,2015-01-28,train,16,0
1051712,2015-01-28,train,1,0
1051712,2015-01-28,train,2,0
1051712,2015-01-28,train,3,1
1051712,2015-01-28,train,4,0
1051712,2015-01-28,train,5,0
1051712,2015-01-28,train,6,0
1051712,2015-01-28,train,7,0
1051712,2015-01-28,train,8,0
1051712,2015-01-28,train,9,0
1051712,2015-01-28,train,10,0
1051712,2015-01-28,train,11,0
1051712,2015-01-28,train,12,0
1051712,2015-01-28,train,13,0
1051712,2015-01-28,train,14,0
1051712,2015-01-28,train,15,0
1051712,2015-01-28,train,16,0
1051716,2015-01-28,train,1,0
1051716,2015-01-28,train,2,0
1051716,2015-01-28,train,3,1
1051716,2015-01-28,train,4,0
1051716,2015-01-28,train,5,0
1051716,2015-01-28,train,6,0
1051716,2015-01-28,train,7,0
1051716,2015-01-28,train,8,0
1051716,2015-01-28,train,9,0
1051716,2015-01-28,train,10,0
1051716,2015-01-28,train,11,0
1051716,2015-01-28,train,12,0
1051716,2015-01-28,train,13,0
1051716,2015-01-28,train,14,0
1051716,2015-01-28,train,15,0
1051716,2015-01-28,train,16,0
1051718,2015-01-28,train,1,0
1051718,2015-01-28,train,2,0
1051718,2015-01-28,train,3,1
1051718,2015-01-28,train,4,0
1051718,2015-01-28,train,5,0
1051718,2015-01-28,train,6,0
1051718,2015-01-28,train,7,0
1051718,2015-01-28,train,8,0
1051718,2015-01-28,train,9,0
1051718,2015-01-28,train,10,0
1051718,2015-01-28,train,11,0
1051718,2015-01-28,train,12,0
1051718,2015-01-28,train,13,0
1051718,2015-01-28,train,14,0
1051718,2015-01-28,train,15,0
1051718,2015-01-28,train,16,0
1051719,2015-01-28,train,1,0
1051719,2015-01-28,train,2,0
1051719,2015-01-28,train,3,1
1051719,2015-01-28,train,4,0
1051719,2015-01-28,train,5,0
1051719,2015-01-28,train,6,0
1051719,2015-01-28,train,7,0
1051719,2015-01-28,train,8,0
1051719,2015-01-28,train,9,0
1051719,2015-01-28,train,10,0
1051719,2015-01-28,train,11,0
1051719,2015-01-28,train,12,0
1051719,2015-01-28,train,13,0
1051719,2015-01-28,train,14,0
1051719,2015-01-28,train,15,0
1051719,2015-01-28,train,16,0
1051721,2015-01-28,train,1,0
1051721,2015-01-28,train,2,0
1051721,2015-01-28,train,3,1
1051721,2015-01-28,train,4,0
1051721,2015-01-28,train,5,0
1051721,2015-01-28,train,6,0
1051721,2015-01-28,train,7,0
1051721,2015-01-28,train,8,0
1051721,2015-01-28,train,9,0
1051721,2015-01-28,train,10,0
1051721,2015-01-28,train,11,0
1051721,2015-01-28,train,12,0
1051721,2015-01-28,train,13,0
1051721,2015-01-28,train,14,0
1051721,2015-01-28,train,15,0
1051721,2015-01-28,train,16,0
1051725,2015-01-28,train,1,0
1051725,2015-01-28,train,2,0
1051725,2015-01-28,train,3,1
1051725,2015-01-28,train,4,0
1051725,2015-01-28,train,5,0
1051725,2015-01-28,train,6,0
1051725,2015-01-28,train,7,0
1051725,2015-01-28,train,8,0
1051725,2015-01-28,train,9,0
1051725,2015-01-28,train,10,0
1051725,2015-01-28,train,11,0
1051725,2015-01-28,train,12,1
1051725,2015-01-28,train,13,1
1051725,2015-01-28,train,14,0
1051725,2015-01-28,train,15,0
1051725,2015-01-28,train,16,0
1051726,2015-01-28,train,1,0
1051726,2015-01-28,train,2,0
1051726,2015-01-28,train,3,1
1051726,2015-01-28,train,4,0
1051726,2015-01-28,train,5,0
1051726,2015-01-28,train,6,0
1051726,2015-01-28,train,7,0
1051726,2015-01-28,train,8,0
1051726,2015-01-28,train,9,0
1051726,2015-01-28,train,10,0
1051726,2015-01-28,train,11,0
1051726,2015-01-28,train,12,0
1051726,2015-01-28,train,13,0
1051726,2015-01-28,train,14,0
1051726,2015-01-28,train,15,0
1051726,2015-01-28,train,16,0
1051727,2015-01-28,train,1,0
1051727,2015-01-28,train,2,0
1051727,2015-01-28,train,3,1
1051727,2015-01-28,train,4,0
1051727,2015-01-28,train,5,0
1051727,2015-01-28,train,6,0
1051727,2015-01-28,train,7,0
1051727,2015-01-28,train,8,0
1051727,2015-01-28,train,9,0
1051727,2015-01-28,train,10,0
1051727,2015-01-28,train,11,0
1051727,2015-01-28,train,12,0
1051727,2015-01-28,train,13,0
1051727,2015-01-28,train,14,0
1051727,2015-01-28,train,15,0
1051727,2015-01-28,train,16,0
1051729,2015-01-28,train,1,0
1051729,2015-01-28,train,2,0
1051729,2015-01-28,train,3,1
1051729,2015-01-28,train,4,0
1051729,2015-01-28,train,5,0
1051729,2015-01-28,train,6,0
1051729,2015-01-28,train,7,0
1051729,2015-01-28,train,8,0
1051729,2015-01-28,train,9,0
1051729,2015-01-28,train,10,0
1051729,2015-01-28,train,11,0
1051729,2015-01-28,train,12,0
1051729,2015-01-28,train,13,0
1051729,2015-01-28,train,14,0
1051729,2015-01-28,train,15,0
1051729,2015-01-28,train,16,0
1051737,2015-01-28,train,1,0
1051737,2015-01-28,train,2,0
1051737,2015-01-28,train,3,1
1051737,2015-01-28,train,4,0
1051737,2015-01-28,train,5,0
1051737,2015-01-28,train,6,0
1051737,2015-01-28,train,7,0
1051737,2015-01-28,train,8,0
1051737,2015-01-28,train,9,0
1051737,2015-01-28,train,10,0
1051737,2015-01-28,train,11,0
1051737,2015-01-28,train,12,0
1051737,2015-01-28,train,13,0
1051737,2015-01-28,train,14,0
1051737,2015-01-28,train,15,0
1051737,2015-01-28,train,16,0
1051699,2015-01-28,train,1,0
1051699,2015-01-28,train,2,0
1051699,2015-01-28,train,3,1
1051699,2015-01-28,train,4,0
1051699,2015-01-28,train,5,0
1051699,2015-01-28,train,6,0
1051699,2015-01-28,train,7,0
1051699,2015-01-28,train,8,0
1051699,2015-01-28,train,9,0
1051699,2015-01-28,train,10,0
1051699,2015-01-28,train,11,0
1051699,2015-01-28,train,12,0
1051699,2015-01-28,train,13,0
1051699,2015-01-28,train,14,0
1051699,2015-01-28,train,15,0
1051699,2015-01-28,train,16,0
1051738,2015-01-28,train,1,0
1051738,2015-01-28,train,2,0
1051738,2015-01-28,train,3,1
1051738,2015-01-28,train,4,0
1051738,2015-01-28,train,5,0
1051738,2015-01-28,train,6,0
1051738,2015-01-28,train,7,0
1051738,2015-01-28,train,8,0
1051738,2015-01-28,train,9,0
1051738,2015-01-28,train,10,0
1051738,2015-01-28,train,11,0
1051738,2015-01-28,train,12,0
1051738,2015-01-28,train,13,0
1051738,2015-01-28,train,14,0
1051738,2015-01-28,train,15,0
1051738,2015-01-28,train,16,0
1051697,2015-01-28,train,1,0
1051697,2015-01-28,train,2,0
1051697,2015-01-28,train,3,1
1051697,2015-01-28,train,4,0
1051697,2015-01-28,train,5,0
1051697,2015-01-28,train,6,0
1051697,2015-01-28,train,7,0
1051697,2015-01-28,train,8,0
1051697,2015-01-28,train,9,0
1051697,2015-01-28,train,10,0
1051697,2015-01-28,train,11,0
1051697,2015-01-28,train,12,0
1051697,2015-01-28,train,13,0
1051697,2015-01-28,train,14,0
1051697,2015-01-28,train,15,0
1051697,2015-01-28,train,16,0
1051695,2015-01-28,train,1,0
1051695,2015-01-28,train,2,0
1051695,2015-01-28,train,3,1
1051695,2015-01-28,train,4,0
1051695,2015-01-28,train,5,0
1051695,2015-01-28,train,6,0
1051695,2015-01-28,train,7,0
1051695,2015-01-28,train,8,0
1051695,2015-01-28,train,9,0
1051695,2015-01-28,train,10,0
1051695,2015-01-28,train,11,0
1051695,2015-01-28,train,12,0
1051695,2015-01-28,train,13,0
1051695,2015-01-28,train,14,0
1051695,2015-01-28,train,15,0
1051695,2015-01-28,train,16,0
1051667,2015-01-28,train,1,0
1051667,2015-01-28,train,2,0
1051667,2015-01-28,train,3,1
1051667,2015-01-28,train,4,0
1051667,2015-01-28,train,5,0
1051667,2015-01-28,train,6,0
1051667,2015-01-28,train,7,0
1051667,2015-01-28,train,8,0
1051667,2015-01-28,train,9,0
1051667,2015-01-28,train,10,0
1051667,2015-01-28,train,11,0
1051667,2015-01-28,train,12,0
1051667,2015-01-28,train,13,0
1051667,2015-01-28,train,14,0
1051667,2015-01-28,train,15,0
1051667,2015-01-28,train,16,0
1051670,2015-01-28,train,1,0
1051670,2015-01-28,train,2,0
1051670,2015-01-28,train,3,1
1051670,2015-01-28,train,4,0
1051670,2015-01-28,train,5,0
1051670,2015-01-28,train,6,0
1051670,2015-01-28,train,7,0
1051670,2015-01-28,train,8,0
1051670,2015-01-28,train,9,0
1051670,2015-01-28,train,10,0
1051670,2015-01-28,train,11,0
1051670,2015-01-28,train,12,0
1051670,2015-01-28,train,13,0
1051670,2015-01-28,train,14,0
1051670,2015-01-28,train,15,0
1051670,2015-01-28,train,16,0
1051672,2015-01-28,train,1,0
1051672,2015-01-28,train,2,0
1051672,2015-01-28,train,3,1
1051672,2015-01-28,train,4,0
1051672,2015-01-28,train,5,0
1051672,2015-01-28,train,6,0
1051672,2015-01-28,train,7,0
1051672,2015-01-28,train,8,0
1051672,2015-01-28,train,9,0
1051672,2015-01-28,train,10,0
1051672,2015-01-28,train,11,0
1051672,2015-01-28,train,12,0
1051672,2015-01-28,train,13,0
1051672,2015-01-28,train,14,0
1051672,2015-01-28,train,15,0
1051672,2015-01-28,train,16,0
1051674,2015-01-28,train,1,0
1051674,2015-01-28,train,2,0
1051674,2015-01-28,train,3,1
1051674,2015-01-28,train,4,0
1051674,2015-01-28,train,5,0
1051674,2015-01-28,train,6,0
1051674,2015-01-28,train,7,0
1051674,2015-01-28,train,8,0
1051674,2015-01-28,train,9,0
1051674,2015-01-28,train,10,0
1051674,2015-01-28,train,11,0
1051674,2015-01-28,train,12,0
1051674,2015-01-28,train,13,0
1051674,2015-01-28,train,14,0
1051674,2015-01-28,train,15,0
1051674,2015-01-28,train,16,0
1051676,2015-01-28,train,1,0
1051676,2015-01-28,train,2,0
1051676,2015-01-28,train,3,1
1051676,2015-01-28,train,4,0
1051676,2015-01-28,train,5,0
1051676,2015-01-28,train,6,0
1051676,2015-01-28,train,7,0
1051676,2015-01-28,train,8,0
1051676,2015-01-28,train,9,0
1051676,2015-01-28,train,10,0
1051676,2015-01-28,train,11,0
1051676,2015-01-28,train,12,0
1051676,2015-01-28,train,13,0
1051676,2015-01-28,train,14,0
1051676,2015-01-28,train,15,0
1051676,2015-01-28,train,16,0
1051677,2015-01-28,train,1,0
1051677,2015-01-28,train,2,0
1051677,2015-01-28,train,3,1
1051677,2015-01-28,train,4,0
1051677,2015-01-28,train,5,0
1051677,2015-01-28,train,6,0
1051677,2015-01-28,train,7,0
1051677,2015-01-28,train,8,0
1051677,2015-01-28,train,9,0
1051677,2015-01-28,train,10,0
1051677,2015-01-28,train,11,0
1051677,2015-01-28,train,12,0
1051677,2015-01-28,train,13,0
1051677,2015-01-28,train,14,0
1051677,2015-01-28,train,15,0
1051677,2015-01-28,train,16,0
1051679,2015-01-28,train,1,0
1051679,2015-01-28,train,2,0
1051679,2015-01-28,train,3,1
1051679,2015-01-28,train,4,0
1051679,2015-01-28,train,5,0
1051679,2015-01-28,train,6,0
1051679,2015-01-28,train,7,0
1051679,2015-01-28,train,8,0
1051679,2015-01-28,train,9,0
1051679,2015-01-28,train,10,0
1051679,2015-01-28,train,11,0
1051679,2015-01-28,train,12,0
1051679,2015-01-28,train,13,0
1051679,2015-01-28,train,14,0
1051679,2015-01-28,train,15,0
1051679,2015-01-28,train,16,0
1051682,2015-01-28,train,1,0
1051682,2015-01-28,train,2,0
1051682,2015-01-28,train,3,1
1051682,2015-01-28,train,4,0
1051682,2015-01-28,train,5,0
1051682,2015-01-28,train,6,0
1051682,2015-01-28,train,7,0
1051682,2015-01-28,train,8,0
1051682,2015-01-28,train,9,0
1051682,2015-01-28,train,10,0
1051682,2015-01-28,train,11,0
1051682,2015-01-28,train,12,0
1051682,2015-01-28,train,13,0
1051682,2015-01-28,train,14,0
1051682,2015-01-28,train,15,0
1051682,2015-01-28,train,16,0
1051684,2015-01-28,train,1,0
1051684,2015-01-28,train,2,0
1051684,2015-01-28,train,3,1
1051684,2015-01-28,train,4,0
1051684,2015-01-28,train,5,0
1051684,2015-01-28,train,6,0
1051684,2015-01-28,train,7,0
1051684,2015-01-28,train,8,0
1051684,2015-01-28,train,9,0
1051684,2015-01-28,train,10,0
1051684,2015-01-28,train,11,0
1051684,2015-01-28,train,12,0
1051684,2015-01-28,train,13,0
1051684,2015-01-28,train,14,0
1051684,2015-01-28,train,15,0
1051684,2015-01-28,train,16,0
1051686,2015-01-28,train,1,0
1051686,2015-01-28,train,2,0
1051686,2015-01-28,train,3,1
1051686,2015-01-28,train,4,0
1051686,2015-01-28,train,5,0
1051686,2015-01-28,train,6,0
1051686,2015-01-28,train,7,0
1051686,2015-01-28,train,8,0
1051686,2015-01-28,train,9,0
1051686,2015-01-28,train,10,0
1051686,2015-01-28,train,11,0
1051686,2015-01-28,train,12,0
1051686,2015-01-28,train,13,0
1051686,2015-01-28,train,14,0
1051686,2015-01-28,train,15,0
1051686,2015-01-28,train,16,0
1051688,2015-01-28,train,1,0
1051688,2015-01-28,train,2,0
1051688,2015-01-28,train,3,1
1051688,2015-01-28,train,4,0
1051688,2015-01-28,train,5,0
1051688,2015-01-28,train,6,0
1051688,2015-01-28,train,7,0
1051688,2015-01-28,train,8,0
1051688,2015-01-28,train,9,0
1051688,2015-01-28,train,10,0
1051688,2015-01-28,train,11,0
1051688,2015-01-28,train,12,0
1051688,2015-01-28,train,13,0
1051688,2015-01-28,train,14,0
1051688,2015-01-28,train,15,0
1051688,2015-01-28,train,16,0
1051690,2015-01-28,train,1,0
1051690,2015-01-28,train,2,0
1051690,2015-01-28,train,3,1
1051690,2015-01-28,train,4,0
1051690,2015-01-28,train,5,0
1051690,2015-01-28,train,6,0
1051690,2015-01-28,train,7,0
1051690,2015-01-28,train,8,0
1051690,2015-01-28,train,9,0
1051690,2015-01-28,train,10,0
1051690,2015-01-28,train,11,0
1051690,2015-01-28,train,12,0
1051690,2015-01-28,train,13,0
1051690,2015-01-28,train,14,0
1051690,2015-01-28,train,15,0
1051690,2015-01-28,train,16,0
1051691,2015-01-28,train,1,0
1051691,2015-01-28,train,2,0
1051691,2015-01-28,train,3,1
1051691,2015-01-28,train,4,0
1051691,2015-01-28,train,5,0
1051691,2015-01-28,train,6,0
1051691,2015-01-28,train,7,0
1051691,2015-01-28,train,8,0
1051691,2015-01-28,train,9,0
1051691,2015-01-28,train,10,0
1051691,2015-01-28,train,11,0
1051691,2015-01-28,train,12,0
1051691,2015-01-28,train,13,0
1051691,2015-01-28,train,14,0
1051691,2015-01-28,train,15,0
1051691,2015-01-28,train,16,0
1051692,2015-01-28,train,1,0
1051692,2015-01-28,train,2,0
1051692,2015-01-28,train,3,1
1051692,2015-01-28,train,4,0
1051692,2015-01-28,train,5,0
1051692,2015-01-28,train,6,0
1051692,2015-01-28,train,7,0
1051692,2015-01-28,train,8,0
1051692,2015-01-28,train,9,0
1051692,2015-01-28,train,10,0
1051692,2015-01-28,train,11,0
1051692,2015-01-28,train,12,0
1051692,2015-01-28,train,13,0
1051692,2015-01-28,train,14,0
1051692,2015-01-28,train,15,0
1051692,2015-01-28,train,16,0
1051693,2015-01-28,train,1,0
1051693,2015-01-28,train,2,0
1051693,2015-01-28,train,3,1
1051693,2015-01-28,train,4,0
1051693,2015-01-28,train,5,0
1051693,2015-01-28,train,6,0
1051693,2015-01-28,train,7,0
1051693,2015-01-28,train,8,0
1051693,2015-01-28,train,9,0
1051693,2015-01-28,train,10,0
1051693,2015-01-28,train,11,0
1051693,2015-01-28,train,12,0
1051693,2015-01-28,train,13,0
1051693,2015-01-28,train,14,0
1051693,2015-01-28,train,15,0
1051693,2015-01-28,train,16,0
1051696,2015-01-28,train,1,0
1051696,2015-01-28,train,2,0
1051696,2015-01-28,train,3,1
1051696,2015-01-28,train,4,0
1051696,2015-01-28,train,5,0
1051696,2015-01-28,train,6,0
1051696,2015-01-28,train,7,0
1051696,2015-01-28,train,8,0
1051696,2015-01-28,train,9,0
1051696,2015-01-28,train,10,0
1051696,2015-01-28,train,11,0
1051696,2015-01-28,train,12,0
1051696,2015-01-28,train,13,0
1051696,2015-01-28,train,14,0
1051696,2015-01-28,train,15,0
1051696,2015-01-28,train,16,0
1051836,2015-01-28,train,1,0
1051836,2015-01-28,train,2,0
1051836,2015-01-28,train,3,1
1051836,2015-01-28,train,4,0
1051836,2015-01-28,train,5,0
1051836,2015-01-28,train,6,0
1051836,2015-01-28,train,7,0
1051836,2015-01-28,train,8,0
1051836,2015-01-28,train,9,0
1051836,2015-01-28,train,10,0
1051836,2015-01-28,train,11,0
1051836,2015-01-28,train,12,0
1051836,2015-01-28,train,13,0
1051836,2015-01-28,train,14,0
1051836,2015-01-28,train,15,0
1051836,2015-01-28,train,16,0
1051742,2015-01-28,train,1,0
1051742,2015-01-28,train,2,0
1051742,2015-01-28,train,3,1
1051742,2015-01-28,train,4,0
1051742,2015-01-28,train,5,0
1051742,2015-01-28,train,6,0
1051742,2015-01-28,train,7,0
1051742,2015-01-28,train,8,0
1051742,2015-01-28,train,9,0
1051742,2015-01-28,train,10,0
1051742,2015-01-28,train,11,0
1051742,2015-01-28,train,12,0
1051742,2015-01-28,train,13,0
1051742,2015-01-28,train,14,0
1051742,2015-01-28,train,15,0
1051742,2015-01-28,train,16,0
1051748,2015-01-28,train,1,0
1051748,2015-01-28,train,2,0
1051748,2015-01-28,train,3,1
1051748,2015-01-28,train,4,0
1051748,2015-01-28,train,5,0
1051748,2015-01-28,train,6,0
1051748,2015-01-28,train,7,0
1051748,2015-01-28,train,8,0
1051748,2015-01-28,train,9,0
1051748,2015-01-28,train,10,0
1051748,2015-01-28,train,11,0
1051748,2015-01-28,train,12,0
1051748,2015-01-28,train,13,0
1051748,2015-01-28,train,14,0
1051748,2015-01-28,train,15,0
1051748,2015-01-28,train,16,0
1051794,2015-01-28,train,1,0
1051794,2015-01-28,train,2,0
1051794,2015-01-28,train,3,1
1051794,2015-01-28,train,4,0
1051794,2015-01-28,train,5,0
1051794,2015-01-28,train,6,0
1051794,2015-01-28,train,7,0
1051794,2015-01-28,train,8,0
1051794,2015-01-28,train,9,0
1051794,2015-01-28,train,10,0
1051794,2015-01-28,train,11,0
1051794,2015-01-28,train,12,0
1051794,2015-01-28,train,13,1
1051794,2015-01-28,train,14,0
1051794,2015-01-28,train,15,0
1051794,2015-01-28,train,16,0
1051796,2015-01-28,train,1,0
1051796,2015-01-28,train,2,0
1051796,2015-01-28,train,3,1
1051796,2015-01-28,train,4,0
1051796,2015-01-28,train,5,0
1051796,2015-01-28,train,6,0
1051796,2015-01-28,train,7,0
1051796,2015-01-28,train,8,0
1051796,2015-01-28,train,9,0
1051796,2015-01-28,train,10,0
1051796,2015-01-28,train,11,0
1051796,2015-01-28,train,12,0
1051796,2015-01-28,train,13,1
1051796,2015-01-28,train,14,0
1051796,2015-01-28,train,15,0
1051796,2015-01-28,train,16,0
1051798,2015-01-28,train,1,0
1051798,2015-01-28,train,2,0
1051798,2015-01-28,train,3,1
1051798,2015-01-28,train,4,0
1051798,2015-01-28,train,5,0
1051798,2015-01-28,train,6,0
1051798,2015-01-28,train,7,0
1051798,2015-01-28,train,8,0
1051798,2015-01-28,train,9,0
1051798,2015-01-28,train,10,0
1051798,2015-01-28,train,11,0
1051798,2015-01-28,train,12,0
1051798,2015-01-28,train,13,1
1051798,2015-01-28,train,14,0
1051798,2015-01-28,train,15,0
1051798,2015-01-28,train,16,0
1051799,2015-01-28,train,1,0
1051799,2015-01-28,train,2,0
1051799,2015-01-28,train,3,0
1051799,2015-01-28,train,4,0
1051799,2015-01-28,train,5,0
1051799,2015-01-28,train,6,0
1051799,2015-01-28,train,7,0
1051799,2015-01-28,train,8,0
1051799,2015-01-28,train,9,0
1051799,2015-01-28,train,10,0
1051799,2015-01-28,train,11,0
1051799,2015-01-28,train,12,0
1051799,2015-01-28,train,13,1
1051799,2015-01-28,train,14,0
1051799,2015-01-28,train,15,0
1051799,2015-01-28,train,16,0
1051800,2015-01-28,train,1,0
1051800,2015-01-28,train,2,0
1051800,2015-01-28,train,3,0
1051800,2015-01-28,train,4,0
1051800,2015-01-28,train,5,1
1051800,2015-01-28,train,6,0
1051800,2015-01-28,train,7,0
1051800,2015-01-28,train,8,0
1051800,2015-01-28,train,9,0
1051800,2015-01-28,train,10,0
1051800,2015-01-28,train,11,0
1051800,2015-01-28,train,12,0
1051800,2015-01-28,train,13,1
1051800,2015-01-28,train,14,0
1051800,2015-01-28,train,15,0
1051800,2015-01-28,train,16,0
1051805,2015-01-28,train,1,0
1051805,2015-01-28,train,2,0
1051805,2015-01-28,train,3,1
1051805,2015-01-28,train,4,0
1051805,2015-01-28,train,5,0
1051805,2015-01-28,train,6,0
1051805,2015-01-28,train,7,0
1051805,2015-01-28,train,8,0
1051805,2015-01-28,train,9,0
1051805,2015-01-28,train,10,0
1051805,2015-01-28,train,11,0
1051805,2015-01-28,train,12,0
1051805,2015-01-28,train,13,1
1051805,2015-01-28,train,14,0
1051805,2015-01-28,train,15,0
1051805,2015-01-28,train,16,0
1051809,2015-01-28,train,1,0
1051809,2015-01-28,train,2,0
1051809,2015-01-28,train,3,1
1051809,2015-01-28,train,4,0
1051809,2015-01-28,train,5,0
1051809,2015-01-28,train,6,0
1051809,2015-01-28,train,7,0
1051809,2015-01-28,train,8,0
1051809,2015-01-28,train,9,0
1051809,2015-01-28,train,10,0
1051809,2015-01-28,train,11,0
1051809,2015-01-28,train,12,0
1051809,2015-01-28,train,13,0
1051809,2015-01-28,train,14,0
1051809,2015-01-28,train,15,0
1051809,2015-01-28,train,16,0
1051816,2015-01-28,train,1,0
1051816,2015-01-28,train,2,0
1051816,2015-01-28,train,3,0
1051816,2015-01-28,train,4,0
1051816,2015-01-28,train,5,0
1051816,2015-01-28,train,6,0
1051816,2015-01-28,train,7,0
1051816,2015-01-28,train,8,0
1051816,2015-01-28,train,9,0
1051816,2015-01-28,train,10,0
1051816,2015-01-28,train,11,0
1051816,2015-01-28,train,12,0
1051816,2015-01-28,train,13,1
1051816,2015-01-28,train,14,0
1051816,2015-01-28,train,15,0
1051816,2015-01-28,train,16,0
1051819,2015-01-28,train,1,0
1051819,2015-01-28,train,2,0
1051819,2015-01-28,train,3,1
1051819,2015-01-28,train,4,0
1051819,2015-01-28,train,5,0
1051819,2015-01-28,train,6,0
1051819,2015-01-28,train,7,0
1051819,2015-01-28,train,8,0
1051819,2015-01-28,train,9,0
1051819,2015-01-28,train,10,0
1051819,2015-01-28,train,11,0
1051819,2015-01-28,train,12,0
1051819,2015-01-28,train,13,0
1051819,2015-01-28,train,14,0
1051819,2015-01-28,train,15,0
1051819,2015-01-28,train,16,0
1051824,2015-01-28,train,1,0
1051824,2015-01-28,train,2,0
1051824,2015-01-28,train,3,1
1051824,2015-01-28,train,4,0
1051824,2015-01-28,train,5,0
1051824,2015-01-28,train,6,0
1051824,2015-01-28,train,7,0
1051824,2015-01-28,train,8,0
1051824,2015-01-28,train,9,0
1051824,2015-01-28,train,10,0
1051824,2015-01-28,train,11,0
1051824,2015-01-28,train,12,0
1051824,2015-01-28,train,13,1
1051824,2015-01-28,train,14,0
1051824,2015-01-28,train,15,0
1051824,2015-01-28,train,16,0
1051826,2015-01-28,train,1,0
1051826,2015-01-28,train,2,0
1051826,2015-01-28,train,3,1
1051826,2015-01-28,train,4,0
1051826,2015-01-28,train,5,0
1051826,2015-01-28,train,6,0
1051826,2015-01-28,train,7,0
1051826,2015-01-28,train,8,0
1051826,2015-01-28,train,9,0
1051826,2015-01-28,train,10,0
1051826,2015-01-28,train,11,0
1051826,2015-01-28,train,12,0
1051826,2015-01-28,train,13,0
1051826,2015-01-28,train,14,0
1051826,2015-01-28,train,15,0
1051826,2015-01-28,train,16,0
1051827,2015-01-28,train,1,0
1051827,2015-01-28,train,2,0
1051827,2015-01-28,train,3,1
1051827,2015-01-28,train,4,0
1051827,2015-01-28,train,5,0
1051827,2015-01-28,train,6,0
1051827,2015-01-28,train,7,0
1051827,2015-01-28,train,8,0
1051827,2015-01-28,train,9,0
1051827,2015-01-28,train,10,0
1051827,2015-01-28,train,11,0
1051827,2015-01-28,train,12,0
1051827,2015-01-28,train,13,1
1051827,2015-01-28,train,14,0
1051827,2015-01-28,train,15,0
1051827,2015-01-28,train,16,0
1051831,2015-01-28,train,1,0
1051831,2015-01-28,train,2,0
1051831,2015-01-28,train,3,0
1051831,2015-01-28,train,4,0
1051831,2015-01-28,train,5,0
1051831,2015-01-28,train,6,0
1051831,2015-01-28,train,7,0
1051831,2015-01-28,train,8,0
1051831,2015-01-28,train,9,0
1051831,2015-01-28,train,10,0
1051831,2015-01-28,train,11,0
1051831,2015-01-28,train,12,0
1051831,2015-01-28,train,13,1
1051831,2015-01-28,train,14,0
1051831,2015-01-28,train,15,0
1051831,2015-01-28,train,16,0
1051832,2015-01-28,train,1,0
1051832,2015-01-28,train,2,0
1051832,2015-01-28,train,3,1
1051832,2015-01-28,train,4,0
1051832,2015-01-28,train,5,0
1051832,2015-01-28,train,6,0
1051832,2015-01-28,train,7,0
1051832,2015-01-28,train,8,0
1051832,2015-01-28,train,9,0
1051832,2015-01-28,train,10,0
1051832,2015-01-28,train,11,0
1051832,2015-01-28,train,12,0
1051832,2015-01-28,train,13,0
1051832,2015-01-28,train,14,0
1051832,2015-01-28,train,15,0
1051832,2015-01-28,train,16,0
1051833,2015-01-28,train,1,0
1051833,2015-01-28,train,2,0
1051833,2015-01-28,train,3,0
1051833,2015-01-28,train,4,0
1051833,2015-01-28,train,5,1
1051833,2015-01-28,train,6,0
1051833,2015-01-28,train,7,0
1051833,2015-01-28,train,8,0
1051833,2015-01-28,train,9,0
1051833,2015-01-28,train,10,0
1051833,2015-01-28,train,11,0
1051833,2015-01-28,train,12,0
1051833,2015-01-28,train,13,1
1051833,2015-01-28,train,14,0
1051833,2015-01-28,train,15,0
1051833,2015-01-28,train,16,0
1051793,2015-01-28,train,1,0
1051793,2015-01-28,train,2,0
1051793,2015-01-28,train,3,1
1051793,2015-01-28,train,4,0
1051793,2015-01-28,train,5,0
1051793,2015-01-28,train,6,0
1051793,2015-01-28,train,7,0
1051793,2015-01-28,train,8,0
1051793,2015-01-28,train,9,0
1051793,2015-01-28,train,10,0
1051793,2015-01-28,train,11,0
1051793,2015-01-28,train,12,0
1051793,2015-01-28,train,13,0
1051793,2015-01-28,train,14,0
1051793,2015-01-28,train,15,0
1051793,2015-01-28,train,16,0
1051744,2015-01-28,train,1,0
1051744,2015-01-28,train,2,0
1051744,2015-01-28,train,3,1
1051744,2015-01-28,train,4,0
1051744,2015-01-28,train,5,0
1051744,2015-01-28,train,6,0
1051744,2015-01-28,train,7,0
1051744,2015-01-28,train,8,0
1051744,2015-01-28,train,9,0
1051744,2015-01-28,train,10,0
1051744,2015-01-28,train,11,0
1051744,2015-01-28,train,12,0
1051744,2015-01-28,train,13,0
1051744,2015-01-28,train,14,0
1051744,2015-01-28,train,15,0
1051744,2015-01-28,train,16,0
1051791,2015-01-28,train,1,0
1051791,2015-01-28,train,2,0
1051791,2015-01-28,train,3,1
1051791,2015-01-28,train,4,0
1051791,2015-01-28,train,5,0
1051791,2015-01-28,train,6,0
1051791,2015-01-28,train,7,0
1051791,2015-01-28,train,8,0
1051791,2015-01-28,train,9,0
1051791,2015-01-28,train,10,0
1051791,2015-01-28,train,11,0
1051791,2015-01-28,train,12,0
1051791,2015-01-28,train,13,0
1051791,2015-01-28,train,14,0
1051791,2015-01-28,train,15,0
1051791,2015-01-28,train,16,0
1051788,2015-01-28,train,1,0
1051788,2015-01-28,train,2,0
1051788,2015-01-28,train,3,0
1051788,2015-01-28,train,4,0
1051788,2015-01-28,train,5,1
1051788,2015-01-28,train,6,0
1051788,2015-01-28,train,7,0
1051788,2015-01-28,train,8,0
1051788,2015-01-28,train,9,0
1051788,2015-01-28,train,10,0
1051788,2015-01-28,train,11,0
1051788,2015-01-28,train,12,1
1051788,2015-01-28,train,13,1
1051788,2015-01-28,train,14,0
1051788,2015-01-28,train,15,0
1051788,2015-01-28,train,16,0
1051756,2015-01-28,train,1,0
1051756,2015-01-28,train,2,0
1051756,2015-01-28,train,3,0
1051756,2015-01-28,train,4,0
1051756,2015-01-28,train,5,0
1051756,2015-01-28,train,6,0
1051756,2015-01-28,train,7,0
1051756,2015-01-28,train,8,0
1051756,2015-01-28,train,9,0
1051756,2015-01-28,train,10,0
1051756,2015-01-28,train,11,0
1051756,2015-01-28,train,12,0
1051756,2015-01-28,train,13,1
1051756,2015-01-28,train,14,0
1051756,2015-01-28,train,15,0
1051756,2015-01-28,train,16,0
1051757,2015-01-28,train,1,0
1051757,2015-01-28,train,2,0
1051757,2015-01-28,train,3,1
1051757,2015-01-28,train,4,0
1051757,2015-01-28,train,5,0
1051757,2015-01-28,train,6,0
1051757,2015-01-28,train,7,0
1051757,2015-01-28,train,8,0
1051757,2015-01-28,train,9,0
1051757,2015-01-28,train,10,0
1051757,2015-01-28,train,11,0
1051757,2015-01-28,train,12,0
1051757,2015-01-28,train,13,0
1051757,2015-01-28,train,14,0
1051757,2015-01-28,train,15,0
1051757,2015-01-28,train,16,0
1051758,2015-01-28,train,1,0
1051758,2015-01-28,train,2,0
1051758,2015-01-28,train,3,0
1051758,2015-01-28,train,4,0
1051758,2015-01-28,train,5,1
1051758,2015-01-28,train,6,0
1051758,2015-01-28,train,7,0
1051758,2015-01-28,train,8,0
1051758,2015-01-28,train,9,0
1051758,2015-01-28,train,10,0
1051758,2015-01-28,train,11,0
1051758,2015-01-28,train,12,0
1051758,2015-01-28,train,13,1
1051758,2015-01-28,train,14,0
1051758,2015-01-28,train,15,0
1051758,2015-01-28,train,16,0
1051759,2015-01-28,train,1,0
1051759,2015-01-28,train,2,0
1051759,2015-01-28,train,3,0
1051759,2015-01-28,train,4,0
1051759,2015-01-28,train,5,0
1051759,2015-01-28,train,6,0
1051759,2015-01-28,train,7,0
1051759,2015-01-28,train,8,0
1051759,2015-01-28,train,9,0
1051759,2015-01-28,train,10,0
1051759,2015-01-28,train,11,0
1051759,2015-01-28,train,12,0
1051759,2015-01-28,train,13,0
1051759,2015-01-28,train,14,0
1051759,2015-01-28,train,15,0
1051759,2015-01-28,train,16,0
1051761,2015-01-28,train,1,0
1051761,2015-01-28,train,2,0
1051761,2015-01-28,train,3,1
1051761,2015-01-28,train,4,0
1051761,2015-01-28,train,5,0
1051761,2015-01-28,train,6,0
1051761,2015-01-28,train,7,0
1051761,2015-01-28,train,8,0
1051761,2015-01-28,train,9,0
1051761,2015-01-28,train,10,0
1051761,2015-01-28,train,11,0
1051761,2015-01-28,train,12,0
1051761,2015-01-28,train,13,0
1051761,2015-01-28,train,14,0
1051761,2015-01-28,train,15,0
1051761,2015-01-28,train,16,0
1051762,2015-01-28,train,1,0
1051762,2015-01-28,train,2,0
1051762,2015-01-28,train,3,0
1051762,2015-01-28,train,4,0
1051762,2015-01-28,train,5,0
1051762,2015-01-28,train,6,0
1051762,2015-01-28,train,7,0
1051762,2015-01-28,train,8,0
1051762,2015-01-28,train,9,0
1051762,2015-01-28,train,10,0
1051762,2015-01-28,train,11,0
1051762,2015-01-28,train,12,0
1051762,2015-01-28,train,13,0
1051762,2015-01-28,train,14,0
1051762,2015-01-28,train,15,0
1051762,2015-01-28,train,16,0
1051763,2015-01-28,train,1,0
1051763,2015-01-28,train,2,0
1051763,2015-01-28,train,3,1
1051763,2015-01-28,train,4,0
1051763,2015-01-28,train,5,0
1051763,2015-01-28,train,6,0
1051763,2015-01-28,train,7,0
1051763,2015-01-28,train,8,0
1051763,2015-01-28,train,9,0
1051763,2015-01-28,train,10,0
1051763,2015-01-28,train,11,0
1051763,2015-01-28,train,12,0
1051763,2015-01-28,train,13,0
1051763,2015-01-28,train,14,0
1051763,2015-01-28,train,15,0
1051763,2015-01-28,train,16,0
1051764,2015-01-28,train,1,0
1051764,2015-01-28,train,2,0
1051764,2015-01-28,train,3,1
1051764,2015-01-28,train,4,0
1051764,2015-01-28,train,5,0
1051764,2015-01-28,train,6,0
1051764,2015-01-28,train,7,0
1051764,2015-01-28,train,8,0
1051764,2015-01-28,train,9,0
1051764,2015-01-28,train,10,0
1051764,2015-01-28,train,11,0
1051764,2015-01-28,train,12,0
1051764,2015-01-28,train,13,0
1051764,2015-01-28,train,14,0
1051764,2015-01-28,train,15,0
1051764,2015-01-28,train,16,0
1051765,2015-01-28,train,1,0
1051765,2015-01-28,train,2,0
1051765,2015-01-28,train,3,1
1051765,2015-01-28,train,4,0
1051765,2015-01-28,train,5,0
1051765,2015-01-28,train,6,0
1051765,2015-01-28,train,7,0
1051765,2015-01-28,train,8,0
1051765,2015-01-28,train,9,0
1051765,2015-01-28,train,10,0
1051765,2015-01-28,train,11,0
1051765,2015-01-28,train,12,0
1051765,2015-01-28,train,13,0
1051765,2015-01-28,train,14,0
1051765,2015-01-28,train,15,0
1051765,2015-01-28,train,16,0
1051768,2015-01-28,train,1,0
1051768,2015-01-28,train,2,0
1051768,2015-01-28,train,3,1
1051768,2015-01-28,train,4,0
1051768,2015-01-28,train,5,0
1051768,2015-01-28,train,6,0
1051768,2015-01-28,train,7,0
1051768,2015-01-28,train,8,0
1051768,2015-01-28,train,9,0
1051768,2015-01-28,train,10,0
1051768,2015-01-28,train,11,0
1051768,2015-01-28,train,12,0
1051768,2015-01-28,train,13,0
1051768,2015-01-28,train,14,0
1051768,2015-01-28,train,15,0
1051768,2015-01-28,train,16,0
1051769,2015-01-28,train,1,0
1051769,2015-01-28,train,2,0
1051769,2015-01-28,train,3,0
1051769,2015-01-28,train,4,0
1051769,2015-01-28,train,5,1
1051769,2015-01-28,train,6,0
1051769,2015-01-28,train,7,0
1051769,2015-01-28,train,8,0
1051769,2015-01-28,train,9,0
1051769,2015-01-28,train,10,0
1051769,2015-01-28,train,11,0
1051769,2015-01-28,train,12,0
1051769,2015-01-28,train,13,0
1051769,2015-01-28,train,14,0
1051769,2015-01-28,train,15,0
1051769,2015-01-28,train,16,0
1051771,2015-01-28,train,1,0
1051771,2015-01-28,train,2,0
1051771,2015-01-28,train,3,1
1051771,2015-01-28,train,4,0
1051771,2015-01-28,train,5,0
1051771,2015-01-28,train,6,0
1051771,2015-01-28,train,7,0
1051771,2015-01-28,train,8,0
1051771,2015-01-28,train,9,0
1051771,2015-01-28,train,10,0
1051771,2015-01-28,train,11,0
1051771,2015-01-28,train,12,0
1051771,2015-01-28,train,13,0
1051771,2015-01-28,train,14,0
1051771,2015-01-28,train,15,0
1051771,2015-01-28,train,16,0
1051772,2015-01-28,train,1,0
1051772,2015-01-28,train,2,0
1051772,2015-01-28,train,3,0
1051772,2015-01-28,train,4,0
1051772,2015-01-28,train,5,0
1051772,2015-01-28,train,6,0
1051772,2015-01-28,train,7,0
1051772,2015-01-28,train,8,0
1051772,2015-01-28,train,9,0
1051772,2015-01-28,train,10,0
1051772,2015-01-28,train,11,0
1051772,2015-01-28,train,12,0
1051772,2015-01-28,train,13,1
1051772,2015-01-28,train,14,0
1051772,2015-01-28,train,15,0
1051772,2015-01-28,train,16,0
1051784,2015-01-28,train,1,0
1051784,2015-01-28,train,2,0
1051784,2015-01-28,train,3,1
1051784,2015-01-28,train,4,0
1051784,2015-01-28,train,5,0
1051784,2015-01-28,train,6,0
1051784,2015-01-28,train,7,0
1051784,2015-01-28,train,8,0
1051784,2015-01-28,train,9,0
1051784,2015-01-28,train,10,0
1051784,2015-01-28,train,11,0
1051784,2015-01-28,train,12,0
1051784,2015-01-28,train,13,1
1051784,2015-01-28,train,14,0
1051784,2015-01-28,train,15,0
1051784,2015-01-28,train,16,0
1051785,2015-01-28,train,1,0
1051785,2015-01-28,train,2,0
1051785,2015-01-28,train,3,1
1051785,2015-01-28,train,4,0
1051785,2015-01-28,train,5,0
1051785,2015-01-28,train,6,0
1051785,2015-01-28,train,7,0
1051785,2015-01-28,train,8,0
1051785,2015-01-28,train,9,0
1051785,2015-01-28,train,10,0
1051785,2015-01-28,train,11,0
1051785,2015-01-28,train,12,0
1051785,2015-01-28,train,13,0
1051785,2015-01-28,train,14,0
1051785,2015-01-28,train,15,0
1051785,2015-01-28,train,16,0
1051789,2015-01-28,train,1,0
1051789,2015-01-28,train,2,0
1051789,2015-01-28,train,3,0
1051789,2015-01-28,train,4,0
1051789,2015-01-28,train,5,1
1051789,2015-01-28,train,6,0
1051789,2015-01-28,train,7,0
1051789,2015-01-28,train,8,0
1051789,2015-01-28,train,9,0
1051789,2015-01-28,train,10,0
1051789,2015-01-28,train,11,0
1051789,2015-01-28,train,12,0
1051789,2015-01-28,train,13,0
1051789,2015-01-28,train,14,0
1051789,2015-01-28,train,15,0
1051789,2015-01-28,train,16,0
1052022,2015-01-28,train,1,0
1052022,2015-01-28,train,2,0
1052022,2015-01-28,train,3,1
1052022,2015-01-28,train,4,0
1052022,2015-01-28,train,5,0
1052022,2015-01-28,train,6,0
1052022,2015-01-28,train,7,0
1052022,2015-01-28,train,8,0
1052022,2015-01-28,train,9,0
1052022,2015-01-28,train,10,0
1052022,2015-01-28,train,11,0
1052022,2015-01-28,train,12,0
1052022,2015-01-28,train,13,0
1052022,2015-01-28,train,14,0
1052022,2015-01-28,train,15,0
1052022,2015-01-28,train,16,0
1052024,2015-01-28,train,1,0
1052024,2015-01-28,train,2,0
1052024,2015-01-28,train,3,0
1052024,2015-01-28,train,4,0
1052024,2015-01-28,train,5,0
1052024,2015-01-28,train,6,1
1052024,2015-01-28,train,7,0
1052024,2015-01-28,train,8,0
1052024,2015-01-28,train,9,0
1052024,2015-01-28,train,10,0
1052024,2015-01-28,train,11,0
1052024,2015-01-28,train,12,0
1052024,2015-01-28,train,13,0
1052024,2015-01-28,train,14,0
1052024,2015-01-28,train,15,0
1052024,2015-01-28,train,16,0
1052025,2015-01-28,train,1,0
1052025,2015-01-28,train,2,0
1052025,2015-01-28,train,3,1
1052025,2015-01-28,train,4,0
1052025,2015-01-28,train,5,0
1052025,2015-01-28,train,6,0
1052025,2015-01-28,train,7,0
1052025,2015-01-28,train,8,0
1052025,2015-01-28,train,9,0
1052025,2015-01-28,train,10,0
1052025,2015-01-28,train,11,0
1052025,2015-01-28,train,12,0
1052025,2015-01-28,train,13,0
1052025,2015-01-28,train,14,0
1052025,2015-01-28,train,15,0
1052025,2015-01-28,train,16,0
1052325,2015-01-28,train,1,0
1052325,2015-01-28,train,2,0
1052325,2015-01-28,train,3,1
1052325,2015-01-28,train,4,0
1052325,2015-01-28,train,5,0
1052325,2015-01-28,train,6,0
1052325,2015-01-28,train,7,0
1052325,2015-01-28,train,8,0
1052325,2015-01-28,train,9,0
1052325,2015-01-28,train,10,0
1052325,2015-01-28,train,11,0
1052325,2015-01-28,train,12,0
1052325,2015-01-28,train,13,0
1052325,2015-01-28,train,14,0
1052325,2015-01-28,train,15,0
1052325,2015-01-28,train,16,0
1052328,2015-01-28,train,1,0
1052328,2015-01-28,train,2,0
1052328,2015-01-28,train,3,1
1052328,2015-01-28,train,4,0
1052328,2015-01-28,train,5,0
1052328,2015-01-28,train,6,0
1052328,2015-01-28,train,7,0
1052328,2015-01-28,train,8,0
1052328,2015-01-28,train,9,0
1052328,2015-01-28,train,10,0
1052328,2015-01-28,train,11,0
1052328,2015-01-28,train,12,0
1052328,2015-01-28,train,13,0
1052328,2015-01-28,train,14,0
1052328,2015-01-28,train,15,0
1052328,2015-01-28,train,16,0
1052329,2015-01-28,train,1,0
1052329,2015-01-28,train,2,0
1052329,2015-01-28,train,3,0
1052329,2015-01-28,train,4,0
1052329,2015-01-28,train,5,0
1052329,2015-01-28,train,6,0
1052329,2015-01-28,train,7,0
1052329,2015-01-28,train,8,0
1052329,2015-01-28,train,9,0
1052329,2015-01-28,train,10,0
1052329,2015-01-28,train,11,0
1052329,2015-01-28,train,12,0
1052329,2015-01-28,train,13,0
1052329,2015-01-28,train,14,0
1052329,2015-01-28,train,15,0
1052329,2015-01-28,train,16,0
1052331,2015-01-28,train,1,0
1052331,2015-01-28,train,2,0
1052331,2015-01-28,train,3,1
1052331,2015-01-28,train,4,0
1052331,2015-01-28,train,5,0
1052331,2015-01-28,train,6,0
1052331,2015-01-28,train,7,0
1052331,2015-01-28,train,8,0
1052331,2015-01-28,train,9,0
1052331,2015-01-28,train,10,0
1052331,2015-01-28,train,11,0
1052331,2015-01-28,train,12,0
1052331,2015-01-28,train,13,0
1052331,2015-01-28,train,14,0
1052331,2015-01-28,train,15,0
1052331,2015-01-28,train,16,0
1052336,2015-01-28,train,1,0
1052336,2015-01-28,train,2,0
1052336,2015-01-28,train,3,1
1052336,2015-01-28,train,4,0
1052336,2015-01-28,train,5,0
1052336,2015-01-28,train,6,0
1052336,2015-01-28,train,7,0
1052336,2015-01-28,train,8,0
1052336,2015-01-28,train,9,0
1052336,2015-01-28,train,10,0
1052336,2015-01-28,train,11,0
1052336,2015-01-28,train,12,0
1052336,2015-01-28,train,13,0
1052336,2015-01-28,train,14,0
1052336,2015-01-28,train,15,0
1052336,2015-01-28,train,16,0
1052339,2015-01-28,train,1,0
1052339,2015-01-28,train,2,0
1052339,2015-01-28,train,3,1
1052339,2015-01-28,train,4,0
1052339,2015-01-28,train,5,0
1052339,2015-01-28,train,6,0
1052339,2015-01-28,train,7,0
1052339,2015-01-28,train,8,0
1052339,2015-01-28,train,9,0
1052339,2015-01-28,train,10,0
1052339,2015-01-28,train,11,0
1052339,2015-01-28,train,12,0
1052339,2015-01-28,train,13,0
1052339,2015-01-28,train,14,0
1052339,2015-01-28,train,15,0
1052339,2015-01-28,train,16,0
1052341,2015-01-28,train,1,0
1052341,2015-01-28,train,2,0
1052341,2015-01-28,train,3,1
1052341,2015-01-28,train,4,0
1052341,2015-01-28,train,5,0
1052341,2015-01-28,train,6,0
1052341,2015-01-28,train,7,0
1052341,2015-01-28,train,8,0
1052341,2015-01-28,train,9,0
1052341,2015-01-28,train,10,0
1052341,2015-01-28,train,11,0
1052341,2015-01-28,train,12,0
1052341,2015-01-28,train,13,0
1052341,2015-01-28,train,14,0
1052341,2015-01-28,train,15,0
1052341,2015-01-28,train,16,0
1052342,2015-01-28,train,1,0
1052342,2015-01-28,train,2,0
1052342,2015-01-28,train,3,1
1052342,2015-01-28,train,4,0
1052342,2015-01-28,train,5,0
1052342,2015-01-28,train,6,0
1052342,2015-01-28,train,7,0
1052342,2015-01-28,train,8,0
1052342,2015-01-28,train,9,0
1052342,2015-01-28,train,10,0
1052342,2015-01-28,train,11,0
1052342,2015-01-28,train,12,0
1052342,2015-01-28,train,13,0
1052342,2015-01-28,train,14,0
1052342,2015-01-28,train,15,0
1052342,2015-01-28,train,16,0
1052343,2015-01-28,train,1,0
1052343,2015-01-28,train,2,0
1052343,2015-01-28,train,3,1
1052343,2015-01-28,train,4,0
1052343,2015-01-28,train,5,0
1052343,2015-01-28,train,6,0
1052343,2015-01-28,train,7,0
1052343,2015-01-28,train,8,0
1052343,2015-01-28,train,9,0
1052343,2015-01-28,train,10,0
1052343,2015-01-28,train,11,0
1052343,2015-01-28,train,12,0
1052343,2015-01-28,train,13,0
1052343,2015-01-28,train,14,0
1052343,2015-01-28,train,15,0
1052343,2015-01-28,train,16,0
1052345,2015-01-28,train,1,0
1052345,2015-01-28,train,2,0
1052345,2015-01-28,train,3,1
1052345,2015-01-28,train,4,0
1052345,2015-01-28,train,5,0
1052345,2015-01-28,train,6,0
1052345,2015-01-28,train,7,0
1052345,2015-01-28,train,8,0
1052345,2015-01-28,train,9,0
1052345,2015-01-28,train,10,0
1052345,2015-01-28,train,11,0
1052345,2015-01-28,train,12,0
1052345,2015-01-28,train,13,0
1052345,2015-01-28,train,14,0
1052345,2015-01-28,train,15,0
1052345,2015-01-28,train,16,0
1052346,2015-01-28,train,1,0
1052346,2015-01-28,train,2,0
1052346,2015-01-28,train,3,1
1052346,2015-01-28,train,4,0
1052346,2015-01-28,train,5,0
1052346,2015-01-28,train,6,0
1052346,2015-01-28,train,7,0
1052346,2015-01-28,train,8,0
1052346,2015-01-28,train,9,0
1052346,2015-01-28,train,10,0
1052346,2015-01-28,train,11,0
1052346,2015-01-28,train,12,0
1052346,2015-01-28,train,13,0
1052346,2015-01-28,train,14,0
1052346,2015-01-28,train,15,0
1052346,2015-01-28,train,16,0
1052347,2015-01-28,train,1,0
1052347,2015-01-28,train,2,0
1052347,2015-01-28,train,3,1
1052347,2015-01-28,train,4,0
1052347,2015-01-28,train,5,0
1052347,2015-01-28,train,6,0
1052347,2015-01-28,train,7,0
1052347,2015-01-28,train,8,0
1052347,2015-01-28,train,9,0
1052347,2015-01-28,train,10,0
1052347,2015-01-28,train,11,0
1052347,2015-01-28,train,12,0
1052347,2015-01-28,train,13,0
1052347,2015-01-28,train,14,0
1052347,2015-01-28,train,15,0
1052347,2015-01-28,train,16,0
1052349,2015-01-28,train,1,0
1052349,2015-01-28,train,2,0
1052349,2015-01-28,train,3,1
1052349,2015-01-28,train,4,0
1052349,2015-01-28,train,5,0
1052349,2015-01-28,train,6,0
1052349,2015-01-28,train,7,0
1052349,2015-01-28,train,8,0
1052349,2015-01-28,train,9,0
1052349,2015-01-28,train,10,0
1052349,2015-01-28,train,11,0
1052349,2015-01-28,train,12,0
1052349,2015-01-28,train,13,0
1052349,2015-01-28,train,14,0
1052349,2015-01-28,train,15,0
1052349,2015-01-28,train,16,0
1052350,2015-01-28,train,1,0
1052350,2015-01-28,train,2,0
1052350,2015-01-28,train,3,1
1052350,2015-01-28,train,4,0
1052350,2015-01-28,train,5,0
1052350,2015-01-28,train,6,0
1052350,2015-01-28,train,7,0
1052350,2015-01-28,train,8,0
1052350,2015-01-28,train,9,0
1052350,2015-01-28,train,10,0
1052350,2015-01-28,train,11,0
1052350,2015-01-28,train,12,0
1052350,2015-01-28,train,13,0
1052350,2015-01-28,train,14,0
1052350,2015-01-28,train,15,0
1052350,2015-01-28,train,16,0
1052352,2015-01-28,train,1,0
1052352,2015-01-28,train,2,0
1052352,2015-01-28,train,3,1
1052352,2015-01-28,train,4,0
1052352,2015-01-28,train,5,0
1052352,2015-01-28,train,6,0
1052352,2015-01-28,train,7,0
1052352,2015-01-28,train,8,0
1052352,2015-01-28,train,9,0
1052352,2015-01-28,train,10,0
1052352,2015-01-28,train,11,0
1052352,2015-01-28,train,12,0
1052352,2015-01-28,train,13,0
1052352,2015-01-28,train,14,0
1052352,2015-01-28,train,15,0
1052352,2015-01-28,train,16,0
1052322,2015-01-28,train,1,0
1052322,2015-01-28,train,2,0
1052322,2015-01-28,train,3,1
1052322,2015-01-28,train,4,0
1052322,2015-01-28,train,5,0
1052322,2015-01-28,train,6,0
1052322,2015-01-28,train,7,0
1052322,2015-01-28,train,8,0
1052322,2015-01-28,train,9,0
1052322,2015-01-28,train,10,0
1052322,2015-01-28,train,11,0
1052322,2015-01-28,train,12,0
1052322,2015-01-28,train,13,0
1052322,2015-01-28,train,14,0
1052322,2015-01-28,train,15,0
1052322,2015-01-28,train,16,0
1052354,2015-01-28,train,1,0
1052354,2015-01-28,train,2,0
1052354,2015-01-28,train,3,1
1052354,2015-01-28,train,4,0
1052354,2015-01-28,train,5,0
1052354,2015-01-28,train,6,0
1052354,2015-01-28,train,7,0
1052354,2015-01-28,train,8,0
1052354,2015-01-28,train,9,0
1052354,2015-01-28,train,10,0
1052354,2015-01-28,train,11,0
1052354,2015-01-28,train,12,0
1052354,2015-01-28,train,13,0
1052354,2015-01-28,train,14,0
1052354,2015-01-28,train,15,0
1052354,2015-01-28,train,16,0
1052318,2015-01-28,train,1,0
1052318,2015-01-28,train,2,0
1052318,2015-01-28,train,3,1
1052318,2015-01-28,train,4,0
1052318,2015-01-28,train,5,0
1052318,2015-01-28,train,6,0
1052318,2015-01-28,train,7,0
1052318,2015-01-28,train,8,0
1052318,2015-01-28,train,9,0
1052318,2015-01-28,train,10,0
1052318,2015-01-28,train,11,0
1052318,2015-01-28,train,12,0
1052318,2015-01-28,train,13,0
1052318,2015-01-28,train,14,0
1052318,2015-01-28,train,15,0
1052318,2015-01-28,train,16,0
1052304,2015-01-28,train,1,0
1052304,2015-01-28,train,2,0
1052304,2015-01-28,train,3,1
1052304,2015-01-28,train,4,0
1052304,2015-01-28,train,5,0
1052304,2015-01-28,train,6,0
1052304,2015-01-28,train,7,0
1052304,2015-01-28,train,8,0
1052304,2015-01-28,train,9,0
1052304,2015-01-28,train,10,0
1052304,2015-01-28,train,11,0
1052304,2015-01-28,train,12,0
1052304,2015-01-28,train,13,0
1052304,2015-01-28,train,14,0
1052304,2015-01-28,train,15,0
1052304,2015-01-28,train,16,0
1052242,2015-01-28,train,1,0
1052242,2015-01-28,train,2,0
1052242,2015-01-28,train,3,1
1052242,2015-01-28,train,4,0
1052242,2015-01-28,train,5,0
1052242,2015-01-28,train,6,0
1052242,2015-01-28,train,7,0
1052242,2015-01-28,train,8,0
1052242,2015-01-28,train,9,0
1052242,2015-01-28,train,10,0
1052242,2015-01-28,train,11,0
1052242,2015-01-28,train,12,0
1052242,2015-01-28,train,13,0
1052242,2015-01-28,train,14,0
1052242,2015-01-28,train,15,0
1052242,2015-01-28,train,16,0
1052249,2015-01-28,train,1,0
1052249,2015-01-28,train,2,0
1052249,2015-01-28,train,3,1
1052249,2015-01-28,train,4,0
1052249,2015-01-28,train,5,0
1052249,2015-01-28,train,6,0
1052249,2015-01-28,train,7,0
1052249,2015-01-28,train,8,0
1052249,2015-01-28,train,9,0
1052249,2015-01-28,train,10,0
1052249,2015-01-28,train,11,0
1052249,2015-01-28,train,12,0
1052249,2015-01-28,train,13,0
1052249,2015-01-28,train,14,0
1052249,2015-01-28,train,15,0
1052249,2015-01-28,train,16,0
1052251,2015-01-28,train,1,0
1052251,2015-01-28,train,2,0
1052251,2015-01-28,train,3,1
1052251,2015-01-28,train,4,0
1052251,2015-01-28,train,5,0
1052251,2015-01-28,train,6,0
1052251,2015-01-28,train,7,0
1052251,2015-01-28,train,8,0
1052251,2015-01-28,train,9,0
1052251,2015-01-28,train,10,0
1052251,2015-01-28,train,11,0
1052251,2015-01-28,train,12,0
1052251,2015-01-28,train,13,0
1052251,2015-01-28,train,14,0
1052251,2015-01-28,train,15,0
1052251,2015-01-28,train,16,0
1052259,2015-01-28,train,1,0
1052259,2015-01-28,train,2,0
1052259,2015-01-28,train,3,1
1052259,2015-01-28,train,4,0
1052259,2015-01-28,train,5,1
1052259,2015-01-28,train,6,0
1052259,2015-01-28,train,7,0
1052259,2015-01-28,train,8,0
1052259,2015-01-28,train,9,0
1052259,2015-01-28,train,10,0
1052259,2015-01-28,train,11,0
1052259,2015-01-28,train,12,0
1052259,2015-01-28,train,13,0
1052259,2015-01-28,train,14,0
1052259,2015-01-28,train,15,0
1052259,2015-01-28,train,16,0
1052261,2015-01-28,train,1,0
1052261,2015-01-28,train,2,0
1052261,2015-01-28,train,3,0
1052261,2015-01-28,train,4,0
1052261,2015-01-28,train,5,0
1052261,2015-01-28,train,6,1
1052261,2015-01-28,train,7,0
1052261,2015-01-28,train,8,0
1052261,2015-01-28,train,9,0
1052261,2015-01-28,train,10,0
1052261,2015-01-28,train,11,0
1052261,2015-01-28,train,12,0
1052261,2015-01-28,train,13,0
1052261,2015-01-28,train,14,0
1052261,2015-01-28,train,15,0
1052261,2015-01-28,train,16,0
1052270,2015-01-28,train,1,0
1052270,2015-01-28,train,2,0
1052270,2015-01-28,train,3,1
1052270,2015-01-28,train,4,0
1052270,2015-01-28,train,5,0
1052270,2015-01-28,train,6,0
1052270,2015-01-28,train,7,0
1052270,2015-01-28,train,8,0
1052270,2015-01-28,train,9,0
1052270,2015-01-28,train,10,0
1052270,2015-01-28,train,11,0
1052270,2015-01-28,train,12,0
1052270,2015-01-28,train,13,0
1052270,2015-01-28,train,14,0
1052270,2015-01-28,train,15,0
1052270,2015-01-28,train,16,0
1052276,2015-01-28,train,1,0
1052276,2015-01-28,train,2,0
1052276,2015-01-28,train,3,1
1052276,2015-01-28,train,4,0
1052276,2015-01-28,train,5,0
1052276,2015-01-28,train,6,0
1052276,2015-01-28,train,7,0
1052276,2015-01-28,train,8,0
1052276,2015-01-28,train,9,0
1052276,2015-01-28,train,10,0
1052276,2015-01-28,train,11,0
1052276,2015-01-28,train,12,0
1052276,2015-01-28,train,13,0
1052276,2015-01-28,train,14,0
1052276,2015-01-28,train,15,0
1052276,2015-01-28,train,16,0
1052280,2015-01-28,train,1,0
1052280,2015-01-28,train,2,0
1052280,2015-01-28,train,3,1
1052280,2015-01-28,train,4,0
1052280,2015-01-28,train,5,0
1052280,2015-01-28,train,6,0
1052280,2015-01-28,train,7,0
1052280,2015-01-28,train,8,0
1052280,2015-01-28,train,9,0
1052280,2015-01-28,train,10,0
1052280,2015-01-28,train,11,0
1052280,2015-01-28,train,12,0
1052280,2015-01-28,train,13,0
1052280,2015-01-28,train,14,0
1052280,2015-01-28,train,15,0
1052280,2015-01-28,train,16,0
1052284,2015-01-28,train,1,0
1052284,2015-01-28,train,2,0
1052284,2015-01-28,train,3,1
1052284,2015-01-28,train,4,0
1052284,2015-01-28,train,5,0
1052284,2015-01-28,train,6,0
1052284,2015-01-28,train,7,0
1052284,2015-01-28,train,8,0
1052284,2015-01-28,train,9,0
1052284,2015-01-28,train,10,0
1052284,2015-01-28,train,11,0
1052284,2015-01-28,train,12,0
1052284,2015-01-28,train,13,0
1052284,2015-01-28,train,14,0
1052284,2015-01-28,train,15,0
1052284,2015-01-28,train,16,0
1052287,2015-01-28,train,1,0
1052287,2015-01-28,train,2,0
1052287,2015-01-28,train,3,1
1052287,2015-01-28,train,4,0
1052287,2015-01-28,train,5,0
1052287,2015-01-28,train,6,0
1052287,2015-01-28,train,7,0
1052287,2015-01-28,train,8,0
1052287,2015-01-28,train,9,0
1052287,2015-01-28,train,10,0
1052287,2015-01-28,train,11,0
1052287,2015-01-28,train,12,0
1052287,2015-01-28,train,13,0
1052287,2015-01-28,train,14,0
1052287,2015-01-28,train,15,0
1052287,2015-01-28,train,16,0
1052289,2015-01-28,train,1,0
1052289,2015-01-28,train,2,0
1052289,2015-01-28,train,3,1
1052289,2015-01-28,train,4,0
1052289,2015-01-28,train,5,0
1052289,2015-01-28,train,6,0
1052289,2015-01-28,train,7,0
1052289,2015-01-28,train,8,0
1052289,2015-01-28,train,9,0
1052289,2015-01-28,train,10,0
1052289,2015-01-28,train,11,0
1052289,2015-01-28,train,12,0
1052289,2015-01-28,train,13,0
1052289,2015-01-28,train,14,0
1052289,2015-01-28,train,15,0
1052289,2015-01-28,train,16,0
1052296,2015-01-28,train,1,0
1052296,2015-01-28,train,2,0
1052296,2015-01-28,train,3,1
1052296,2015-01-28,train,4,0
1052296,2015-01-28,train,5,0
1052296,2015-01-28,train,6,0
1052296,2015-01-28,train,7,0
1052296,2015-01-28,train,8,0
1052296,2015-01-28,train,9,0
1052296,2015-01-28,train,10,0
1052296,2015-01-28,train,11,0
1052296,2015-01-28,train,12,0
1052296,2015-01-28,train,13,0
1052296,2015-01-28,train,14,0
1052296,2015-01-28,train,15,0
1052296,2015-01-28,train,16,0
1052297,2015-01-28,train,1,0
1052297,2015-01-28,train,2,0
1052297,2015-01-28,train,3,0
1052297,2015-01-28,train,4,0
1052297,2015-01-28,train,5,1
1052297,2015-01-28,train,6,0
1052297,2015-01-28,train,7,0
1052297,2015-01-28,train,8,0
1052297,2015-01-28,train,9,0
1052297,2015-01-28,train,10,0
1052297,2015-01-28,train,11,0
1052297,2015-01-28,train,12,0
1052297,2015-01-28,train,13,1
1052297,2015-01-28,train,14,0
1052297,2015-01-28,train,15,0
1052297,2015-01-28,train,16,0
1052300,2015-01-28,train,1,0
1052300,2015-01-28,train,2,0
1052300,2015-01-28,train,3,1
1052300,2015-01-28,train,4,0
1052300,2015-01-28,train,5,0
1052300,2015-01-28,train,6,0
1052300,2015-01-28,train,7,0
1052300,2015-01-28,train,8,0
1052300,2015-01-28,train,9,0
1052300,2015-01-28,train,10,0
1052300,2015-01-28,train,11,0
1052300,2015-01-28,train,12,0
1052300,2015-01-28,train,13,0
1052300,2015-01-28,train,14,0
1052300,2015-01-28,train,15,0
1052300,2015-01-28,train,16,0
1052302,2015-01-28,train,1,0
1052302,2015-01-28,train,2,0
1052302,2015-01-28,train,3,1
1052302,2015-01-28,train,4,0
1052302,2015-01-28,train,5,0
1052302,2015-01-28,train,6,0
1052302,2015-01-28,train,7,0
1052302,2015-01-28,train,8,0
1052302,2015-01-28,train,9,0
1052302,2015-01-28,train,10,0
1052302,2015-01-28,train,11,0
1052302,2015-01-28,train,12,0
1052302,2015-01-28,train,13,0
1052302,2015-01-28,train,14,0
1052302,2015-01-28,train,15,0
1052302,2015-01-28,train,16,0
1052310,2015-01-28,train,1,0
1052310,2015-01-28,train,2,0
1052310,2015-01-28,train,3,1
1052310,2015-01-28,train,4,0
1052310,2015-01-28,train,5,0
1052310,2015-01-28,train,6,0
1052310,2015-01-28,train,7,0
1052310,2015-01-28,train,8,0
1052310,2015-01-28,train,9,0
1052310,2015-01-28,train,10,0
1052310,2015-01-28,train,11,0
1052310,2015-01-28,train,12,0
1052310,2015-01-28,train,13,0
1052310,2015-01-28,train,14,0
1052310,2015-01-28,train,15,0
1052310,2015-01-28,train,16,0
1052239,2015-01-28,train,1,0
1052239,2015-01-28,train,2,0
1052239,2015-01-28,train,3,1
1052239,2015-01-28,train,4,0
1052239,2015-01-28,train,5,0
1052239,2015-01-28,train,6,0
1052239,2015-01-28,train,7,0
1052239,2015-01-28,train,8,0
1052239,2015-01-28,train,9,0
1052239,2015-01-28,train,10,0
1052239,2015-01-28,train,11,0
1052239,2015-01-28,train,12,0
1052239,2015-01-28,train,13,0
1052239,2015-01-28,train,14,0
1052239,2015-01-28,train,15,0
1052239,2015-01-28,train,16,0
1052356,2015-01-28,train,1,0
1052356,2015-01-28,train,2,0
1052356,2015-01-28,train,3,1
1052356,2015-01-28,train,4,0
1052356,2015-01-28,train,5,0
1052356,2015-01-28,train,6,0
1052356,2015-01-28,train,7,0
1052356,2015-01-28,train,8,0
1052356,2015-01-28,train,9,0
1052356,2015-01-28,train,10,0
1052356,2015-01-28,train,11,0
1052356,2015-01-28,train,12,0
1052356,2015-01-28,train,13,0
1052356,2015-01-28,train,14,0
1052356,2015-01-28,train,15,0
1052356,2015-01-28,train,16,0
1052358,2015-01-28,train,1,0
1052358,2015-01-28,train,2,0
1052358,2015-01-28,train,3,1
1052358,2015-01-28,train,4,0
1052358,2015-01-28,train,5,0
1052358,2015-01-28,train,6,0
1052358,2015-01-28,train,7,0
1052358,2015-01-28,train,8,0
1052358,2015-01-28,train,9,0
1052358,2015-01-28,train,10,0
1052358,2015-01-28,train,11,0
1052358,2015-01-28,train,12,0
1052358,2015-01-28,train,13,0
1052358,2015-01-28,train,14,0
1052358,2015-01-28,train,15,0
1052358,2015-01-28,train,16,0
1052392,2015-01-28,train,1,0
1052392,2015-01-28,train,2,0
1052392,2015-01-28,train,3,1
1052392,2015-01-28,train,4,0
1052392,2015-01-28,train,5,0
1052392,2015-01-28,train,6,0
1052392,2015-01-28,train,7,0
1052392,2015-01-28,train,8,0
1052392,2015-01-28,train,9,0
1052392,2015-01-28,train,10,0
1052392,2015-01-28,train,11,0
1052392,2015-01-28,train,12,0
1052392,2015-01-28,train,13,0
1052392,2015-01-28,train,14,0
1052392,2015-01-28,train,15,0
1052392,2015-01-28,train,16,0
1052396,2015-01-28,train,1,0
1052396,2015-01-28,train,2,0
1052396,2015-01-28,train,3,1
1052396,2015-01-28,train,4,0
1052396,2015-01-28,train,5,0
1052396,2015-01-28,train,6,0
1052396,2015-01-28,train,7,0
1052396,2015-01-28,train,8,0
1052396,2015-01-28,train,9,0
1052396,2015-01-28,train,10,0
1052396,2015-01-28,train,11,0
1052396,2015-01-28,train,12,0
1052396,2015-01-28,train,13,0
1052396,2015-01-28,train,14,0
1052396,2015-01-28,train,15,0
1052396,2015-01-28,train,16,0
1052397,2015-01-28,train,1,0
1052397,2015-01-28,train,2,0
1052397,2015-01-28,train,3,1
1052397,2015-01-28,train,4,0
1052397,2015-01-28,train,5,0
1052397,2015-01-28,train,6,0
1052397,2015-01-28,train,7,0
1052397,2015-01-28,train,8,0
1052397,2015-01-28,train,9,0
1052397,2015-01-28,train,10,0
1052397,2015-01-28,train,11,0
1052397,2015-01-28,train,12,0
1052397,2015-01-28,train,13,0
1052397,2015-01-28,train,14,0
1052397,2015-01-28,train,15,0
1052397,2015-01-28,train,16,0
1052399,2015-01-28,train,1,0
1052399,2015-01-28,train,2,0
1052399,2015-01-28,train,3,1
1052399,2015-01-28,train,4,0
1052399,2015-01-28,train,5,0
1052399,2015-01-28,train,6,0
1052399,2015-01-28,train,7,0
1052399,2015-01-28,train,8,0
1052399,2015-01-28,train,9,0
1052399,2015-01-28,train,10,0
1052399,2015-01-28,train,11,0
1052399,2015-01-28,train,12,0
1052399,2015-01-28,train,13,0
1052399,2015-01-28,train,14,0
1052399,2015-01-28,train,15,0
1052399,2015-01-28,train,16,0
1052400,2015-01-28,train,1,0
1052400,2015-01-28,train,2,0
1052400,2015-01-28,train,3,1
1052400,2015-01-28,train,4,0
1052400,2015-01-28,train,5,0
1052400,2015-01-28,train,6,0
1052400,2015-01-28,train,7,0
1052400,2015-01-28,train,8,0
1052400,2015-01-28,train,9,0
1052400,2015-01-28,train,10,0
1052400,2015-01-28,train,11,0
1052400,2015-01-28,train,12,0
1052400,2015-01-28,train,13,0
1052400,2015-01-28,train,14,0
1052400,2015-01-28,train,15,0
1052400,2015-01-28,train,16,0
1052402,2015-01-28,train,1,0
1052402,2015-01-28,train,2,0
1052402,2015-01-28,train,3,1
1052402,2015-01-28,train,4,0
1052402,2015-01-28,train,5,0
1052402,2015-01-28,train,6,0
1052402,2015-01-28,train,7,0
1052402,2015-01-28,train,8,0
1052402,2015-01-28,train,9,0
1052402,2015-01-28,train,10,0
1052402,2015-01-28,train,11,0
1052402,2015-01-28,train,12,0
1052402,2015-01-28,train,13,0
1052402,2015-01-28,train,14,0
1052402,2015-01-28,train,15,0
1052402,2015-01-28,train,16,0
1052403,2015-01-28,train,1,0
1052403,2015-01-28,train,2,0
1052403,2015-01-28,train,3,1
1052403,2015-01-28,train,4,0
1052403,2015-01-28,train,5,0
1052403,2015-01-28,train,6,0
1052403,2015-01-28,train,7,0
1052403,2015-01-28,train,8,0
1052403,2015-01-28,train,9,0
1052403,2015-01-28,train,10,0
1052403,2015-01-28,train,11,0
1052403,2015-01-28,train,12,0
1052403,2015-01-28,train,13,0
1052403,2015-01-28,train,14,0
1052403,2015-01-28,train,15,0
1052403,2015-01-28,train,16,0
1052405,2015-01-28,train,1,0
1052405,2015-01-28,train,2,0
1052405,2015-01-28,train,3,1
1052405,2015-01-28,train,4,0
1052405,2015-01-28,train,5,0
1052405,2015-01-28,train,6,0
1052405,2015-01-28,train,7,0
1052405,2015-01-28,train,8,0
1052405,2015-01-28,train,9,0
1052405,2015-01-28,train,10,0
1052405,2015-01-28,train,11,0
1052405,2015-01-28,train,12,0
1052405,2015-01-28,train,13,0
1052405,2015-01-28,train,14,0
1052405,2015-01-28,train,15,0
1052405,2015-01-28,train,16,0
1052407,2015-01-28,train,1,0
1052407,2015-01-28,train,2,0
1052407,2015-01-28,train,3,1
1052407,2015-01-28,train,4,0
1052407,2015-01-28,train,5,0
1052407,2015-01-28,train,6,0
1052407,2015-01-28,train,7,0
1052407,2015-01-28,train,8,0
1052407,2015-01-28,train,9,0
1052407,2015-01-28,train,10,0
1052407,2015-01-28,train,11,0
1052407,2015-01-28,train,12,0
1052407,2015-01-28,train,13,0
1052407,2015-01-28,train,14,0
1052407,2015-01-28,train,15,0
1052407,2015-01-28,train,16,0
1052408,2015-01-28,train,1,0
1052408,2015-01-28,train,2,0
1052408,2015-01-28,train,3,1
1052408,2015-01-28,train,4,0
1052408,2015-01-28,train,5,0
1052408,2015-01-28,train,6,0
1052408,2015-01-28,train,7,0
1052408,2015-01-28,train,8,0
1052408,2015-01-28,train,9,0
1052408,2015-01-28,train,10,0
1052408,2015-01-28,train,11,0
1052408,2015-01-28,train,12,0
1052408,2015-01-28,train,13,0
1052408,2015-01-28,train,14,0
1052408,2015-01-28,train,15,0
1052408,2015-01-28,train,16,0
1052410,2015-01-28,train,1,0
1052410,2015-01-28,train,2,0
1052410,2015-01-28,train,3,1
1052410,2015-01-28,train,4,0
1052410,2015-01-28,train,5,0
1052410,2015-01-28,train,6,0
1052410,2015-01-28,train,7,0
1052410,2015-01-28,train,8,0
1052410,2015-01-28,train,9,0
1052410,2015-01-28,train,10,0
1052410,2015-01-28,train,11,0
1052410,2015-01-28,train,12,0
1052410,2015-01-28,train,13,0
1052410,2015-01-28,train,14,0
1052410,2015-01-28,train,15,0
1052410,2015-01-28,train,16,0
1052412,2015-01-28,train,1,0
1052412,2015-01-28,train,2,0
1052412,2015-01-28,train,3,1
1052412,2015-01-28,train,4,0
1052412,2015-01-28,train,5,0
1052412,2015-01-28,train,6,0
1052412,2015-01-28,train,7,0
1052412,2015-01-28,train,8,0
1052412,2015-01-28,train,9,0
1052412,2015-01-28,train,10,0
1052412,2015-01-28,train,11,0
1052412,2015-01-28,train,12,0
1052412,2015-01-28,train,13,0
1052412,2015-01-28,train,14,0
1052412,2015-01-28,train,15,0
1052412,2015-01-28,train,16,0
1052413,2015-01-28,train,1,0
1052413,2015-01-28,train,2,0
1052413,2015-01-28,train,3,1
1052413,2015-01-28,train,4,0
1052413,2015-01-28,train,5,0
1052413,2015-01-28,train,6,0
1052413,2015-01-28,train,7,0
1052413,2015-01-28,train,8,0
1052413,2015-01-28,train,9,0
1052413,2015-01-28,train,10,0
1052413,2015-01-28,train,11,0
1052413,2015-01-28,train,12,0
1052413,2015-01-28,train,13,0
1052413,2015-01-28,train,14,0
1052413,2015-01-28,train,15,0
1052413,2015-01-28,train,16,0
1052415,2015-01-28,train,1,0
1052415,2015-01-28,train,2,0
1052415,2015-01-28,train,3,1
1052415,2015-01-28,train,4,0
1052415,2015-01-28,train,5,0
1052415,2015-01-28,train,6,0
1052415,2015-01-28,train,7,0
1052415,2015-01-28,train,8,0
1052415,2015-01-28,train,9,0
1052415,2015-01-28,train,10,0
1052415,2015-01-28,train,11,0
1052415,2015-01-28,train,12,0
1052415,2015-01-28,train,13,0
1052415,2015-01-28,train,14,0
1052415,2015-01-28,train,15,0
1052415,2015-01-28,train,16,0
1052417,2015-01-28,train,1,0
1052417,2015-01-28,train,2,0
1052417,2015-01-28,train,3,1
1052417,2015-01-28,train,4,0
1052417,2015-01-28,train,5,0
1052417,2015-01-28,train,6,0
1052417,2015-01-28,train,7,0
1052417,2015-01-28,train,8,0
1052417,2015-01-28,train,9,0
1052417,2015-01-28,train,10,0
1052417,2015-01-28,train,11,0
1052417,2015-01-28,train,12,0
1052417,2015-01-28,train,13,0
1052417,2015-01-28,train,14,0
1052417,2015-01-28,train,15,0
1052417,2015-01-28,train,16,0
1052390,2015-01-28,train,1,0
1052390,2015-01-28,train,2,0
1052390,2015-01-28,train,3,1
1052390,2015-01-28,train,4,0
1052390,2015-01-28,train,5,0
1052390,2015-01-28,train,6,0
1052390,2015-01-28,train,7,0
1052390,2015-01-28,train,8,0
1052390,2015-01-28,train,9,0
1052390,2015-01-28,train,10,0
1052390,2015-01-28,train,11,0
1052390,2015-01-28,train,12,0
1052390,2015-01-28,train,13,0
1052390,2015-01-28,train,14,0
1052390,2015-01-28,train,15,0
1052390,2015-01-28,train,16,0
1052357,2015-01-28,train,1,0
1052357,2015-01-28,train,2,0
1052357,2015-01-28,train,3,1
1052357,2015-01-28,train,4,0
1052357,2015-01-28,train,5,0
1052357,2015-01-28,train,6,0
1052357,2015-01-28,train,7,0
1052357,2015-01-28,train,8,0
1052357,2015-01-28,train,9,0
1052357,2015-01-28,train,10,0
1052357,2015-01-28,train,11,0
1052357,2015-01-28,train,12,0
1052357,2015-01-28,train,13,0
1052357,2015-01-28,train,14,0
1052357,2015-01-28,train,15,0
1052357,2015-01-28,train,16,0
1052389,2015-01-28,train,1,0
1052389,2015-01-28,train,2,0
1052389,2015-01-28,train,3,1
1052389,2015-01-28,train,4,0
1052389,2015-01-28,train,5,0
1052389,2015-01-28,train,6,0
1052389,2015-01-28,train,7,0
1052389,2015-01-28,train,8,0
1052389,2015-01-28,train,9,0
1052389,2015-01-28,train,10,0
1052389,2015-01-28,train,11,0
1052389,2015-01-28,train,12,0
1052389,2015-01-28,train,13,0
1052389,2015-01-28,train,14,0
1052389,2015-01-28,train,15,0
1052389,2015-01-28,train,16,0
1052387,2015-01-28,train,1,0
1052387,2015-01-28,train,2,0
1052387,2015-01-28,train,3,1
1052387,2015-01-28,train,4,0
1052387,2015-01-28,train,5,0
1052387,2015-01-28,train,6,0
1052387,2015-01-28,train,7,0
1052387,2015-01-28,train,8,0
1052387,2015-01-28,train,9,0
1052387,2015-01-28,train,10,0
1052387,2015-01-28,train,11,0
1052387,2015-01-28,train,12,0
1052387,2015-01-28,train,13,0
1052387,2015-01-28,train,14,0
1052387,2015-01-28,train,15,0
1052387,2015-01-28,train,16,0
1052359,2015-01-28,train,1,0
1052359,2015-01-28,train,2,0
1052359,2015-01-28,train,3,1
1052359,2015-01-28,train,4,0
1052359,2015-01-28,train,5,0
1052359,2015-01-28,train,6,0
1052359,2015-01-28,train,7,0
1052359,2015-01-28,train,8,0
1052359,2015-01-28,train,9,0
1052359,2015-01-28,train,10,0
1052359,2015-01-28,train,11,0
1052359,2015-01-28,train,12,0
1052359,2015-01-28,train,13,0
1052359,2015-01-28,train,14,0
1052359,2015-01-28,train,15,0
1052359,2015-01-28,train,16,0
1052361,2015-01-28,train,1,0
1052361,2015-01-28,train,2,0
1052361,2015-01-28,train,3,1
1052361,2015-01-28,train,4,0
1052361,2015-01-28,train,5,0
1052361,2015-01-28,train,6,0
1052361,2015-01-28,train,7,0
1052361,2015-01-28,train,8,0
1052361,2015-01-28,train,9,0
1052361,2015-01-28,train,10,0
1052361,2015-01-28,train,11,0
1052361,2015-01-28,train,12,0
1052361,2015-01-28,train,13,0
1052361,2015-01-28,train,14,0
1052361,2015-01-28,train,15,0
1052361,2015-01-28,train,16,0
1052362,2015-01-28,train,1,0
1052362,2015-01-28,train,2,0
1052362,2015-01-28,train,3,1
1052362,2015-01-28,train,4,0
1052362,2015-01-28,train,5,0
1052362,2015-01-28,train,6,0
1052362,2015-01-28,train,7,0
1052362,2015-01-28,train,8,0
1052362,2015-01-28,train,9,0
1052362,2015-01-28,train,10,0
1052362,2015-01-28,train,11,0
1052362,2015-01-28,train,12,0
1052362,2015-01-28,train,13,0
1052362,2015-01-28,train,14,0
1052362,2015-01-28,train,15,0
1052362,2015-01-28,train,16,0
1052366,2015-01-28,train,1,0
1052366,2015-01-28,train,2,0
1052366,2015-01-28,train,3,1
1052366,2015-01-28,train,4,0
1052366,2015-01-28,train,5,0
1052366,2015-01-28,train,6,0
1052366,2015-01-28,train,7,0
1052366,2015-01-28,train,8,0
1052366,2015-01-28,train,9,0
1052366,2015-01-28,train,10,0
1052366,2015-01-28,train,11,0
1052366,2015-01-28,train,12,0
1052366,2015-01-28,train,13,0
1052366,2015-01-28,train,14,0
1052366,2015-01-28,train,15,0
1052366,2015-01-28,train,16,0
1052368,2015-01-28,train,1,0
1052368,2015-01-28,train,2,0
1052368,2015-01-28,train,3,1
1052368,2015-01-28,train,4,0
1052368,2015-01-28,train,5,0
1052368,2015-01-28,train,6,0
1052368,2015-01-28,train,7,0
1052368,2015-01-28,train,8,0
1052368,2015-01-28,train,9,0
1052368,2015-01-28,train,10,0
1052368,2015-01-28,train,11,0
1052368,2015-01-28,train,12,0
1052368,2015-01-28,train,13,0
1052368,2015-01-28,train,14,0
1052368,2015-01-28,train,15,0
1052368,2015-01-28,train,16,0
1052369,2015-01-28,train,1,0
1052369,2015-01-28,train,2,0
1052369,2015-01-28,train,3,1
1052369,2015-01-28,train,4,0
1052369,2015-01-28,train,5,0
1052369,2015-01-28,train,6,0
1052369,2015-01-28,train,7,0
1052369,2015-01-28,train,8,0
1052369,2015-01-28,train,9,0
1052369,2015-01-28,train,10,0
1052369,2015-01-28,train,11,0
1052369,2015-01-28,train,12,0
1052369,2015-01-28,train,13,0
1052369,2015-01-28,train,14,0
1052369,2015-01-28,train,15,0
1052369,2015-01-28,train,16,0
1052371,2015-01-28,train,1,0
1052371,2015-01-28,train,2,0
1052371,2015-01-28,train,3,1
1052371,2015-01-28,train,4,0
1052371,2015-01-28,train,5,0
1052371,2015-01-28,train,6,0
1052371,2015-01-28,train,7,0
1052371,2015-01-28,train,8,0
1052371,2015-01-28,train,9,0
1052371,2015-01-28,train,10,0
1052371,2015-01-28,train,11,0
1052371,2015-01-28,train,12,0
1052371,2015-01-28,train,13,0
1052371,2015-01-28,train,14,0
1052371,2015-01-28,train,15,0
1052371,2015-01-28,train,16,0
1052373,2015-01-28,train,1,0
1052373,2015-01-28,train,2,0
1052373,2015-01-28,train,3,1
1052373,2015-01-28,train,4,0
1052373,2015-01-28,train,5,0
1052373,2015-01-28,train,6,0
1052373,2015-01-28,train,7,0
1052373,2015-01-28,train,8,0
1052373,2015-01-28,train,9,0
1052373,2015-01-28,train,10,0
1052373,2015-01-28,train,11,0
1052373,2015-01-28,train,12,0
1052373,2015-01-28,train,13,0
1052373,2015-01-28,train,14,0
1052373,2015-01-28,train,15,0
1052373,2015-01-28,train,16,0
1052375,2015-01-28,train,1,0
1052375,2015-01-28,train,2,0
1052375,2015-01-28,train,3,1
1052375,2015-01-28,train,4,0
1052375,2015-01-28,train,5,0
1052375,2015-01-28,train,6,0
1052375,2015-01-28,train,7,0
1052375,2015-01-28,train,8,0
1052375,2015-01-28,train,9,0
1052375,2015-01-28,train,10,0
1052375,2015-01-28,train,11,0
1052375,2015-01-28,train,12,0
1052375,2015-01-28,train,13,0
1052375,2015-01-28,train,14,0
1052375,2015-01-28,train,15,0
1052375,2015-01-28,train,16,0
1052377,2015-01-28,train,1,0
1052377,2015-01-28,train,2,0
1052377,2015-01-28,train,3,1
1052377,2015-01-28,train,4,0
1052377,2015-01-28,train,5,0
1052377,2015-01-28,train,6,0
1052377,2015-01-28,train,7,0
1052377,2015-01-28,train,8,0
1052377,2015-01-28,train,9,0
1052377,2015-01-28,train,10,0
1052377,2015-01-28,train,11,0
1052377,2015-01-28,train,12,0
1052377,2015-01-28,train,13,0
1052377,2015-01-28,train,14,0
1052377,2015-01-28,train,15,0
1052377,2015-01-28,train,16,0
1052379,2015-01-28,train,1,0
1052379,2015-01-28,train,2,0
1052379,2015-01-28,train,3,1
1052379,2015-01-28,train,4,0
1052379,2015-01-28,train,5,0
1052379,2015-01-28,train,6,0
1052379,2015-01-28,train,7,0
1052379,2015-01-28,train,8,0
1052379,2015-01-28,train,9,0
1052379,2015-01-28,train,10,0
1052379,2015-01-28,train,11,0
1052379,2015-01-28,train,12,0
1052379,2015-01-28,train,13,0
1052379,2015-01-28,train,14,0
1052379,2015-01-28,train,15,0
1052379,2015-01-28,train,16,0
1052381,2015-01-28,train,1,0
1052381,2015-01-28,train,2,0
1052381,2015-01-28,train,3,1
1052381,2015-01-28,train,4,0
1052381,2015-01-28,train,5,0
1052381,2015-01-28,train,6,0
1052381,2015-01-28,train,7,0
1052381,2015-01-28,train,8,0
1052381,2015-01-28,train,9,0
1052381,2015-01-28,train,10,0
1052381,2015-01-28,train,11,0
1052381,2015-01-28,train,12,0
1052381,2015-01-28,train,13,0
1052381,2015-01-28,train,14,0
1052381,2015-01-28,train,15,0
1052381,2015-01-28,train,16,0
1052382,2015-01-28,train,1,0
1052382,2015-01-28,train,2,0
1052382,2015-01-28,train,3,1
1052382,2015-01-28,train,4,0
1052382,2015-01-28,train,5,0
1052382,2015-01-28,train,6,0
1052382,2015-01-28,train,7,0
1052382,2015-01-28,train,8,0
1052382,2015-01-28,train,9,0
1052382,2015-01-28,train,10,0
1052382,2015-01-28,train,11,0
1052382,2015-01-28,train,12,0
1052382,2015-01-28,train,13,0
1052382,2015-01-28,train,14,0
1052382,2015-01-28,train,15,0
1052382,2015-01-28,train,16,0
1052384,2015-01-28,train,1,0
1052384,2015-01-28,train,2,0
1052384,2015-01-28,train,3,1
1052384,2015-01-28,train,4,0
1052384,2015-01-28,train,5,0
1052384,2015-01-28,train,6,0
1052384,2015-01-28,train,7,0
1052384,2015-01-28,train,8,0
1052384,2015-01-28,train,9,0
1052384,2015-01-28,train,10,0
1052384,2015-01-28,train,11,0
1052384,2015-01-28,train,12,0
1052384,2015-01-28,train,13,0
1052384,2015-01-28,train,14,0
1052384,2015-01-28,train,15,0
1052384,2015-01-28,train,16,0
1052386,2015-01-28,train,1,0
1052386,2015-01-28,train,2,0
1052386,2015-01-28,train,3,1
1052386,2015-01-28,train,4,0
1052386,2015-01-28,train,5,0
1052386,2015-01-28,train,6,0
1052386,2015-01-28,train,7,0
1052386,2015-01-28,train,8,0
1052386,2015-01-28,train,9,0
1052386,2015-01-28,train,10,0
1052386,2015-01-28,train,11,0
1052386,2015-01-28,train,12,0
1052386,2015-01-28,train,13,0
1052386,2015-01-28,train,14,0
1052386,2015-01-28,train,15,0
1052386,2015-01-28,train,16,0
1052388,2015-01-28,train,1,0
1052388,2015-01-28,train,2,0
1052388,2015-01-28,train,3,1
1052388,2015-01-28,train,4,0
1052388,2015-01-28,train,5,0
1052388,2015-01-28,train,6,0
1052388,2015-01-28,train,7,0
1052388,2015-01-28,train,8,0
1052388,2015-01-28,train,9,0
1052388,2015-01-28,train,10,0
1052388,2015-01-28,train,11,0
1052388,2015-01-28,train,12,0
1052388,2015-01-28,train,13,0
1052388,2015-01-28,train,14,0
1052388,2015-01-28,train,15,0
1052388,2015-01-28,train,16,0
1052237,2015-01-28,train,1,0
1052237,2015-01-28,train,2,0
1052237,2015-01-28,train,3,1
1052237,2015-01-28,train,4,0
1052237,2015-01-28,train,5,0
1052237,2015-01-28,train,6,0
1052237,2015-01-28,train,7,0
1052237,2015-01-28,train,8,0
1052237,2015-01-28,train,9,0
1052237,2015-01-28,train,10,0
1052237,2015-01-28,train,11,0
1052237,2015-01-28,train,12,0
1052237,2015-01-28,train,13,0
1052237,2015-01-28,train,14,0
1052237,2015-01-28,train,15,0
1052237,2015-01-28,train,16,0
1052233,2015-01-28,train,1,0
1052233,2015-01-28,train,2,0
1052233,2015-01-28,train,3,1
1052233,2015-01-28,train,4,0
1052233,2015-01-28,train,5,0
1052233,2015-01-28,train,6,0
1052233,2015-01-28,train,7,0
1052233,2015-01-28,train,8,0
1052233,2015-01-28,train,9,0
1052233,2015-01-28,train,10,0
1052233,2015-01-28,train,11,0
1052233,2015-01-28,train,12,0
1052233,2015-01-28,train,13,0
1052233,2015-01-28,train,14,0
1052233,2015-01-28,train,15,0
1052233,2015-01-28,train,16,0
1052231,2015-01-28,train,1,0
1052231,2015-01-28,train,2,0
1052231,2015-01-28,train,3,1
1052231,2015-01-28,train,4,0
1052231,2015-01-28,train,5,0
1052231,2015-01-28,train,6,0
1052231,2015-01-28,train,7,0
1052231,2015-01-28,train,8,0
1052231,2015-01-28,train,9,0
1052231,2015-01-28,train,10,0
1052231,2015-01-28,train,11,0
1052231,2015-01-28,train,12,0
1052231,2015-01-28,train,13,0
1052231,2015-01-28,train,14,0
1052231,2015-01-28,train,15,0
1052231,2015-01-28,train,16,0
1052099,2015-01-28,train,1,0
1052099,2015-01-28,train,2,0
1052099,2015-01-28,train,3,1
1052099,2015-01-28,train,4,0
1052099,2015-01-28,train,5,0
1052099,2015-01-28,train,6,0
1052099,2015-01-28,train,7,0
1052099,2015-01-28,train,8,0
1052099,2015-01-28,train,9,0
1052099,2015-01-28,train,10,0
1052099,2015-01-28,train,11,0
1052099,2015-01-28,train,12,0
1052099,2015-01-28,train,13,0
1052099,2015-01-28,train,14,0
1052099,2015-01-28,train,15,0
1052099,2015-01-28,train,16,0
1052102,2015-01-28,train,1,0
1052102,2015-01-28,train,2,0
1052102,2015-01-28,train,3,0
1052102,2015-01-28,train,4,0
1052102,2015-01-28,train,5,1
1052102,2015-01-28,train,6,0
1052102,2015-01-28,train,7,0
1052102,2015-01-28,train,8,0
1052102,2015-01-28,train,9,0
1052102,2015-01-28,train,10,0
1052102,2015-01-28,train,11,0
1052102,2015-01-28,train,12,1
1052102,2015-01-28,train,13,0
1052102,2015-01-28,train,14,0
1052102,2015-01-28,train,15,0
1052102,2015-01-28,train,16,0
1052103,2015-01-28,train,1,0
1052103,2015-01-28,train,2,0
1052103,2015-01-28,train,3,1
1052103,2015-01-28,train,4,0
1052103,2015-01-28,train,5,0
1052103,2015-01-28,train,6,0
1052103,2015-01-28,train,7,0
1052103,2015-01-28,train,8,0
1052103,2015-01-28,train,9,0
1052103,2015-01-28,train,10,0
1052103,2015-01-28,train,11,0
1052103,2015-01-28,train,12,0
1052103,2015-01-28,train,13,0
1052103,2015-01-28,train,14,0
1052103,2015-01-28,train,15,0
1052103,2015-01-28,train,16,0
1052109,2015-01-28,train,1,0
1052109,2015-01-28,train,2,0
1052109,2015-01-28,train,3,1
1052109,2015-01-28,train,4,0
1052109,2015-01-28,train,5,0
1052109,2015-01-28,train,6,0
1052109,2015-01-28,train,7,0
1052109,2015-01-28,train,8,0
1052109,2015-01-28,train,9,0
1052109,2015-01-28,train,10,0
1052109,2015-01-28,train,11,0
1052109,2015-01-28,train,12,0
1052109,2015-01-28,train,13,0
1052109,2015-01-28,train,14,0
1052109,2015-01-28,train,15,0
1052109,2015-01-28,train,16,0
1052110,2015-01-28,train,1,0
1052110,2015-01-28,train,2,0
1052110,2015-01-28,train,3,1
1052110,2015-01-28,train,4,0
1052110,2015-01-28,train,5,0
1052110,2015-01-28,train,6,0
1052110,2015-01-28,train,7,0
1052110,2015-01-28,train,8,0
1052110,2015-01-28,train,9,0
1052110,2015-01-28,train,10,0
1052110,2015-01-28,train,11,0
1052110,2015-01-28,train,12,0
1052110,2015-01-28,train,13,0
1052110,2015-01-28,train,14,0
1052110,2015-01-28,train,15,0
1052110,2015-01-28,train,16,0
1052112,2015-01-28,train,1,0
1052112,2015-01-28,train,2,0
1052112,2015-01-28,train,3,0
1052112,2015-01-28,train,4,0
1052112,2015-01-28,train,5,0
1052112,2015-01-28,train,6,0
1052112,2015-01-28,train,7,0
1052112,2015-01-28,train,8,0
1052112,2015-01-28,train,9,0
1052112,2015-01-28,train,10,0
1052112,2015-01-28,train,11,0
1052112,2015-01-28,train,12,0
1052112,2015-01-28,train,13,1
1052112,2015-01-28,train,14,0
1052112,2015-01-28,train,15,0
1052112,2015-01-28,train,16,0
1052114,2015-01-28,train,1,0
1052114,2015-01-28,train,2,0
1052114,2015-01-28,train,3,1
1052114,2015-01-28,train,4,0
1052114,2015-01-28,train,5,0
1052114,2015-01-28,train,6,0
1052114,2015-01-28,train,7,0
1052114,2015-01-28,train,8,0
1052114,2015-01-28,train,9,0
1052114,2015-01-28,train,10,0
1052114,2015-01-28,train,11,0
1052114,2015-01-28,train,12,0
1052114,2015-01-28,train,13,1
1052114,2015-01-28,train,14,0
1052114,2015-01-28,train,15,0
1052114,2015-01-28,train,16,0
1052121,2015-01-28,train,1,0
1052121,2015-01-28,train,2,0
1052121,2015-01-28,train,3,0
1052121,2015-01-28,train,4,0
1052121,2015-01-28,train,5,0
1052121,2015-01-28,train,6,0
1052121,2015-01-28,train,7,0
1052121,2015-01-28,train,8,0
1052121,2015-01-28,train,9,0
1052121,2015-01-28,train,10,0
1052121,2015-01-28,train,11,0
1052121,2015-01-28,train,12,1
1052121,2015-01-28,train,13,1
1052121,2015-01-28,train,14,0
1052121,2015-01-28,train,15,0
1052121,2015-01-28,train,16,0
1052124,2015-01-28,train,1,0
1052124,2015-01-28,train,2,0
1052124,2015-01-28,train,3,1
1052124,2015-01-28,train,4,0
1052124,2015-01-28,train,5,0
1052124,2015-01-28,train,6,0
1052124,2015-01-28,train,7,0
1052124,2015-01-28,train,8,0
1052124,2015-01-28,train,9,0
1052124,2015-01-28,train,10,0
1052124,2015-01-28,train,11,0
1052124,2015-01-28,train,12,0
1052124,2015-01-28,train,13,0
1052124,2015-01-28,train,14,0
1052124,2015-01-28,train,15,0
1052124,2015-01-28,train,16,0
1052128,2015-01-28,train,1,0
1052128,2015-01-28,train,2,0
1052128,2015-01-28,train,3,1
1052128,2015-01-28,train,4,0
1052128,2015-01-28,train,5,0
1052128,2015-01-28,train,6,0
1052128,2015-01-28,train,7,0
1052128,2015-01-28,train,8,0
1052128,2015-01-28,train,9,0
1052128,2015-01-28,train,10,0
1052128,2015-01-28,train,11,0
1052128,2015-01-28,train,12,0
1052128,2015-01-28,train,13,0
1052128,2015-01-28,train,14,0
1052128,2015-01-28,train,15,0
1052128,2015-01-28,train,16,0
1052132,2015-01-28,train,1,0
1052132,2015-01-28,train,2,0
1052132,2015-01-28,train,3,1
1052132,2015-01-28,train,4,0
1052132,2015-01-28,train,5,0
1052132,2015-01-28,train,6,0
1052132,2015-01-28,train,7,0
1052132,2015-01-28,train,8,0
1052132,2015-01-28,train,9,0
1052132,2015-01-28,train,10,0
1052132,2015-01-28,train,11,0
1052132,2015-01-28,train,12,0
1052132,2015-01-28,train,13,0
1052132,2015-01-28,train,14,0
1052132,2015-01-28,train,15,0
1052132,2015-01-28,train,16,0
1052133,2015-01-28,train,1,0
1052133,2015-01-28,train,2,0
1052133,2015-01-28,train,3,0
1052133,2015-01-28,train,4,0
1052133,2015-01-28,train,5,0
1052133,2015-01-28,train,6,0
1052133,2015-01-28,train,7,0
1052133,2015-01-28,train,8,0
1052133,2015-01-28,train,9,0
1052133,2015-01-28,train,10,0
1052133,2015-01-28,train,11,0
1052133,2015-01-28,train,12,0
1052133,2015-01-28,train,13,1
1052133,2015-01-28,train,14,0
1052133,2015-01-28,train,15,0
1052133,2015-01-28,train,16,0
1052135,2015-01-28,train,1,0
1052135,2015-01-28,train,2,0
1052135,2015-01-28,train,3,1
1052135,2015-01-28,train,4,0
1052135,2015-01-28,train,5,0
1052135,2015-01-28,train,6,0
1052135,2015-01-28,train,7,0
1052135,2015-01-28,train,8,0
1052135,2015-01-28,train,9,0
1052135,2015-01-28,train,10,0
1052135,2015-01-28,train,11,0
1052135,2015-01-28,train,12,0
1052135,2015-01-28,train,13,0
1052135,2015-01-28,train,14,0
1052135,2015-01-28,train,15,0
1052135,2015-01-28,train,16,0
1052143,2015-01-28,train,1,0
1052143,2015-01-28,train,2,0
1052143,2015-01-28,train,3,1
1052143,2015-01-28,train,4,0
1052143,2015-01-28,train,5,0
1052143,2015-01-28,train,6,0
1052143,2015-01-28,train,7,0
1052143,2015-01-28,train,8,0
1052143,2015-01-28,train,9,0
1052143,2015-01-28,train,10,0
1052143,2015-01-28,train,11,0
1052143,2015-01-28,train,12,0
1052143,2015-01-28,train,13,1
1052143,2015-01-28,train,14,0
1052143,2015-01-28,train,15,0
1052143,2015-01-28,train,16,0
1052149,2015-01-28,train,1,0
1052149,2015-01-28,train,2,0
1052149,2015-01-28,train,3,0
1052149,2015-01-28,train,4,0
1052149,2015-01-28,train,5,0
1052149,2015-01-28,train,6,0
1052149,2015-01-28,train,7,0
1052149,2015-01-28,train,8,0
1052149,2015-01-28,train,9,0
1052149,2015-01-28,train,10,0
1052149,2015-01-28,train,11,0
1052149,2015-01-28,train,12,0
1052149,2015-01-28,train,13,1
1052149,2015-01-28,train,14,0
1052149,2015-01-28,train,15,0
1052149,2015-01-28,train,16,0
1052098,2015-01-28,train,1,0
1052098,2015-01-28,train,2,0
1052098,2015-01-28,train,3,1
1052098,2015-01-28,train,4,0
1052098,2015-01-28,train,5,0
1052098,2015-01-28,train,6,0
1052098,2015-01-28,train,7,0
1052098,2015-01-28,train,8,0
1052098,2015-01-28,train,9,0
1052098,2015-01-28,train,10,0
1052098,2015-01-28,train,11,0
1052098,2015-01-28,train,12,0
1052098,2015-01-28,train,13,0
1052098,2015-01-28,train,14,0
1052098,2015-01-28,train,15,0
1052098,2015-01-28,train,16,0
1052152,2015-01-28,train,1,0
1052152,2015-01-28,train,2,0
1052152,2015-01-28,train,3,1
1052152,2015-01-28,train,4,0
1052152,2015-01-28,train,5,0
1052152,2015-01-28,train,6,0
1052152,2015-01-28,train,7,0
1052152,2015-01-28,train,8,0
1052152,2015-01-28,train,9,0
1052152,2015-01-28,train,10,0
1052152,2015-01-28,train,11,0
1052152,2015-01-28,train,12,0
1052152,2015-01-28,train,13,0
1052152,2015-01-28,train,14,0
1052152,2015-01-28,train,15,0
1052152,2015-01-28,train,16,0
1052093,2015-01-28,train,1,0
1052093,2015-01-28,train,2,0
1052093,2015-01-28,train,3,1
1052093,2015-01-28,train,4,0
1052093,2015-01-28,train,5,0
1052093,2015-01-28,train,6,0
1052093,2015-01-28,train,7,0
1052093,2015-01-28,train,8,0
1052093,2015-01-28,train,9,0
1052093,2015-01-28,train,10,0
1052093,2015-01-28,train,11,0
1052093,2015-01-28,train,12,0
1052093,2015-01-28,train,13,0
1052093,2015-01-28,train,14,0
1052093,2015-01-28,train,15,0
1052093,2015-01-28,train,16,0
1052090,2015-01-28,train,1,0
1052090,2015-01-28,train,2,0
1052090,2015-01-28,train,3,1
1052090,2015-01-28,train,4,0
1052090,2015-01-28,train,5,0
1052090,2015-01-28,train,6,0
1052090,2015-01-28,train,7,0
1052090,2015-01-28,train,8,0
1052090,2015-01-28,train,9,0
1052090,2015-01-28,train,10,0
1052090,2015-01-28,train,11,0
1052090,2015-01-28,train,12,0
1052090,2015-01-28,train,13,0
1052090,2015-01-28,train,14,0
1052090,2015-01-28,train,15,0
1052090,2015-01-28,train,16,0
1052027,2015-01-28,train,1,0
1052027,2015-01-28,train,2,0
1052027,2015-01-28,train,3,1
1052027,2015-01-28,train,4,0
1052027,2015-01-28,train,5,0
1052027,2015-01-28,train,6,0
1052027,2015-01-28,train,7,0
1052027,2015-01-28,train,8,0
1052027,2015-01-28,train,9,0
1052027,2015-01-28,train,10,0
1052027,2015-01-28,train,11,0
1052027,2015-01-28,train,12,0
1052027,2015-01-28,train,13,0
1052027,2015-01-28,train,14,0
1052027,2015-01-28,train,15,0
1052027,2015-01-28,train,16,0
1052031,2015-01-28,train,1,0
1052031,2015-01-28,train,2,0
1052031,2015-01-28,train,3,1
1052031,2015-01-28,train,4,0
1052031,2015-01-28,train,5,0
1052031,2015-01-28,train,6,0
1052031,2015-01-28,train,7,0
1052031,2015-01-28,train,8,0
1052031,2015-01-28,train,9,0
1052031,2015-01-28,train,10,0
1052031,2015-01-28,train,11,0
1052031,2015-01-28,train,12,0
1052031,2015-01-28,train,13,0
1052031,2015-01-28,train,14,0
1052031,2015-01-28,train,15,0
1052031,2015-01-28,train,16,0
1052032,2015-01-28,train,1,0
1052032,2015-01-28,train,2,0
1052032,2015-01-28,train,3,1
1052032,2015-01-28,train,4,0
1052032,2015-01-28,train,5,0
1052032,2015-01-28,train,6,0
1052032,2015-01-28,train,7,0
1052032,2015-01-28,train,8,0
1052032,2015-01-28,train,9,0
1052032,2015-01-28,train,10,0
1052032,2015-01-28,train,11,0
1052032,2015-01-28,train,12,0
1052032,2015-01-28,train,13,0
1052032,2015-01-28,train,14,0
1052032,2015-01-28,train,15,0
1052032,2015-01-28,train,16,0
1052036,2015-01-28,train,1,0
1052036,2015-01-28,train,2,0
1052036,2015-01-28,train,3,1
1052036,2015-01-28,train,4,0
1052036,2015-01-28,train,5,0
1052036,2015-01-28,train,6,0
1052036,2015-01-28,train,7,0
1052036,2015-01-28,train,8,0
1052036,2015-01-28,train,9,0
1052036,2015-01-28,train,10,0
1052036,2015-01-28,train,11,0
1052036,2015-01-28,train,12,0
1052036,2015-01-28,train,13,0
1052036,2015-01-28,train,14,0
1052036,2015-01-28,train,15,0
1052036,2015-01-28,train,16,0
1052040,2015-01-28,train,1,0
1052040,2015-01-28,train,2,0
1052040,2015-01-28,train,3,1
1052040,2015-01-28,train,4,0
1052040,2015-01-28,train,5,0
1052040,2015-01-28,train,6,0
1052040,2015-01-28,train,7,0
1052040,2015-01-28,train,8,0
1052040,2015-01-28,train,9,0
1052040,2015-01-28,train,10,0
1052040,2015-01-28,train,11,0
1052040,2015-01-28,train,12,0
1052040,2015-01-28,train,13,0
1052040,2015-01-28,train,14,0
1052040,2015-01-28,train,15,0
1052040,2015-01-28,train,16,0
1052042,2015-01-28,train,1,0
1052042,2015-01-28,train,2,0
1052042,2015-01-28,train,3,1
1052042,2015-01-28,train,4,0
1052042,2015-01-28,train,5,0
1052042,2015-01-28,train,6,0
1052042,2015-01-28,train,7,0
1052042,2015-01-28,train,8,0
1052042,2015-01-28,train,9,0
1052042,2015-01-28,train,10,0
1052042,2015-01-28,train,11,0
1052042,2015-01-28,train,12,0
1052042,2015-01-28,train,13,0
1052042,2015-01-28,train,14,0
1052042,2015-01-28,train,15,0
1052042,2015-01-28,train,16,0
1052044,2015-01-28,train,1,0
1052044,2015-01-28,train,2,0
1052044,2015-01-28,train,3,1
1052044,2015-01-28,train,4,0
1052044,2015-01-28,train,5,0
1052044,2015-01-28,train,6,0
1052044,2015-01-28,train,7,0
1052044,2015-01-28,train,8,0
1052044,2015-01-28,train,9,0
1052044,2015-01-28,train,10,0
1052044,2015-01-28,train,11,0
1052044,2015-01-28,train,12,0
1052044,2015-01-28,train,13,0
1052044,2015-01-28,train,14,0
1052044,2015-01-28,train,15,0
1052044,2015-01-28,train,16,0
1052048,2015-01-28,train,1,0
1052048,2015-01-28,train,2,0
1052048,2015-01-28,train,3,1
1052048,2015-01-28,train,4,0
1052048,2015-01-28,train,5,0
1052048,2015-01-28,train,6,0
1052048,2015-01-28,train,7,0
1052048,2015-01-28,train,8,0
1052048,2015-01-28,train,9,0
1052048,2015-01-28,train,10,0
1052048,2015-01-28,train,11,0
1052048,2015-01-28,train,12,0
1052048,2015-01-28,train,13,0
1052048,2015-01-28,train,14,0
1052048,2015-01-28,train,15,0
1052048,2015-01-28,train,16,0
1052052,2015-01-28,train,1,0
1052052,2015-01-28,train,2,0
1052052,2015-01-28,train,3,1
1052052,2015-01-28,train,4,0
1052052,2015-01-28,train,5,0
1052052,2015-01-28,train,6,0
1052052,2015-01-28,train,7,0
1052052,2015-01-28,train,8,0
1052052,2015-01-28,train,9,0
1052052,2015-01-28,train,10,0
1052052,2015-01-28,train,11,0
1052052,2015-01-28,train,12,0
1052052,2015-01-28,train,13,0
1052052,2015-01-28,train,14,0
1052052,2015-01-28,train,15,0
1052052,2015-01-28,train,16,0
1052068,2015-01-28,train,1,0
1052068,2015-01-28,train,2,0
1052068,2015-01-28,train,3,1
1052068,2015-01-28,train,4,0
1052068,2015-01-28,train,5,0
1052068,2015-01-28,train,6,0
1052068,2015-01-28,train,7,0
1052068,2015-01-28,train,8,0
1052068,2015-01-28,train,9,0
1052068,2015-01-28,train,10,0
1052068,2015-01-28,train,11,0
1052068,2015-01-28,train,12,0
1052068,2015-01-28,train,13,0
1052068,2015-01-28,train,14,0
1052068,2015-01-28,train,15,0
1052068,2015-01-28,train,16,0
1052070,2015-01-28,train,1,0
1052070,2015-01-28,train,2,0
1052070,2015-01-28,train,3,1
1052070,2015-01-28,train,4,0
1052070,2015-01-28,train,5,0
1052070,2015-01-28,train,6,0
1052070,2015-01-28,train,7,0
1052070,2015-01-28,train,8,0
1052070,2015-01-28,train,9,0
1052070,2015-01-28,train,10,0
1052070,2015-01-28,train,11,0
1052070,2015-01-28,train,12,0
1052070,2015-01-28,train,13,0
1052070,2015-01-28,train,14,0
1052070,2015-01-28,train,15,0
1052070,2015-01-28,train,16,0
1052071,2015-01-28,train,1,0
1052071,2015-01-28,train,2,0
1052071,2015-01-28,train,3,1
1052071,2015-01-28,train,4,0
1052071,2015-01-28,train,5,0
1052071,2015-01-28,train,6,0
1052071,2015-01-28,train,7,0
1052071,2015-01-28,train,8,0
1052071,2015-01-28,train,9,0
1052071,2015-01-28,train,10,0
1052071,2015-01-28,train,11,0
1052071,2015-01-28,train,12,0
1052071,2015-01-28,train,13,0
1052071,2015-01-28,train,14,0
1052071,2015-01-28,train,15,0
1052071,2015-01-28,train,16,0
1052075,2015-01-28,train,1,0
1052075,2015-01-28,train,2,0
1052075,2015-01-28,train,3,1
1052075,2015-01-28,train,4,0
1052075,2015-01-28,train,5,0
1052075,2015-01-28,train,6,0
1052075,2015-01-28,train,7,0
1052075,2015-01-28,train,8,0
1052075,2015-01-28,train,9,0
1052075,2015-01-28,train,10,0
1052075,2015-01-28,train,11,0
1052075,2015-01-28,train,12,0
1052075,2015-01-28,train,13,0
1052075,2015-01-28,train,14,0
1052075,2015-01-28,train,15,0
1052075,2015-01-28,train,16,0
1052083,2015-01-28,train,1,0
1052083,2015-01-28,train,2,0
1052083,2015-01-28,train,3,1
1052083,2015-01-28,train,4,0
1052083,2015-01-28,train,5,0
1052083,2015-01-28,train,6,0
1052083,2015-01-28,train,7,0
1052083,2015-01-28,train,8,0
1052083,2015-01-28,train,9,0
1052083,2015-01-28,train,10,0
1052083,2015-01-28,train,11,0
1052083,2015-01-28,train,12,0
1052083,2015-01-28,train,13,0
1052083,2015-01-28,train,14,0
1052083,2015-01-28,train,15,0
1052083,2015-01-28,train,16,0
1052084,2015-01-28,train,1,0
1052084,2015-01-28,train,2,0
1052084,2015-01-28,train,3,0
1052084,2015-01-28,train,4,0
1052084,2015-01-28,train,5,1
1052084,2015-01-28,train,6,0
1052084,2015-01-28,train,7,0
1052084,2015-01-28,train,8,0
1052084,2015-01-28,train,9,0
1052084,2015-01-28,train,10,0
1052084,2015-01-28,train,11,0
1052084,2015-01-28,train,12,0
1052084,2015-01-28,train,13,1
1052084,2015-01-28,train,14,0
1052084,2015-01-28,train,15,0
1052084,2015-01-28,train,16,0
1052091,2015-01-28,train,1,0
1052091,2015-01-28,train,2,0
1052091,2015-01-28,train,3,1
1052091,2015-01-28,train,4,0
1052091,2015-01-28,train,5,0
1052091,2015-01-28,train,6,0
1052091,2015-01-28,train,7,0
1052091,2015-01-28,train,8,0
1052091,2015-01-28,train,9,0
1052091,2015-01-28,train,10,0
1052091,2015-01-28,train,11,0
1052091,2015-01-28,train,12,0
1052091,2015-01-28,train,13,0
1052091,2015-01-28,train,14,0
1052091,2015-01-28,train,15,0
1052091,2015-01-28,train,16,0
1052153,2015-01-28,train,1,0
1052153,2015-01-28,train,2,0
1052153,2015-01-28,train,3,0
1052153,2015-01-28,train,4,0
1052153,2015-01-28,train,5,0
1052153,2015-01-28,train,6,0
1052153,2015-01-28,train,7,0
1052153,2015-01-28,train,8,0
1052153,2015-01-28,train,9,0
1052153,2015-01-28,train,10,0
1052153,2015-01-28,train,11,0
1052153,2015-01-28,train,12,0
1052153,2015-01-28,train,13,1
1052153,2015-01-28,train,14,0
1052153,2015-01-28,train,15,0
1052153,2015-01-28,train,16,0
1052154,2015-01-28,train,1,0
1052154,2015-01-28,train,2,0
1052154,2015-01-28,train,3,1
1052154,2015-01-28,train,4,0
1052154,2015-01-28,train,5,0
1052154,2015-01-28,train,6,0
1052154,2015-01-28,train,7,0
1052154,2015-01-28,train,8,0
1052154,2015-01-28,train,9,0
1052154,2015-01-28,train,10,0
1052154,2015-01-28,train,11,0
1052154,2015-01-28,train,12,0
1052154,2015-01-28,train,13,0
1052154,2015-01-28,train,14,0
1052154,2015-01-28,train,15,0
1052154,2015-01-28,train,16,0
1052155,2015-01-28,train,1,0
1052155,2015-01-28,train,2,0
1052155,2015-01-28,train,3,1
1052155,2015-01-28,train,4,0
1052155,2015-01-28,train,5,0
1052155,2015-01-28,train,6,0
1052155,2015-01-28,train,7,0
1052155,2015-01-28,train,8,0
1052155,2015-01-28,train,9,0
1052155,2015-01-28,train,10,0
1052155,2015-01-28,train,11,0
1052155,2015-01-28,train,12,0
1052155,2015-01-28,train,13,0
1052155,2015-01-28,train,14,0
1052155,2015-01-28,train,15,0
1052155,2015-01-28,train,16,0
1052197,2015-01-28,train,1,0
1052197,2015-01-28,train,2,0
1052197,2015-01-28,train,3,1
1052197,2015-01-28,train,4,0
1052197,2015-01-28,train,5,0
1052197,2015-01-28,train,6,0
1052197,2015-01-28,train,7,0
1052197,2015-01-28,train,8,0
1052197,2015-01-28,train,9,0
1052197,2015-01-28,train,10,0
1052197,2015-01-28,train,11,0
1052197,2015-01-28,train,12,0
1052197,2015-01-28,train,13,1
1052197,2015-01-28,train,14,0
1052197,2015-01-28,train,15,0
1052197,2015-01-28,train,16,0
1052200,2015-01-28,train,1,0
1052200,2015-01-28,train,2,0
1052200,2015-01-28,train,3,1
1052200,2015-01-28,train,4,0
1052200,2015-01-28,train,5,0
1052200,2015-01-28,train,6,0
1052200,2015-01-28,train,7,0
1052200,2015-01-28,train,8,0
1052200,2015-01-28,train,9,0
1052200,2015-01-28,train,10,0
1052200,2015-01-28,train,11,0
1052200,2015-01-28,train,12,0
1052200,2015-01-28,train,13,1
1052200,2015-01-28,train,14,0
1052200,2015-01-28,train,15,0
1052200,2015-01-28,train,16,0
1052203,2015-01-28,train,1,0
1052203,2015-01-28,train,2,0
1052203,2015-01-28,train,3,1
1052203,2015-01-28,train,4,0
1052203,2015-01-28,train,5,0
1052203,2015-01-28,train,6,0
1052203,2015-01-28,train,7,0
1052203,2015-01-28,train,8,0
1052203,2015-01-28,train,9,0
1052203,2015-01-28,train,10,0
1052203,2015-01-28,train,11,0
1052203,2015-01-28,train,12,0
1052203,2015-01-28,train,13,1
1052203,2015-01-28,train,14,0
1052203,2015-01-28,train,15,0
1052203,2015-01-28,train,16,0
1052207,2015-01-28,train,1,0
1052207,2015-01-28,train,2,0
1052207,2015-01-28,train,3,1
1052207,2015-01-28,train,4,0
1052207,2015-01-28,train,5,0
1052207,2015-01-28,train,6,0
1052207,2015-01-28,train,7,0
1052207,2015-01-28,train,8,0
1052207,2015-01-28,train,9,0
1052207,2015-01-28,train,10,0
1052207,2015-01-28,train,11,0
1052207,2015-01-28,train,12,0
1052207,2015-01-28,train,13,1
1052207,2015-01-28,train,14,0
1052207,2015-01-28,train,15,0
1052207,2015-01-28,train,16,0
1052208,2015-01-28,train,1,0
1052208,2015-01-28,train,2,0
1052208,2015-01-28,train,3,0
1052208,2015-01-28,train,4,0
1052208,2015-01-28,train,5,0
1052208,2015-01-28,train,6,0
1052208,2015-01-28,train,7,0
1052208,2015-01-28,train,8,0
1052208,2015-01-28,train,9,0
1052208,2015-01-28,train,10,0
1052208,2015-01-28,train,11,0
1052208,2015-01-28,train,12,0
1052208,2015-01-28,train,13,1
1052208,2015-01-28,train,14,0
1052208,2015-01-28,train,15,0
1052208,2015-01-28,train,16,0
1052212,2015-01-28,train,1,0
1052212,2015-01-28,train,2,0
1052212,2015-01-28,train,3,0
1052212,2015-01-28,train,4,0
1052212,2015-01-28,train,5,1
1052212,2015-01-28,train,6,0
1052212,2015-01-28,train,7,0
1052212,2015-01-28,train,8,0
1052212,2015-01-28,train,9,0
1052212,2015-01-28,train,10,0
1052212,2015-01-28,train,11,0
1052212,2015-01-28,train,12,0
1052212,2015-01-28,train,13,1
1052212,2015-01-28,train,14,0
1052212,2015-01-28,train,15,0
1052212,2015-01-28,train,16,0
1052213,2015-01-28,train,1,0
1052213,2015-01-28,train,2,0
1052213,2015-01-28,train,3,1
1052213,2015-01-28,train,4,0
1052213,2015-01-28,train,5,0
1052213,2015-01-28,train,6,0
1052213,2015-01-28,train,7,0
1052213,2015-01-28,train,8,0
1052213,2015-01-28,train,9,0
1052213,2015-01-28,train,10,0
1052213,2015-01-28,train,11,0
1052213,2015-01-28,train,12,0
1052213,2015-01-28,train,13,0
1052213,2015-01-28,train,14,0
1052213,2015-01-28,train,15,0
1052213,2015-01-28,train,16,0
1052216,2015-01-28,train,1,0
1052216,2015-01-28,train,2,0
1052216,2015-01-28,train,3,0
1052216,2015-01-28,train,4,0
1052216,2015-01-28,train,5,0
1052216,2015-01-28,train,6,0
1052216,2015-01-28,train,7,0
1052216,2015-01-28,train,8,0
1052216,2015-01-28,train,9,0
1052216,2015-01-28,train,10,0
1052216,2015-01-28,train,11,0
1052216,2015-01-28,train,12,0
1052216,2015-01-28,train,13,0
1052216,2015-01-28,train,14,0
1052216,2015-01-28,train,15,0
1052216,2015-01-28,train,16,0
1052217,2015-01-28,train,1,0
1052217,2015-01-28,train,2,0
1052217,2015-01-28,train,3,1
1052217,2015-01-28,train,4,0
1052217,2015-01-28,train,5,0
1052217,2015-01-28,train,6,0
1052217,2015-01-28,train,7,0
1052217,2015-01-28,train,8,0
1052217,2015-01-28,train,9,0
1052217,2015-01-28,train,10,0
1052217,2015-01-28,train,11,0
1052217,2015-01-28,train,12,0
1052217,2015-01-28,train,13,0
1052217,2015-01-28,train,14,0
1052217,2015-01-28,train,15,0
1052217,2015-01-28,train,16,0
1052218,2015-01-28,train,1,0
1052218,2015-01-28,train,2,0
1052218,2015-01-28,train,3,1
1052218,2015-01-28,train,4,0
1052218,2015-01-28,train,5,0
1052218,2015-01-28,train,6,0
1052218,2015-01-28,train,7,0
1052218,2015-01-28,train,8,0
1052218,2015-01-28,train,9,0
1052218,2015-01-28,train,10,0
1052218,2015-01-28,train,11,0
1052218,2015-01-28,train,12,0
1052218,2015-01-28,train,13,1
1052218,2015-01-28,train,14,0
1052218,2015-01-28,train,15,0
1052218,2015-01-28,train,16,0
1052219,2015-01-28,train,1,0
1052219,2015-01-28,train,2,0
1052219,2015-01-28,train,3,1
1052219,2015-01-28,train,4,0
1052219,2015-01-28,train,5,0
1052219,2015-01-28,train,6,0
1052219,2015-01-28,train,7,0
1052219,2015-01-28,train,8,0
1052219,2015-01-28,train,9,0
1052219,2015-01-28,train,10,0
1052219,2015-01-28,train,11,0
1052219,2015-01-28,train,12,1
1052219,2015-01-28,train,13,1
1052219,2015-01-28,train,14,0
1052219,2015-01-28,train,15,0
1052219,2015-01-28,train,16,0
1052224,2015-01-28,train,1,0
1052224,2015-01-28,train,2,0
1052224,2015-01-28,train,3,1
1052224,2015-01-28,train,4,0
1052224,2015-01-28,train,5,0
1052224,2015-01-28,train,6,0
1052224,2015-01-28,train,7,0
1052224,2015-01-28,train,8,0
1052224,2015-01-28,train,9,0
1052224,2015-01-28,train,10,0
1052224,2015-01-28,train,11,0
1052224,2015-01-28,train,12,0
1052224,2015-01-28,train,13,0
1052224,2015-01-28,train,14,0
1052224,2015-01-28,train,15,0
1052224,2015-01-28,train,16,0
1052225,2015-01-28,train,1,0
1052225,2015-01-28,train,2,0
1052225,2015-01-28,train,3,1
1052225,2015-01-28,train,4,0
1052225,2015-01-28,train,5,0
1052225,2015-01-28,train,6,0
1052225,2015-01-28,train,7,0
1052225,2015-01-28,train,8,0
1052225,2015-01-28,train,9,0
1052225,2015-01-28,train,10,0
1052225,2015-01-28,train,11,0
1052225,2015-01-28,train,12,0
1052225,2015-01-28,train,13,0
1052225,2015-01-28,train,14,0
1052225,2015-01-28,train,15,0
1052225,2015-01-28,train,16,0
1052226,2015-01-28,train,1,0
1052226,2015-01-28,train,2,0
1052226,2015-01-28,train,3,0
1052226,2015-01-28,train,4,0
1052226,2015-01-28,train,5,1
1052226,2015-01-28,train,6,0
1052226,2015-01-28,train,7,0
1052226,2015-01-28,train,8,0
1052226,2015-01-28,train,9,0
1052226,2015-01-28,train,10,0
1052226,2015-01-28,train,11,0
1052226,2015-01-28,train,12,0
1052226,2015-01-28,train,13,0
1052226,2015-01-28,train,14,0
1052226,2015-01-28,train,15,0
1052226,2015-01-28,train,16,0
1052229,2015-01-28,train,1,0
1052229,2015-01-28,train,2,0
1052229,2015-01-28,train,3,1
1052229,2015-01-28,train,4,0
1052229,2015-01-28,train,5,0
1052229,2015-01-28,train,6,0
1052229,2015-01-28,train,7,0
1052229,2015-01-28,train,8,0
1052229,2015-01-28,train,9,0
1052229,2015-01-28,train,10,0
1052229,2015-01-28,train,11,0
1052229,2015-01-28,train,12,0
1052229,2015-01-28,train,13,0
1052229,2015-01-28,train,14,0
1052229,2015-01-28,train,15,0
1052229,2015-01-28,train,16,0
1052195,2015-01-28,train,1,0
1052195,2015-01-28,train,2,0
1052195,2015-01-28,train,3,1
1052195,2015-01-28,train,4,0
1052195,2015-01-28,train,5,0
1052195,2015-01-28,train,6,0
1052195,2015-01-28,train,7,0
1052195,2015-01-28,train,8,0
1052195,2015-01-28,train,9,0
1052195,2015-01-28,train,10,0
1052195,2015-01-28,train,11,0
1052195,2015-01-28,train,12,0
1052195,2015-01-28,train,13,0
1052195,2015-01-28,train,14,0
1052195,2015-01-28,train,15,0
1052195,2015-01-28,train,16,0
1052194,2015-01-28,train,1,0
1052194,2015-01-28,train,2,0
1052194,2015-01-28,train,3,1
1052194,2015-01-28,train,4,0
1052194,2015-01-28,train,5,0
1052194,2015-01-28,train,6,0
1052194,2015-01-28,train,7,0
1052194,2015-01-28,train,8,0
1052194,2015-01-28,train,9,0
1052194,2015-01-28,train,10,0
1052194,2015-01-28,train,11,0
1052194,2015-01-28,train,12,0
1052194,2015-01-28,train,13,0
1052194,2015-01-28,train,14,0
1052194,2015-01-28,train,15,0
1052194,2015-01-28,train,16,0
1052189,2015-01-28,train,1,0
1052189,2015-01-28,train,2,0
1052189,2015-01-28,train,3,1
1052189,2015-01-28,train,4,0
1052189,2015-01-28,train,5,0
1052189,2015-01-28,train,6,0
1052189,2015-01-28,train,7,0
1052189,2015-01-28,train,8,0
1052189,2015-01-28,train,9,0
1052189,2015-01-28,train,10,0
1052189,2015-01-28,train,11,0
1052189,2015-01-28,train,12,0
1052189,2015-01-28,train,13,1
1052189,2015-01-28,train,14,0
1052189,2015-01-28,train,15,0
1052189,2015-01-28,train,16,0
1052187,2015-01-28,train,1,0
1052187,2015-01-28,train,2,0
1052187,2015-01-28,train,3,1
1052187,2015-01-28,train,4,0
1052187,2015-01-28,train,5,0
1052187,2015-01-28,train,6,0
1052187,2015-01-28,train,7,0
1052187,2015-01-28,train,8,0
1052187,2015-01-28,train,9,0
1052187,2015-01-28,train,10,0
1052187,2015-01-28,train,11,0
1052187,2015-01-28,train,12,0
1052187,2015-01-28,train,13,0
1052187,2015-01-28,train,14,0
1052187,2015-01-28,train,15,0
1052187,2015-01-28,train,16,0
1052158,2015-01-28,train,1,0
1052158,2015-01-28,train,2,0
1052158,2015-01-28,train,3,1
1052158,2015-01-28,train,4,0
1052158,2015-01-28,train,5,1
1052158,2015-01-28,train,6,0
1052158,2015-01-28,train,7,0
1052158,2015-01-28,train,8,0
1052158,2015-01-28,train,9,0
1052158,2015-01-28,train,10,0
1052158,2015-01-28,train,11,0
1052158,2015-01-28,train,12,0
1052158,2015-01-28,train,13,1
1052158,2015-01-28,train,14,0
1052158,2015-01-28,train,15,0
1052158,2015-01-28,train,16,0
1052162,2015-01-28,train,1,0
1052162,2015-01-28,train,2,0
1052162,2015-01-28,train,3,1
1052162,2015-01-28,train,4,0
1052162,2015-01-28,train,5,0
1052162,2015-01-28,train,6,0
1052162,2015-01-28,train,7,0
1052162,2015-01-28,train,8,0
1052162,2015-01-28,train,9,0
1052162,2015-01-28,train,10,0
1052162,2015-01-28,train,11,0
1052162,2015-01-28,train,12,0
1052162,2015-01-28,train,13,0
1052162,2015-01-28,train,14,0
1052162,2015-01-28,train,15,0
1052162,2015-01-28,train,16,0
1052166,2015-01-28,train,1,0
1052166,2015-01-28,train,2,0
1052166,2015-01-28,train,3,1
1052166,2015-01-28,train,4,0
1052166,2015-01-28,train,5,0
1052166,2015-01-28,train,6,0
1052166,2015-01-28,train,7,0
1052166,2015-01-28,train,8,0
1052166,2015-01-28,train,9,0
1052166,2015-01-28,train,10,0
1052166,2015-01-28,train,11,0
1052166,2015-01-28,train,12,0
1052166,2015-01-28,train,13,1
1052166,2015-01-28,train,14,0
1052166,2015-01-28,train,15,0
1052166,2015-01-28,train,16,0
1052168,2015-01-28,train,1,0
1052168,2015-01-28,train,2,0
1052168,2015-01-28,train,3,0
1052168,2015-01-28,train,4,0
1052168,2015-01-28,train,5,1
1052168,2015-01-28,train,6,0
1052168,2015-01-28,train,7,0
1052168,2015-01-28,train,8,0
1052168,2015-01-28,train,9,0
1052168,2015-01-28,train,10,0
1052168,2015-01-28,train,11,0
1052168,2015-01-28,train,12,0
1052168,2015-01-28,train,13,0
1052168,2015-01-28,train,14,0
1052168,2015-01-28,train,15,0
1052168,2015-01-28,train,16,0
1052170,2015-01-28,train,1,0
1052170,2015-01-28,train,2,0
1052170,2015-01-28,train,3,0
1052170,2015-01-28,train,4,0
1052170,2015-01-28,train,5,0
1052170,2015-01-28,train,6,0
1052170,2015-01-28,train,7,0
1052170,2015-01-28,train,8,0
1052170,2015-01-28,train,9,0
1052170,2015-01-28,train,10,0
1052170,2015-01-28,train,11,0
1052170,2015-01-28,train,12,0
1052170,2015-01-28,train,13,0
1052170,2015-01-28,train,14,0
1052170,2015-01-28,train,15,0
1052170,2015-01-28,train,16,0
1052171,2015-01-28,train,1,0
1052171,2015-01-28,train,2,0
1052171,2015-01-28,train,3,0
1052171,2015-01-28,train,4,0
1052171,2015-01-28,train,5,0
1052171,2015-01-28,train,6,0
1052171,2015-01-28,train,7,0
1052171,2015-01-28,train,8,0
1052171,2015-01-28,train,9,0
1052171,2015-01-28,train,10,0
1052171,2015-01-28,train,11,0
1052171,2015-01-28,train,12,0
1052171,2015-01-28,train,13,1
1052171,2015-01-28,train,14,0
1052171,2015-01-28,train,15,0
1052171,2015-01-28,train,16,0
1052173,2015-01-28,train,1,0
1052173,2015-01-28,train,2,0
1052173,2015-01-28,train,3,1
1052173,2015-01-28,train,4,0
1052173,2015-01-28,train,5,0
1052173,2015-01-28,train,6,0
1052173,2015-01-28,train,7,0
1052173,2015-01-28,train,8,0
1052173,2015-01-28,train,9,0
1052173,2015-01-28,train,10,0
1052173,2015-01-28,train,11,0
1052173,2015-01-28,train,12,0
1052173,2015-01-28,train,13,0
1052173,2015-01-28,train,14,0
1052173,2015-01-28,train,15,0
1052173,2015-01-28,train,16,0
1051665,2015-01-28,train,1,0
1051665,2015-01-28,train,2,0
1051665,2015-01-28,train,3,1
1051665,2015-01-28,train,4,0
1051665,2015-01-28,train,5,0
1051665,2015-01-28,train,6,0
1051665,2015-01-28,train,7,0
1051665,2015-01-28,train,8,0
1051665,2015-01-28,train,9,0
1051665,2015-01-28,train,10,0
1051665,2015-01-28,train,11,0
1051665,2015-01-28,train,12,0
1051665,2015-01-28,train,13,0
1051665,2015-01-28,train,14,0
1051665,2015-01-28,train,15,0
1051665,2015-01-28,train,16,0
1052174,2015-01-28,train,1,0
1052174,2015-01-28,train,2,0
1052174,2015-01-28,train,3,1
1052174,2015-01-28,train,4,0
1052174,2015-01-28,train,5,0
1052174,2015-01-28,train,6,0
1052174,2015-01-28,train,7,0
1052174,2015-01-28,train,8,0
1052174,2015-01-28,train,9,0
1052174,2015-01-28,train,10,0
1052174,2015-01-28,train,11,0
1052174,2015-01-28,train,12,0
1052174,2015-01-28,train,13,0
1052174,2015-01-28,train,14,0
1052174,2015-01-28,train,15,0
1052174,2015-01-28,train,16,0
1052177,2015-01-28,train,1,0
1052177,2015-01-28,train,2,0
1052177,2015-01-28,train,3,1
1052177,2015-01-28,train,4,0
1052177,2015-01-28,train,5,0
1052177,2015-01-28,train,6,0
1052177,2015-01-28,train,7,0
1052177,2015-01-28,train,8,0
1052177,2015-01-28,train,9,0
1052177,2015-01-28,train,10,0
1052177,2015-01-28,train,11,0
1052177,2015-01-28,train,12,0
1052177,2015-01-28,train,13,1
1052177,2015-01-28,train,14,0
1052177,2015-01-28,train,15,0
1052177,2015-01-28,train,16,0
1052178,2015-01-28,train,1,0
1052178,2015-01-28,train,2,0
1052178,2015-01-28,train,3,1
1052178,2015-01-28,train,4,0
1052178,2015-01-28,train,5,0
1052178,2015-01-28,train,6,0
1052178,2015-01-28,train,7,0
1052178,2015-01-28,train,8,0
1052178,2015-01-28,train,9,0
1052178,2015-01-28,train,10,0
1052178,2015-01-28,train,11,0
1052178,2015-01-28,train,12,0
1052178,2015-01-28,train,13,1
1052178,2015-01-28,train,14,1
1052178,2015-01-28,train,15,0
1052178,2015-01-28,train,16,0
1052180,2015-01-28,train,1,0
1052180,2015-01-28,train,2,0
1052180,2015-01-28,train,3,1
1052180,2015-01-28,train,4,0
1052180,2015-01-28,train,5,0
1052180,2015-01-28,train,6,0
1052180,2015-01-28,train,7,0
1052180,2015-01-28,train,8,0
1052180,2015-01-28,train,9,0
1052180,2015-01-28,train,10,0
1052180,2015-01-28,train,11,0
1052180,2015-01-28,train,12,0
1052180,2015-01-28,train,13,0
1052180,2015-01-28,train,14,0
1052180,2015-01-28,train,15,0
1052180,2015-01-28,train,16,0
1052182,2015-01-28,train,1,0
1052182,2015-01-28,train,2,0
1052182,2015-01-28,train,3,1
1052182,2015-01-28,train,4,0
1052182,2015-01-28,train,5,0
1052182,2015-01-28,train,6,0
1052182,2015-01-28,train,7,0
1052182,2015-01-28,train,8,0
1052182,2015-01-28,train,9,0
1052182,2015-01-28,train,10,0
1052182,2015-01-28,train,11,0
1052182,2015-01-28,train,12,0
1052182,2015-01-28,train,13,0
1052182,2015-01-28,train,14,0
1052182,2015-01-28,train,15,0
1052182,2015-01-28,train,16,0
1052184,2015-01-28,train,1,0
1052184,2015-01-28,train,2,0
1052184,2015-01-28,train,3,1
1052184,2015-01-28,train,4,0
1052184,2015-01-28,train,5,0
1052184,2015-01-28,train,6,0
1052184,2015-01-28,train,7,0
1052184,2015-01-28,train,8,0
1052184,2015-01-28,train,9,0
1052184,2015-01-28,train,10,0
1052184,2015-01-28,train,11,0
1052184,2015-01-28,train,12,0
1052184,2015-01-28,train,13,0
1052184,2015-01-28,train,14,0
1052184,2015-01-28,train,15,0
1052184,2015-01-28,train,16,0
1052185,2015-01-28,train,1,0
1052185,2015-01-28,train,2,0
1052185,2015-01-28,train,3,0
1052185,2015-01-28,train,4,0
1052185,2015-01-28,train,5,1
1052185,2015-01-28,train,6,0
1052185,2015-01-28,train,7,0
1052185,2015-01-28,train,8,0
1052185,2015-01-28,train,9,0
1052185,2015-01-28,train,10,0
1052185,2015-01-28,train,11,0
1052185,2015-01-28,train,12,0
1052185,2015-01-28,train,13,0
1052185,2015-01-28,train,14,0
1052185,2015-01-28,train,15,0
1052185,2015-01-28,train,16,0
1052186,2015-01-28,train,1,0
1052186,2015-01-28,train,2,0
1052186,2015-01-28,train,3,1
1052186,2015-01-28,train,4,0
1052186,2015-01-28,train,5,0
1052186,2015-01-28,train,6,0
1052186,2015-01-28,train,7,0
1052186,2015-01-28,train,8,0
1052186,2015-01-28,train,9,0
1052186,2015-01-28,train,10,0
1052186,2015-01-28,train,11,0
1052186,2015-01-28,train,12,0
1052186,2015-01-28,train,13,1
1052186,2015-01-28,train,14,0
1052186,2015-01-28,train,15,0
1052186,2015-01-28,train,16,0
1052176,2015-01-28,train,1,0
1052176,2015-01-28,train,2,0
1052176,2015-01-28,train,3,1
1052176,2015-01-28,train,4,0
1052176,2015-01-28,train,5,0
1052176,2015-01-28,train,6,0
1052176,2015-01-28,train,7,0
1052176,2015-01-28,train,8,0
1052176,2015-01-28,train,9,0
1052176,2015-01-28,train,10,0
1052176,2015-01-28,train,11,0
1052176,2015-01-28,train,12,0
1052176,2015-01-28,train,13,0
1052176,2015-01-28,train,14,0
1052176,2015-01-28,train,15,0
1052176,2015-01-28,train,16,0
1051664,2015-01-28,train,1,0
1051664,2015-01-28,train,2,0
1051664,2015-01-28,train,3,1
1051664,2015-01-28,train,4,0
1051664,2015-01-28,train,5,0
1051664,2015-01-28,train,6,0
1051664,2015-01-28,train,7,0
1051664,2015-01-28,train,8,0
1051664,2015-01-28,train,9,0
1051664,2015-01-28,train,10,0
1051664,2015-01-28,train,11,0
1051664,2015-01-28,train,12,0
1051664,2015-01-28,train,13,1
1051664,2015-01-28,train,14,0
1051664,2015-01-28,train,15,0
1051664,2015-01-28,train,16,0
1051660,2015-01-28,train,1,0
1051660,2015-01-28,train,2,0
1051660,2015-01-28,train,3,1
1051660,2015-01-28,train,4,0
1051660,2015-01-28,train,5,0
1051660,2015-01-28,train,6,0
1051660,2015-01-28,train,7,0
1051660,2015-01-28,train,8,0
1051660,2015-01-28,train,9,0
1051660,2015-01-28,train,10,0
1051660,2015-01-28,train,11,0
1051660,2015-01-28,train,12,0
1051660,2015-01-28,train,13,0
1051660,2015-01-28,train,14,0
1051660,2015-01-28,train,15,0
1051660,2015-01-28,train,16,0
1051658,2015-01-28,train,1,0
1051658,2015-01-28,train,2,0
1051658,2015-01-28,train,3,1
1051658,2015-01-28,train,4,0
1051658,2015-01-28,train,5,0
1051658,2015-01-28,train,6,0
1051658,2015-01-28,train,7,0
1051658,2015-01-28,train,8,0
1051658,2015-01-28,train,9,0
1051658,2015-01-28,train,10,0
1051658,2015-01-28,train,11,0
1051658,2015-01-28,train,12,0
1051658,2015-01-28,train,13,0
1051658,2015-01-28,train,14,0
1051658,2015-01-28,train,15,0
1051658,2015-01-28,train,16,0
1051177,2015-01-28,train,1,0
1051177,2015-01-28,train,2,0
1051177,2015-01-28,train,3,1
1051177,2015-01-28,train,4,0
1051177,2015-01-28,train,5,0
1051177,2015-01-28,train,6,0
1051177,2015-01-28,train,7,0
1051177,2015-01-28,train,8,0
1051177,2015-01-28,train,9,0
1051177,2015-01-28,train,10,0
1051177,2015-01-28,train,11,0
1051177,2015-01-28,train,12,0
1051177,2015-01-28,train,13,0
1051177,2015-01-28,train,14,0
1051177,2015-01-28,train,15,0
1051177,2015-01-28,train,16,0
1051178,2015-01-28,train,1,0
1051178,2015-01-28,train,2,0
1051178,2015-01-28,train,3,1
1051178,2015-01-28,train,4,0
1051178,2015-01-28,train,5,0
1051178,2015-01-28,train,6,0
1051178,2015-01-28,train,7,0
1051178,2015-01-28,train,8,0
1051178,2015-01-28,train,9,0
1051178,2015-01-28,train,10,0
1051178,2015-01-28,train,11,0
1051178,2015-01-28,train,12,0
1051178,2015-01-28,train,13,0
1051178,2015-01-28,train,14,0
1051178,2015-01-28,train,15,0
1051178,2015-01-28,train,16,0
1051180,2015-01-28,train,1,0
1051180,2015-01-28,train,2,0
1051180,2015-01-28,train,3,0
1051180,2015-01-28,train,4,0
1051180,2015-01-28,train,5,1
1051180,2015-01-28,train,6,0
1051180,2015-01-28,train,7,0
1051180,2015-01-28,train,8,0
1051180,2015-01-28,train,9,0
1051180,2015-01-28,train,10,0
1051180,2015-01-28,train,11,0
1051180,2015-01-28,train,12,0
1051180,2015-01-28,train,13,0
1051180,2015-01-28,train,14,0
1051180,2015-01-28,train,15,0
1051180,2015-01-28,train,16,0
1051181,2015-01-28,train,1,0
1051181,2015-01-28,train,2,0
1051181,2015-01-28,train,3,1
1051181,2015-01-28,train,4,0
1051181,2015-01-28,train,5,0
1051181,2015-01-28,train,6,0
1051181,2015-01-28,train,7,0
1051181,2015-01-28,train,8,0
1051181,2015-01-28,train,9,0
1051181,2015-01-28,train,10,0
1051181,2015-01-28,train,11,0
1051181,2015-01-28,train,12,0
1051181,2015-01-28,train,13,0
1051181,2015-01-28,train,14,0
1051181,2015-01-28,train,15,0
1051181,2015-01-28,train,16,0
1051183,2015-01-28,train,1,0
1051183,2015-01-28,train,2,0
1051183,2015-01-28,train,3,1
1051183,2015-01-28,train,4,0
1051183,2015-01-28,train,5,0
1051183,2015-01-28,train,6,0
1051183,2015-01-28,train,7,0
1051183,2015-01-28,train,8,0
1051183,2015-01-28,train,9,0
1051183,2015-01-28,train,10,0
1051183,2015-01-28,train,11,0
1051183,2015-01-28,train,12,0
1051183,2015-01-28,train,13,0
1051183,2015-01-28,train,14,0
1051183,2015-01-28,train,15,0
1051183,2015-01-28,train,16,0
1051184,2015-01-28,train,1,0
1051184,2015-01-28,train,2,0
1051184,2015-01-28,train,3,1
1051184,2015-01-28,train,4,0
1051184,2015-01-28,train,5,0
1051184,2015-01-28,train,6,0
1051184,2015-01-28,train,7,0
1051184,2015-01-28,train,8,0
1051184,2015-01-28,train,9,0
1051184,2015-01-28,train,10,0
1051184,2015-01-28,train,11,0
1051184,2015-01-28,train,12,0
1051184,2015-01-28,train,13,0
1051184,2015-01-28,train,14,0
1051184,2015-01-28,train,15,0
1051184,2015-01-28,train,16,0
1051186,2015-01-28,train,1,0
1051186,2015-01-28,train,2,0
1051186,2015-01-28,train,3,1
1051186,2015-01-28,train,4,0
1051186,2015-01-28,train,5,0
1051186,2015-01-28,train,6,0
1051186,2015-01-28,train,7,0
1051186,2015-01-28,train,8,0
1051186,2015-01-28,train,9,0
1051186,2015-01-28,train,10,0
1051186,2015-01-28,train,11,0
1051186,2015-01-28,train,12,0
1051186,2015-01-28,train,13,0
1051186,2015-01-28,train,14,0
1051186,2015-01-28,train,15,0
1051186,2015-01-28,train,16,0
1051187,2015-01-28,train,1,0
1051187,2015-01-28,train,2,0
1051187,2015-01-28,train,3,1
1051187,2015-01-28,train,4,0
1051187,2015-01-28,train,5,0
1051187,2015-01-28,train,6,0
1051187,2015-01-28,train,7,0
1051187,2015-01-28,train,8,0
1051187,2015-01-28,train,9,0
1051187,2015-01-28,train,10,0
1051187,2015-01-28,train,11,0
1051187,2015-01-28,train,12,0
1051187,2015-01-28,train,13,0
1051187,2015-01-28,train,14,0
1051187,2015-01-28,train,15,0
1051187,2015-01-28,train,16,0
1051189,2015-01-28,train,1,0
1051189,2015-01-28,train,2,0
1051189,2015-01-28,train,3,1
1051189,2015-01-28,train,4,0
1051189,2015-01-28,train,5,0
1051189,2015-01-28,train,6,0
1051189,2015-01-28,train,7,0
1051189,2015-01-28,train,8,0
1051189,2015-01-28,train,9,0
1051189,2015-01-28,train,10,0
1051189,2015-01-28,train,11,0
1051189,2015-01-28,train,12,0
1051189,2015-01-28,train,13,0
1051189,2015-01-28,train,14,0
1051189,2015-01-28,train,15,0
1051189,2015-01-28,train,16,0
1051191,2015-01-28,train,1,0
1051191,2015-01-28,train,2,0
1051191,2015-01-28,train,3,1
1051191,2015-01-28,train,4,0
1051191,2015-01-28,train,5,0
1051191,2015-01-28,train,6,0
1051191,2015-01-28,train,7,0
1051191,2015-01-28,train,8,0
1051191,2015-01-28,train,9,0
1051191,2015-01-28,train,10,0
1051191,2015-01-28,train,11,0
1051191,2015-01-28,train,12,0
1051191,2015-01-28,train,13,0
1051191,2015-01-28,train,14,0
1051191,2015-01-28,train,15,0
1051191,2015-01-28,train,16,0
1051194,2015-01-28,train,1,0
1051194,2015-01-28,train,2,0
1051194,2015-01-28,train,3,1
1051194,2015-01-28,train,4,0
1051194,2015-01-28,train,5,0
1051194,2015-01-28,train,6,0
1051194,2015-01-28,train,7,0
1051194,2015-01-28,train,8,0
1051194,2015-01-28,train,9,0
1051194,2015-01-28,train,10,0
1051194,2015-01-28,train,11,0
1051194,2015-01-28,train,12,0
1051194,2015-01-28,train,13,0
1051194,2015-01-28,train,14,0
1051194,2015-01-28,train,15,0
1051194,2015-01-28,train,16,0
1051196,2015-01-28,train,1,0
1051196,2015-01-28,train,2,0
1051196,2015-01-28,train,3,1
1051196,2015-01-28,train,4,0
1051196,2015-01-28,train,5,0
1051196,2015-01-28,train,6,0
1051196,2015-01-28,train,7,0
1051196,2015-01-28,train,8,0
1051196,2015-01-28,train,9,0
1051196,2015-01-28,train,10,0
1051196,2015-01-28,train,11,0
1051196,2015-01-28,train,12,0
1051196,2015-01-28,train,13,0
1051196,2015-01-28,train,14,0
1051196,2015-01-28,train,15,0
1051196,2015-01-28,train,16,0
1051198,2015-01-28,train,1,0
1051198,2015-01-28,train,2,0
1051198,2015-01-28,train,3,1
1051198,2015-01-28,train,4,0
1051198,2015-01-28,train,5,0
1051198,2015-01-28,train,6,0
1051198,2015-01-28,train,7,0
1051198,2015-01-28,train,8,0
1051198,2015-01-28,train,9,0
1051198,2015-01-28,train,10,0
1051198,2015-01-28,train,11,0
1051198,2015-01-28,train,12,0
1051198,2015-01-28,train,13,0
1051198,2015-01-28,train,14,0
1051198,2015-01-28,train,15,0
1051198,2015-01-28,train,16,0
1051199,2015-01-28,train,1,0
1051199,2015-01-28,train,2,0
1051199,2015-01-28,train,3,1
1051199,2015-01-28,train,4,0
1051199,2015-01-28,train,5,0
1051199,2015-01-28,train,6,0
1051199,2015-01-28,train,7,0
1051199,2015-01-28,train,8,0
1051199,2015-01-28,train,9,0
1051199,2015-01-28,train,10,0
1051199,2015-01-28,train,11,0
1051199,2015-01-28,train,12,0
1051199,2015-01-28,train,13,0
1051199,2015-01-28,train,14,0
1051199,2015-01-28,train,15,0
1051199,2015-01-28,train,16,0
1051201,2015-01-28,train,1,0
1051201,2015-01-28,train,2,0
1051201,2015-01-28,train,3,1
1051201,2015-01-28,train,4,0
1051201,2015-01-28,train,5,0
1051201,2015-01-28,train,6,0
1051201,2015-01-28,train,7,0
1051201,2015-01-28,train,8,0
1051201,2015-01-28,train,9,0
1051201,2015-01-28,train,10,0
1051201,2015-01-28,train,11,0
1051201,2015-01-28,train,12,0
1051201,2015-01-28,train,13,0
1051201,2015-01-28,train,14,0
1051201,2015-01-28,train,15,0
1051201,2015-01-28,train,16,0
1051174,2015-01-28,train,1,0
1051174,2015-01-28,train,2,0
1051174,2015-01-28,train,3,1
1051174,2015-01-28,train,4,0
1051174,2015-01-28,train,5,0
1051174,2015-01-28,train,6,0
1051174,2015-01-28,train,7,0
1051174,2015-01-28,train,8,0
1051174,2015-01-28,train,9,0
1051174,2015-01-28,train,10,0
1051174,2015-01-28,train,11,0
1051174,2015-01-28,train,12,0
1051174,2015-01-28,train,13,0
1051174,2015-01-28,train,14,0
1051174,2015-01-28,train,15,0
1051174,2015-01-28,train,16,0
1051203,2015-01-28,train,1,0
1051203,2015-01-28,train,2,0
1051203,2015-01-28,train,3,1
1051203,2015-01-28,train,4,0
1051203,2015-01-28,train,5,0
1051203,2015-01-28,train,6,0
1051203,2015-01-28,train,7,0
1051203,2015-01-28,train,8,0
1051203,2015-01-28,train,9,0
1051203,2015-01-28,train,10,0
1051203,2015-01-28,train,11,0
1051203,2015-01-28,train,12,0
1051203,2015-01-28,train,13,0
1051203,2015-01-28,train,14,0
1051203,2015-01-28,train,15,0
1051203,2015-01-28,train,16,0
1051172,2015-01-28,train,1,0
1051172,2015-01-28,train,2,0
1051172,2015-01-28,train,3,1
1051172,2015-01-28,train,4,0
1051172,2015-01-28,train,5,0
1051172,2015-01-28,train,6,0
1051172,2015-01-28,train,7,0
1051172,2015-01-28,train,8,0
1051172,2015-01-28,train,9,0
1051172,2015-01-28,train,10,0
1051172,2015-01-28,train,11,0
1051172,2015-01-28,train,12,0
1051172,2015-01-28,train,13,0
1051172,2015-01-28,train,14,0
1051172,2015-01-28,train,15,0
1051172,2015-01-28,train,16,0
1051165,2015-01-28,train,1,0
1051165,2015-01-28,train,2,0
1051165,2015-01-28,train,3,1
1051165,2015-01-28,train,4,0
1051165,2015-01-28,train,5,0
1051165,2015-01-28,train,6,0
1051165,2015-01-28,train,7,0
1051165,2015-01-28,train,8,0
1051165,2015-01-28,train,9,0
1051165,2015-01-28,train,10,0
1051165,2015-01-28,train,11,0
1051165,2015-01-28,train,12,0
1051165,2015-01-28,train,13,0
1051165,2015-01-28,train,14,0
1051165,2015-01-28,train,15,0
1051165,2015-01-28,train,16,0
1051121,2015-01-28,train,1,0
1051121,2015-01-28,train,2,0
1051121,2015-01-28,train,3,1
1051121,2015-01-28,train,4,0
1051121,2015-01-28,train,5,0
1051121,2015-01-28,train,6,0
1051121,2015-01-28,train,7,0
1051121,2015-01-28,train,8,0
1051121,2015-01-28,train,9,0
1051121,2015-01-28,train,10,0
1051121,2015-01-28,train,11,0
1051121,2015-01-28,train,12,0
1051121,2015-01-28,train,13,0
1051121,2015-01-28,train,14,0
1051121,2015-01-28,train,15,0
1051121,2015-01-28,train,16,0
1051126,2015-01-28,train,1,0
1051126,2015-01-28,train,2,0
1051126,2015-01-28,train,3,1
1051126,2015-01-28,train,4,0
1051126,2015-01-28,train,5,0
1051126,2015-01-28,train,6,0
1051126,2015-01-28,train,7,0
1051126,2015-01-28,train,8,0
1051126,2015-01-28,train,9,0
1051126,2015-01-28,train,10,0
1051126,2015-01-28,train,11,0
1051126,2015-01-28,train,12,0
1051126,2015-01-28,train,13,0
1051126,2015-01-28,train,14,0
1051126,2015-01-28,train,15,0
1051126,2015-01-28,train,16,0
1051129,2015-01-28,train,1,0
1051129,2015-01-28,train,2,0
1051129,2015-01-28,train,3,1
1051129,2015-01-28,train,4,0
1051129,2015-01-28,train,5,0
1051129,2015-01-28,train,6,0
1051129,2015-01-28,train,7,0
1051129,2015-01-28,train,8,0
1051129,2015-01-28,train,9,0
1051129,2015-01-28,train,10,0
1051129,2015-01-28,train,11,0
1051129,2015-01-28,train,12,0
1051129,2015-01-28,train,13,0
1051129,2015-01-28,train,14,0
1051129,2015-01-28,train,15,0
1051129,2015-01-28,train,16,0
1051132,2015-01-28,train,1,0
1051132,2015-01-28,train,2,0
1051132,2015-01-28,train,3,1
1051132,2015-01-28,train,4,0
1051132,2015-01-28,train,5,0
1051132,2015-01-28,train,6,0
1051132,2015-01-28,train,7,0
1051132,2015-01-28,train,8,0
1051132,2015-01-28,train,9,0
1051132,2015-01-28,train,10,0
1051132,2015-01-28,train,11,0
1051132,2015-01-28,train,12,0
1051132,2015-01-28,train,13,0
1051132,2015-01-28,train,14,0
1051132,2015-01-28,train,15,0
1051132,2015-01-28,train,16,0
1051134,2015-01-28,train,1,0
1051134,2015-01-28,train,2,0
1051134,2015-01-28,train,3,1
1051134,2015-01-28,train,4,0
1051134,2015-01-28,train,5,0
1051134,2015-01-28,train,6,0
1051134,2015-01-28,train,7,0
1051134,2015-01-28,train,8,0
1051134,2015-01-28,train,9,0
1051134,2015-01-28,train,10,0
1051134,2015-01-28,train,11,0
1051134,2015-01-28,train,12,0
1051134,2015-01-28,train,13,0
1051134,2015-01-28,train,14,0
1051134,2015-01-28,train,15,0
1051134,2015-01-28,train,16,0
1051136,2015-01-28,train,1,0
1051136,2015-01-28,train,2,0
1051136,2015-01-28,train,3,1
1051136,2015-01-28,train,4,0
1051136,2015-01-28,train,5,0
1051136,2015-01-28,train,6,0
1051136,2015-01-28,train,7,0
1051136,2015-01-28,train,8,0
1051136,2015-01-28,train,9,0
1051136,2015-01-28,train,10,0
1051136,2015-01-28,train,11,0
1051136,2015-01-28,train,12,0
1051136,2015-01-28,train,13,0
1051136,2015-01-28,train,14,0
1051136,2015-01-28,train,15,0
1051136,2015-01-28,train,16,0
1051138,2015-01-28,train,1,0
1051138,2015-01-28,train,2,0
1051138,2015-01-28,train,3,1
1051138,2015-01-28,train,4,0
1051138,2015-01-28,train,5,0
1051138,2015-01-28,train,6,0
1051138,2015-01-28,train,7,0
1051138,2015-01-28,train,8,0
1051138,2015-01-28,train,9,0
1051138,2015-01-28,train,10,0
1051138,2015-01-28,train,11,0
1051138,2015-01-28,train,12,0
1051138,2015-01-28,train,13,0
1051138,2015-01-28,train,14,0
1051138,2015-01-28,train,15,0
1051138,2015-01-28,train,16,0
1051140,2015-01-28,train,1,0
1051140,2015-01-28,train,2,0
1051140,2015-01-28,train,3,1
1051140,2015-01-28,train,4,0
1051140,2015-01-28,train,5,0
1051140,2015-01-28,train,6,0
1051140,2015-01-28,train,7,0
1051140,2015-01-28,train,8,0
1051140,2015-01-28,train,9,0
1051140,2015-01-28,train,10,0
1051140,2015-01-28,train,11,0
1051140,2015-01-28,train,12,0
1051140,2015-01-28,train,13,0
1051140,2015-01-28,train,14,0
1051140,2015-01-28,train,15,0
1051140,2015-01-28,train,16,0
1051145,2015-01-28,train,1,0
1051145,2015-01-28,train,2,0
1051145,2015-01-28,train,3,1
1051145,2015-01-28,train,4,0
1051145,2015-01-28,train,5,0
1051145,2015-01-28,train,6,0
1051145,2015-01-28,train,7,0
1051145,2015-01-28,train,8,0
1051145,2015-01-28,train,9,0
1051145,2015-01-28,train,10,0
1051145,2015-01-28,train,11,0
1051145,2015-01-28,train,12,0
1051145,2015-01-28,train,13,0
1051145,2015-01-28,train,14,0
1051145,2015-01-28,train,15,0
1051145,2015-01-28,train,16,0
1051147,2015-01-28,train,1,0
1051147,2015-01-28,train,2,0
1051147,2015-01-28,train,3,1
1051147,2015-01-28,train,4,0
1051147,2015-01-28,train,5,0
1051147,2015-01-28,train,6,0
1051147,2015-01-28,train,7,0
1051147,2015-01-28,train,8,0
1051147,2015-01-28,train,9,0
1051147,2015-01-28,train,10,0
1051147,2015-01-28,train,11,0
1051147,2015-01-28,train,12,0
1051147,2015-01-28,train,13,0
1051147,2015-01-28,train,14,0
1051147,2015-01-28,train,15,0
1051147,2015-01-28,train,16,0
1051149,2015-01-28,train,1,0
1051149,2015-01-28,train,2,0
1051149,2015-01-28,train,3,1
1051149,2015-01-28,train,4,0
1051149,2015-01-28,train,5,0
1051149,2015-01-28,train,6,0
1051149,2015-01-28,train,7,0
1051149,2015-01-28,train,8,0
1051149,2015-01-28,train,9,0
1051149,2015-01-28,train,10,0
1051149,2015-01-28,train,11,0
1051149,2015-01-28,train,12,0
1051149,2015-01-28,train,13,0
1051149,2015-01-28,train,14,0
1051149,2015-01-28,train,15,0
1051149,2015-01-28,train,16,0
1051150,2015-01-28,train,1,0
1051150,2015-01-28,train,2,0
1051150,2015-01-28,train,3,1
1051150,2015-01-28,train,4,0
1051150,2015-01-28,train,5,0
1051150,2015-01-28,train,6,0
1051150,2015-01-28,train,7,0
1051150,2015-01-28,train,8,0
1051150,2015-01-28,train,9,0
1051150,2015-01-28,train,10,0
1051150,2015-01-28,train,11,0
1051150,2015-01-28,train,12,0
1051150,2015-01-28,train,13,0
1051150,2015-01-28,train,14,0
1051150,2015-01-28,train,15,0
1051150,2015-01-28,train,16,0
1051152,2015-01-28,train,1,0
1051152,2015-01-28,train,2,0
1051152,2015-01-28,train,3,0
1051152,2015-01-28,train,4,0
1051152,2015-01-28,train,5,0
1051152,2015-01-28,train,6,1
1051152,2015-01-28,train,7,0
1051152,2015-01-28,train,8,0
1051152,2015-01-28,train,9,0
1051152,2015-01-28,train,10,0
1051152,2015-01-28,train,11,0
1051152,2015-01-28,train,12,0
1051152,2015-01-28,train,13,0
1051152,2015-01-28,train,14,0
1051152,2015-01-28,train,15,0
1051152,2015-01-28,train,16,0
1051158,2015-01-28,train,1,0
1051158,2015-01-28,train,2,0
1051158,2015-01-28,train,3,1
1051158,2015-01-28,train,4,0
1051158,2015-01-28,train,5,0
1051158,2015-01-28,train,6,0
1051158,2015-01-28,train,7,0
1051158,2015-01-28,train,8,0
1051158,2015-01-28,train,9,0
1051158,2015-01-28,train,10,0
1051158,2015-01-28,train,11,0
1051158,2015-01-28,train,12,0
1051158,2015-01-28,train,13,0
1051158,2015-01-28,train,14,0
1051158,2015-01-28,train,15,0
1051158,2015-01-28,train,16,0
1051162,2015-01-28,train,1,0
1051162,2015-01-28,train,2,0
1051162,2015-01-28,train,3,1
1051162,2015-01-28,train,4,0
1051162,2015-01-28,train,5,0
1051162,2015-01-28,train,6,0
1051162,2015-01-28,train,7,0
1051162,2015-01-28,train,8,0
1051162,2015-01-28,train,9,0
1051162,2015-01-28,train,10,0
1051162,2015-01-28,train,11,0
1051162,2015-01-28,train,12,0
1051162,2015-01-28,train,13,0
1051162,2015-01-28,train,14,0
1051162,2015-01-28,train,15,0
1051162,2015-01-28,train,16,0
1051169,2015-01-28,train,1,0
1051169,2015-01-28,train,2,0
1051169,2015-01-28,train,3,1
1051169,2015-01-28,train,4,0
1051169,2015-01-28,train,5,0
1051169,2015-01-28,train,6,0
1051169,2015-01-28,train,7,0
1051169,2015-01-28,train,8,0
1051169,2015-01-28,train,9,0
1051169,2015-01-28,train,10,0
1051169,2015-01-28,train,11,0
1051169,2015-01-28,train,12,0
1051169,2015-01-28,train,13,0
1051169,2015-01-28,train,14,0
1051169,2015-01-28,train,15,0
1051169,2015-01-28,train,16,0
1051120,2015-01-28,train,1,0
1051120,2015-01-28,train,2,0
1051120,2015-01-28,train,3,1
1051120,2015-01-28,train,4,0
1051120,2015-01-28,train,5,0
1051120,2015-01-28,train,6,0
1051120,2015-01-28,train,7,0
1051120,2015-01-28,train,8,0
1051120,2015-01-28,train,9,0
1051120,2015-01-28,train,10,0
1051120,2015-01-28,train,11,0
1051120,2015-01-28,train,12,0
1051120,2015-01-28,train,13,0
1051120,2015-01-28,train,14,0
1051120,2015-01-28,train,15,0
1051120,2015-01-28,train,16,0
1051205,2015-01-28,train,1,0
1051205,2015-01-28,train,2,0
1051205,2015-01-28,train,3,1
1051205,2015-01-28,train,4,0
1051205,2015-01-28,train,5,0
1051205,2015-01-28,train,6,0
1051205,2015-01-28,train,7,0
1051205,2015-01-28,train,8,0
1051205,2015-01-28,train,9,0
1051205,2015-01-28,train,10,0
1051205,2015-01-28,train,11,0
1051205,2015-01-28,train,12,0
1051205,2015-01-28,train,13,0
1051205,2015-01-28,train,14,0
1051205,2015-01-28,train,15,0
1051205,2015-01-28,train,16,0
1051212,2015-01-28,train,1,0
1051212,2015-01-28,train,2,0
1051212,2015-01-28,train,3,1
1051212,2015-01-28,train,4,0
1051212,2015-01-28,train,5,0
1051212,2015-01-28,train,6,0
1051212,2015-01-28,train,7,0
1051212,2015-01-28,train,8,0
1051212,2015-01-28,train,9,0
1051212,2015-01-28,train,10,0
1051212,2015-01-28,train,11,0
1051212,2015-01-28,train,12,0
1051212,2015-01-28,train,13,0
1051212,2015-01-28,train,14,0
1051212,2015-01-28,train,15,0
1051212,2015-01-28,train,16,0
1051263,2015-01-28,train,1,0
1051263,2015-01-28,train,2,0
1051263,2015-01-28,train,3,1
1051263,2015-01-28,train,4,0
1051263,2015-01-28,train,5,0
1051263,2015-01-28,train,6,0
1051263,2015-01-28,train,7,0
1051263,2015-01-28,train,8,0
1051263,2015-01-28,train,9,0
1051263,2015-01-28,train,10,0
1051263,2015-01-28,train,11,0
1051263,2015-01-28,train,12,0
1051263,2015-01-28,train,13,0
1051263,2015-01-28,train,14,0
1051263,2015-01-28,train,15,0
1051263,2015-01-28,train,16,0
1051264,2015-01-28,train,1,0
1051264,2015-01-28,train,2,0
1051264,2015-01-28,train,3,1
1051264,2015-01-28,train,4,0
1051264,2015-01-28,train,5,0
1051264,2015-01-28,train,6,0
1051264,2015-01-28,train,7,0
1051264,2015-01-28,train,8,0
1051264,2015-01-28,train,9,0
1051264,2015-01-28,train,10,0
1051264,2015-01-28,train,11,0
1051264,2015-01-28,train,12,0
1051264,2015-01-28,train,13,0
1051264,2015-01-28,train,14,0
1051264,2015-01-28,train,15,0
1051264,2015-01-28,train,16,0
1051268,2015-01-28,train,1,0
1051268,2015-01-28,train,2,0
1051268,2015-01-28,train,3,1
1051268,2015-01-28,train,4,0
1051268,2015-01-28,train,5,0
1051268,2015-01-28,train,6,0
1051268,2015-01-28,train,7,0
1051268,2015-01-28,train,8,0
1051268,2015-01-28,train,9,0
1051268,2015-01-28,train,10,0
1051268,2015-01-28,train,11,0
1051268,2015-01-28,train,12,0
1051268,2015-01-28,train,13,0
1051268,2015-01-28,train,14,0
1051268,2015-01-28,train,15,0
1051268,2015-01-28,train,16,0
1051269,2015-01-28,train,1,0
1051269,2015-01-28,train,2,0
1051269,2015-01-28,train,3,1
1051269,2015-01-28,train,4,0
1051269,2015-01-28,train,5,0
1051269,2015-01-28,train,6,0
1051269,2015-01-28,train,7,0
1051269,2015-01-28,train,8,0
1051269,2015-01-28,train,9,0
1051269,2015-01-28,train,10,0
1051269,2015-01-28,train,11,0
1051269,2015-01-28,train,12,0
1051269,2015-01-28,train,13,1
1051269,2015-01-28,train,14,0
1051269,2015-01-28,train,15,0
1051269,2015-01-28,train,16,0
1051271,2015-01-28,train,1,0
1051271,2015-01-28,train,2,0
1051271,2015-01-28,train,3,1
1051271,2015-01-28,train,4,0
1051271,2015-01-28,train,5,0
1051271,2015-01-28,train,6,0
1051271,2015-01-28,train,7,0
1051271,2015-01-28,train,8,0
1051271,2015-01-28,train,9,0
1051271,2015-01-28,train,10,0
1051271,2015-01-28,train,11,0
1051271,2015-01-28,train,12,0
1051271,2015-01-28,train,13,1
1051271,2015-01-28,train,14,0
1051271,2015-01-28,train,15,0
1051271,2015-01-28,train,16,0
1051273,2015-01-28,train,1,0
1051273,2015-01-28,train,2,0
1051273,2015-01-28,train,3,0
1051273,2015-01-28,train,4,0
1051273,2015-01-28,train,5,1
1051273,2015-01-28,train,6,0
1051273,2015-01-28,train,7,0
1051273,2015-01-28,train,8,0
1051273,2015-01-28,train,9,0
1051273,2015-01-28,train,10,0
1051273,2015-01-28,train,11,0
1051273,2015-01-28,train,12,0
1051273,2015-01-28,train,13,0
1051273,2015-01-28,train,14,0
1051273,2015-01-28,train,15,0
1051273,2015-01-28,train,16,0
1051274,2015-01-28,train,1,0
1051274,2015-01-28,train,2,0
1051274,2015-01-28,train,3,1
1051274,2015-01-28,train,4,0
1051274,2015-01-28,train,5,0
1051274,2015-01-28,train,6,0
1051274,2015-01-28,train,7,0
1051274,2015-01-28,train,8,0
1051274,2015-01-28,train,9,0
1051274,2015-01-28,train,10,0
1051274,2015-01-28,train,11,0
1051274,2015-01-28,train,12,0
1051274,2015-01-28,train,13,0
1051274,2015-01-28,train,14,0
1051274,2015-01-28,train,15,0
1051274,2015-01-28,train,16,0
1051275,2015-01-28,train,1,0
1051275,2015-01-28,train,2,0
1051275,2015-01-28,train,3,1
1051275,2015-01-28,train,4,0
1051275,2015-01-28,train,5,0
1051275,2015-01-28,train,6,0
1051275,2015-01-28,train,7,0
1051275,2015-01-28,train,8,0
1051275,2015-01-28,train,9,0
1051275,2015-01-28,train,10,0
1051275,2015-01-28,train,11,0
1051275,2015-01-28,train,12,0
1051275,2015-01-28,train,13,0
1051275,2015-01-28,train,14,0
1051275,2015-01-28,train,15,0
1051275,2015-01-28,train,16,0
1051276,2015-01-28,train,1,0
1051276,2015-01-28,train,2,0
1051276,2015-01-28,train,3,0
1051276,2015-01-28,train,4,0
1051276,2015-01-28,train,5,0
1051276,2015-01-28,train,6,0
1051276,2015-01-28,train,7,0
1051276,2015-01-28,train,8,0
1051276,2015-01-28,train,9,0
1051276,2015-01-28,train,10,0
1051276,2015-01-28,train,11,0
1051276,2015-01-28,train,12,0
1051276,2015-01-28,train,13,0
1051276,2015-01-28,train,14,0
1051276,2015-01-28,train,15,0
1051276,2015-01-28,train,16,0
1051277,2015-01-28,train,1,0
1051277,2015-01-28,train,2,0
1051277,2015-01-28,train,3,1
1051277,2015-01-28,train,4,0
1051277,2015-01-28,train,5,0
1051277,2015-01-28,train,6,0
1051277,2015-01-28,train,7,0
1051277,2015-01-28,train,8,0
1051277,2015-01-28,train,9,0
1051277,2015-01-28,train,10,0
1051277,2015-01-28,train,11,0
1051277,2015-01-28,train,12,0
1051277,2015-01-28,train,13,1
1051277,2015-01-28,train,14,0
1051277,2015-01-28,train,15,0
1051277,2015-01-28,train,16,0
1051278,2015-01-28,train,1,0
1051278,2015-01-28,train,2,0
1051278,2015-01-28,train,3,0
1051278,2015-01-28,train,4,0
1051278,2015-01-28,train,5,1
1051278,2015-01-28,train,6,0
1051278,2015-01-28,train,7,0
1051278,2015-01-28,train,8,0
1051278,2015-01-28,train,9,0
1051278,2015-01-28,train,10,0
1051278,2015-01-28,train,11,0
1051278,2015-01-28,train,12,0
1051278,2015-01-28,train,13,0
1051278,2015-01-28,train,14,0
1051278,2015-01-28,train,15,0
1051278,2015-01-28,train,16,0
1051279,2015-01-28,train,1,0
1051279,2015-01-28,train,2,0
1051279,2015-01-28,train,3,1
1051279,2015-01-28,train,4,0
1051279,2015-01-28,train,5,0
1051279,2015-01-28,train,6,0
1051279,2015-01-28,train,7,0
1051279,2015-01-28,train,8,0
1051279,2015-01-28,train,9,0
1051279,2015-01-28,train,10,0
1051279,2015-01-28,train,11,0
1051279,2015-01-28,train,12,0
1051279,2015-01-28,train,13,1
1051279,2015-01-28,train,14,0
1051279,2015-01-28,train,15,0
1051279,2015-01-28,train,16,0
1051281,2015-01-28,train,1,0
1051281,2015-01-28,train,2,0
1051281,2015-01-28,train,3,0
1051281,2015-01-28,train,4,0
1051281,2015-01-28,train,5,0
1051281,2015-01-28,train,6,0
1051281,2015-01-28,train,7,0
1051281,2015-01-28,train,8,0
1051281,2015-01-28,train,9,0
1051281,2015-01-28,train,10,0
1051281,2015-01-28,train,11,0
1051281,2015-01-28,train,12,0
1051281,2015-01-28,train,13,1
1051281,2015-01-28,train,14,0
1051281,2015-01-28,train,15,0
1051281,2015-01-28,train,16,0
1051282,2015-01-28,train,1,0
1051282,2015-01-28,train,2,0
1051282,2015-01-28,train,3,1
1051282,2015-01-28,train,4,0
1051282,2015-01-28,train,5,0
1051282,2015-01-28,train,6,0
1051282,2015-01-28,train,7,0
1051282,2015-01-28,train,8,0
1051282,2015-01-28,train,9,0
1051282,2015-01-28,train,10,0
1051282,2015-01-28,train,11,0
1051282,2015-01-28,train,12,0
1051282,2015-01-28,train,13,1
1051282,2015-01-28,train,14,0
1051282,2015-01-28,train,15,0
1051282,2015-01-28,train,16,0
1051283,2015-01-28,train,1,0
1051283,2015-01-28,train,2,0
1051283,2015-01-28,train,3,1
1051283,2015-01-28,train,4,0
1051283,2015-01-28,train,5,0
1051283,2015-01-28,train,6,0
1051283,2015-01-28,train,7,0
1051283,2015-01-28,train,8,0
1051283,2015-01-28,train,9,0
1051283,2015-01-28,train,10,0
1051283,2015-01-28,train,11,0
1051283,2015-01-28,train,12,0
1051283,2015-01-28,train,13,0
1051283,2015-01-28,train,14,0
1051283,2015-01-28,train,15,0
1051283,2015-01-28,train,16,0
1051258,2015-01-28,train,1,0
1051258,2015-01-28,train,2,0
1051258,2015-01-28,train,3,0
1051258,2015-01-28,train,4,0
1051258,2015-01-28,train,5,1
1051258,2015-01-28,train,6,0
1051258,2015-01-28,train,7,0
1051258,2015-01-28,train,8,0
1051258,2015-01-28,train,9,0
1051258,2015-01-28,train,10,0
1051258,2015-01-28,train,11,0
1051258,2015-01-28,train,12,0
1051258,2015-01-28,train,13,0
1051258,2015-01-28,train,14,0
1051258,2015-01-28,train,15,0
1051258,2015-01-28,train,16,0
1051209,2015-01-28,train,1,0
1051209,2015-01-28,train,2,0
1051209,2015-01-28,train,3,1
1051209,2015-01-28,train,4,0
1051209,2015-01-28,train,5,0
1051209,2015-01-28,train,6,0
1051209,2015-01-28,train,7,0
1051209,2015-01-28,train,8,0
1051209,2015-01-28,train,9,0
1051209,2015-01-28,train,10,0
1051209,2015-01-28,train,11,0
1051209,2015-01-28,train,12,0
1051209,2015-01-28,train,13,0
1051209,2015-01-28,train,14,0
1051209,2015-01-28,train,15,0
1051209,2015-01-28,train,16,0
1051254,2015-01-28,train,1,0
1051254,2015-01-28,train,2,0
1051254,2015-01-28,train,3,1
1051254,2015-01-28,train,4,0
1051254,2015-01-28,train,5,0
1051254,2015-01-28,train,6,0
1051254,2015-01-28,train,7,0
1051254,2015-01-28,train,8,0
1051254,2015-01-28,train,9,0
1051254,2015-01-28,train,10,0
1051254,2015-01-28,train,11,0
1051254,2015-01-28,train,12,0
1051254,2015-01-28,train,13,0
1051254,2015-01-28,train,14,0
1051254,2015-01-28,train,15,0
1051254,2015-01-28,train,16,0
1051247,2015-01-28,train,1,0
1051247,2015-01-28,train,2,0
1051247,2015-01-28,train,3,1
1051247,2015-01-28,train,4,0
1051247,2015-01-28,train,5,0
1051247,2015-01-28,train,6,0
1051247,2015-01-28,train,7,0
1051247,2015-01-28,train,8,0
1051247,2015-01-28,train,9,0
1051247,2015-01-28,train,10,0
1051247,2015-01-28,train,11,0
1051247,2015-01-28,train,12,0
1051247,2015-01-28,train,13,0
1051247,2015-01-28,train,14,0
1051247,2015-01-28,train,15,0
1051247,2015-01-28,train,16,0
1051214,2015-01-28,train,1,0
1051214,2015-01-28,train,2,0
1051214,2015-01-28,train,3,1
1051214,2015-01-28,train,4,0
1051214,2015-01-28,train,5,0
1051214,2015-01-28,train,6,0
1051214,2015-01-28,train,7,0
1051214,2015-01-28,train,8,0
1051214,2015-01-28,train,9,0
1051214,2015-01-28,train,10,0
1051214,2015-01-28,train,11,0
1051214,2015-01-28,train,12,0
1051214,2015-01-28,train,13,0
1051214,2015-01-28,train,14,0
1051214,2015-01-28,train,15,0
1051214,2015-01-28,train,16,0
1051216,2015-01-28,train,1,0
1051216,2015-01-28,train,2,0
1051216,2015-01-28,train,3,1
1051216,2015-01-28,train,4,0
1051216,2015-01-28,train,5,0
1051216,2015-01-28,train,6,0
1051216,2015-01-28,train,7,0
1051216,2015-01-28,train,8,0
1051216,2015-01-28,train,9,0
1051216,2015-01-28,train,10,0
1051216,2015-01-28,train,11,0
1051216,2015-01-28,train,12,0
1051216,2015-01-28,train,13,0
1051216,2015-01-28,train,14,0
1051216,2015-01-28,train,15,0
1051216,2015-01-28,train,16,0
1051217,2015-01-28,train,1,0
1051217,2015-01-28,train,2,0
1051217,2015-01-28,train,3,1
1051217,2015-01-28,train,4,0
1051217,2015-01-28,train,5,0
1051217,2015-01-28,train,6,0
1051217,2015-01-28,train,7,0
1051217,2015-01-28,train,8,0
1051217,2015-01-28,train,9,0
1051217,2015-01-28,train,10,0
1051217,2015-01-28,train,11,0
1051217,2015-01-28,train,12,0
1051217,2015-01-28,train,13,0
1051217,2015-01-28,train,14,0
1051217,2015-01-28,train,15,0
1051217,2015-01-28,train,16,0
1051219,2015-01-28,train,1,0
1051219,2015-01-28,train,2,0
1051219,2015-01-28,train,3,1
1051219,2015-01-28,train,4,0
1051219,2015-01-28,train,5,0
1051219,2015-01-28,train,6,0
1051219,2015-01-28,train,7,0
1051219,2015-01-28,train,8,0
1051219,2015-01-28,train,9,0
1051219,2015-01-28,train,10,0
1051219,2015-01-28,train,11,0
1051219,2015-01-28,train,12,0
1051219,2015-01-28,train,13,0
1051219,2015-01-28,train,14,0
1051219,2015-01-28,train,15,0
1051219,2015-01-28,train,16,0
1051224,2015-01-28,train,1,0
1051224,2015-01-28,train,2,0
1051224,2015-01-28,train,3,1
1051224,2015-01-28,train,4,0
1051224,2015-01-28,train,5,0
1051224,2015-01-28,train,6,0
1051224,2015-01-28,train,7,0
1051224,2015-01-28,train,8,0
1051224,2015-01-28,train,9,0
1051224,2015-01-28,train,10,0
1051224,2015-01-28,train,11,0
1051224,2015-01-28,train,12,0
1051224,2015-01-28,train,13,0
1051224,2015-01-28,train,14,0
1051224,2015-01-28,train,15,0
1051224,2015-01-28,train,16,0
1051226,2015-01-28,train,1,0
1051226,2015-01-28,train,2,0
1051226,2015-01-28,train,3,1
1051226,2015-01-28,train,4,0
1051226,2015-01-28,train,5,0
1051226,2015-01-28,train,6,0
1051226,2015-01-28,train,7,0
1051226,2015-01-28,train,8,0
1051226,2015-01-28,train,9,0
1051226,2015-01-28,train,10,0
1051226,2015-01-28,train,11,0
1051226,2015-01-28,train,12,0
1051226,2015-01-28,train,13,0
1051226,2015-01-28,train,14,0
1051226,2015-01-28,train,15,0
1051226,2015-01-28,train,16,0
1051228,2015-01-28,train,1,0
1051228,2015-01-28,train,2,0
1051228,2015-01-28,train,3,1
1051228,2015-01-28,train,4,0
1051228,2015-01-28,train,5,0
1051228,2015-01-28,train,6,0
1051228,2015-01-28,train,7,0
1051228,2015-01-28,train,8,0
1051228,2015-01-28,train,9,0
1051228,2015-01-28,train,10,0
1051228,2015-01-28,train,11,0
1051228,2015-01-28,train,12,0
1051228,2015-01-28,train,13,0
1051228,2015-01-28,train,14,0
1051228,2015-01-28,train,15,0
1051228,2015-01-28,train,16,0
1051230,2015-01-28,train,1,0
1051230,2015-01-28,train,2,0
1051230,2015-01-28,train,3,1
1051230,2015-01-28,train,4,0
1051230,2015-01-28,train,5,0
1051230,2015-01-28,train,6,0
1051230,2015-01-28,train,7,0
1051230,2015-01-28,train,8,0
1051230,2015-01-28,train,9,0
1051230,2015-01-28,train,10,0
1051230,2015-01-28,train,11,0
1051230,2015-01-28,train,12,0
1051230,2015-01-28,train,13,0
1051230,2015-01-28,train,14,0
1051230,2015-01-28,train,15,0
1051230,2015-01-28,train,16,0
1051232,2015-01-28,train,1,0
1051232,2015-01-28,train,2,0
1051232,2015-01-28,train,3,1
1051232,2015-01-28,train,4,0
1051232,2015-01-28,train,5,0
1051232,2015-01-28,train,6,0
1051232,2015-01-28,train,7,0
1051232,2015-01-28,train,8,0
1051232,2015-01-28,train,9,0
1051232,2015-01-28,train,10,0
1051232,2015-01-28,train,11,0
1051232,2015-01-28,train,12,0
1051232,2015-01-28,train,13,0
1051232,2015-01-28,train,14,0
1051232,2015-01-28,train,15,0
1051232,2015-01-28,train,16,0
1051234,2015-01-28,train,1,0
1051234,2015-01-28,train,2,0
1051234,2015-01-28,train,3,1
1051234,2015-01-28,train,4,0
1051234,2015-01-28,train,5,0
1051234,2015-01-28,train,6,0
1051234,2015-01-28,train,7,0
1051234,2015-01-28,train,8,0
1051234,2015-01-28,train,9,0
1051234,2015-01-28,train,10,0
1051234,2015-01-28,train,11,0
1051234,2015-01-28,train,12,0
1051234,2015-01-28,train,13,0
1051234,2015-01-28,train,14,0
1051234,2015-01-28,train,15,0
1051234,2015-01-28,train,16,0
1051236,2015-01-28,train,1,0
1051236,2015-01-28,train,2,0
1051236,2015-01-28,train,3,1
1051236,2015-01-28,train,4,0
1051236,2015-01-28,train,5,0
1051236,2015-01-28,train,6,0
1051236,2015-01-28,train,7,0
1051236,2015-01-28,train,8,0
1051236,2015-01-28,train,9,0
1051236,2015-01-28,train,10,0
1051236,2015-01-28,train,11,0
1051236,2015-01-28,train,12,0
1051236,2015-01-28,train,13,0
1051236,2015-01-28,train,14,0
1051236,2015-01-28,train,15,0
1051236,2015-01-28,train,16,0
1051239,2015-01-28,train,1,0
1051239,2015-01-28,train,2,0
1051239,2015-01-28,train,3,1
1051239,2015-01-28,train,4,0
1051239,2015-01-28,train,5,0
1051239,2015-01-28,train,6,0
1051239,2015-01-28,train,7,0
1051239,2015-01-28,train,8,0
1051239,2015-01-28,train,9,0
1051239,2015-01-28,train,10,0
1051239,2015-01-28,train,11,0
1051239,2015-01-28,train,12,0
1051239,2015-01-28,train,13,0
1051239,2015-01-28,train,14,0
1051239,2015-01-28,train,15,0
1051239,2015-01-28,train,16,0
1051240,2015-01-28,train,1,0
1051240,2015-01-28,train,2,0
1051240,2015-01-28,train,3,1
1051240,2015-01-28,train,4,0
1051240,2015-01-28,train,5,0
1051240,2015-01-28,train,6,0
1051240,2015-01-28,train,7,0
1051240,2015-01-28,train,8,0
1051240,2015-01-28,train,9,0
1051240,2015-01-28,train,10,0
1051240,2015-01-28,train,11,0
1051240,2015-01-28,train,12,0
1051240,2015-01-28,train,13,0
1051240,2015-01-28,train,14,0
1051240,2015-01-28,train,15,0
1051240,2015-01-28,train,16,0
1051243,2015-01-28,train,1,0
1051243,2015-01-28,train,2,0
1051243,2015-01-28,train,3,1
1051243,2015-01-28,train,4,0
1051243,2015-01-28,train,5,0
1051243,2015-01-28,train,6,0
1051243,2015-01-28,train,7,0
1051243,2015-01-28,train,8,0
1051243,2015-01-28,train,9,0
1051243,2015-01-28,train,10,0
1051243,2015-01-28,train,11,0
1051243,2015-01-28,train,12,0
1051243,2015-01-28,train,13,0
1051243,2015-01-28,train,14,0
1051243,2015-01-28,train,15,0
1051243,2015-01-28,train,16,0
1051245,2015-01-28,train,1,0
1051245,2015-01-28,train,2,0
1051245,2015-01-28,train,3,1
1051245,2015-01-28,train,4,0
1051245,2015-01-28,train,5,0
1051245,2015-01-28,train,6,0
1051245,2015-01-28,train,7,0
1051245,2015-01-28,train,8,0
1051245,2015-01-28,train,9,0
1051245,2015-01-28,train,10,0
1051245,2015-01-28,train,11,0
1051245,2015-01-28,train,12,0
1051245,2015-01-28,train,13,0
1051245,2015-01-28,train,14,0
1051245,2015-01-28,train,15,0
1051245,2015-01-28,train,16,0
1051252,2015-01-28,train,1,0
1051252,2015-01-28,train,2,0
1051252,2015-01-28,train,3,1
1051252,2015-01-28,train,4,0
1051252,2015-01-28,train,5,0
1051252,2015-01-28,train,6,0
1051252,2015-01-28,train,7,0
1051252,2015-01-28,train,8,0
1051252,2015-01-28,train,9,0
1051252,2015-01-28,train,10,0
1051252,2015-01-28,train,11,0
1051252,2015-01-28,train,12,0
1051252,2015-01-28,train,13,0
1051252,2015-01-28,train,14,0
1051252,2015-01-28,train,15,0
1051252,2015-01-28,train,16,0
1051118,2015-01-28,train,1,0
1051118,2015-01-28,train,2,0
1051118,2015-01-28,train,3,1
1051118,2015-01-28,train,4,0
1051118,2015-01-28,train,5,0
1051118,2015-01-28,train,6,0
1051118,2015-01-28,train,7,0
1051118,2015-01-28,train,8,0
1051118,2015-01-28,train,9,0
1051118,2015-01-28,train,10,0
1051118,2015-01-28,train,11,0
1051118,2015-01-28,train,12,0
1051118,2015-01-28,train,13,0
1051118,2015-01-28,train,14,0
1051118,2015-01-28,train,15,0
1051118,2015-01-28,train,16,0
1051113,2015-01-28,train,1,0
1051113,2015-01-28,train,2,0
1051113,2015-01-28,train,3,1
1051113,2015-01-28,train,4,0
1051113,2015-01-28,train,5,0
1051113,2015-01-28,train,6,0
1051113,2015-01-28,train,7,0
1051113,2015-01-28,train,8,0
1051113,2015-01-28,train,9,0
1051113,2015-01-28,train,10,0
1051113,2015-01-28,train,11,0
1051113,2015-01-28,train,12,0
1051113,2015-01-28,train,13,0
1051113,2015-01-28,train,14,0
1051113,2015-01-28,train,15,0
1051113,2015-01-28,train,16,0
1051111,2015-01-28,train,1,0
1051111,2015-01-28,train,2,0
1051111,2015-01-28,train,3,1
1051111,2015-01-28,train,4,0
1051111,2015-01-28,train,5,0
1051111,2015-01-28,train,6,0
1051111,2015-01-28,train,7,0
1051111,2015-01-28,train,8,0
1051111,2015-01-28,train,9,0
1051111,2015-01-28,train,10,0
1051111,2015-01-28,train,11,0
1051111,2015-01-28,train,12,0
1051111,2015-01-28,train,13,0
1051111,2015-01-28,train,14,0
1051111,2015-01-28,train,15,0
1051111,2015-01-28,train,16,0
1050976,2015-01-28,train,1,0
1050976,2015-01-28,train,2,0
1050976,2015-01-28,train,3,0
1050976,2015-01-28,train,4,0
1050976,2015-01-28,train,5,0
1050976,2015-01-28,train,6,1
1050976,2015-01-28,train,7,0
1050976,2015-01-28,train,8,0
1050976,2015-01-28,train,9,0
1050976,2015-01-28,train,10,0
1050976,2015-01-28,train,11,0
1050976,2015-01-28,train,12,0
1050976,2015-01-28,train,13,0
1050976,2015-01-28,train,14,0
1050976,2015-01-28,train,15,0
1050976,2015-01-28,train,16,0
1050977,2015-01-28,train,1,0
1050977,2015-01-28,train,2,0
1050977,2015-01-28,train,3,1
1050977,2015-01-28,train,4,0
1050977,2015-01-28,train,5,0
1050977,2015-01-28,train,6,0
1050977,2015-01-28,train,7,0
1050977,2015-01-28,train,8,0
1050977,2015-01-28,train,9,0
1050977,2015-01-28,train,10,0
1050977,2015-01-28,train,11,0
1050977,2015-01-28,train,12,0
1050977,2015-01-28,train,13,0
1050977,2015-01-28,train,14,0
1050977,2015-01-28,train,15,0
1050977,2015-01-28,train,16,0
1050978,2015-01-28,train,1,0
1050978,2015-01-28,train,2,0
1050978,2015-01-28,train,3,1
1050978,2015-01-28,train,4,0
1050978,2015-01-28,train,5,0
1050978,2015-01-28,train,6,0
1050978,2015-01-28,train,7,0
1050978,2015-01-28,train,8,0
1050978,2015-01-28,train,9,0
1050978,2015-01-28,train,10,0
1050978,2015-01-28,train,11,0
1050978,2015-01-28,train,12,0
1050978,2015-01-28,train,13,0
1050978,2015-01-28,train,14,0
1050978,2015-01-28,train,15,0
1050978,2015-01-28,train,16,0
1050980,2015-01-28,train,1,0
1050980,2015-01-28,train,2,0
1050980,2015-01-28,train,3,1
1050980,2015-01-28,train,4,0
1050980,2015-01-28,train,5,0
1050980,2015-01-28,train,6,0
1050980,2015-01-28,train,7,0
1050980,2015-01-28,train,8,0
1050980,2015-01-28,train,9,0
1050980,2015-01-28,train,10,0
1050980,2015-01-28,train,11,0
1050980,2015-01-28,train,12,0
1050980,2015-01-28,train,13,0
1050980,2015-01-28,train,14,0
1050980,2015-01-28,train,15,0
1050980,2015-01-28,train,16,0
1050982,2015-01-28,train,1,0
1050982,2015-01-28,train,2,0
1050982,2015-01-28,train,3,1
1050982,2015-01-28,train,4,0
1050982,2015-01-28,train,5,0
1050982,2015-01-28,train,6,0
1050982,2015-01-28,train,7,0
1050982,2015-01-28,train,8,0
1050982,2015-01-28,train,9,0
1050982,2015-01-28,train,10,0
1050982,2015-01-28,train,11,0
1050982,2015-01-28,train,12,0
1050982,2015-01-28,train,13,0
1050982,2015-01-28,train,14,0
1050982,2015-01-28,train,15,0
1050982,2015-01-28,train,16,0
1050986,2015-01-28,train,1,0
1050986,2015-01-28,train,2,0
1050986,2015-01-28,train,3,1
1050986,2015-01-28,train,4,0
1050986,2015-01-28,train,5,0
1050986,2015-01-28,train,6,0
1050986,2015-01-28,train,7,0
1050986,2015-01-28,train,8,0
1050986,2015-01-28,train,9,0
1050986,2015-01-28,train,10,0
1050986,2015-01-28,train,11,0
1050986,2015-01-28,train,12,0
1050986,2015-01-28,train,13,0
1050986,2015-01-28,train,14,0
1050986,2015-01-28,train,15,0
1050986,2015-01-28,train,16,0
1050988,2015-01-28,train,1,0
1050988,2015-01-28,train,2,0
1050988,2015-01-28,train,3,1
1050988,2015-01-28,train,4,0
1050988,2015-01-28,train,5,0
1050988,2015-01-28,train,6,0
1050988,2015-01-28,train,7,0
1050988,2015-01-28,train,8,0
1050988,2015-01-28,train,9,0
1050988,2015-01-28,train,10,0
1050988,2015-01-28,train,11,0
1050988,2015-01-28,train,12,0
1050988,2015-01-28,train,13,0
1050988,2015-01-28,train,14,0
1050988,2015-01-28,train,15,0
1050988,2015-01-28,train,16,0
1050992,2015-01-28,train,1,0
1050992,2015-01-28,train,2,0
1050992,2015-01-28,train,3,1
1050992,2015-01-28,train,4,0
1050992,2015-01-28,train,5,0
1050992,2015-01-28,train,6,0
1050992,2015-01-28,train,7,0
1050992,2015-01-28,train,8,0
1050992,2015-01-28,train,9,0
1050992,2015-01-28,train,10,0
1050992,2015-01-28,train,11,0
1050992,2015-01-28,train,12,0
1050992,2015-01-28,train,13,0
1050992,2015-01-28,train,14,0
1050992,2015-01-28,train,15,0
1050992,2015-01-28,train,16,0
