id_cliente,fecha_corte,origen_datos,es_test,age,antiguedad,ind_nuevo,indrel,indrel_1mes,tiprel_1mes,indresi,indext,ind_actividad_cliente,renta,cod_prov,id_segmento
1375586,2015-01-28,train,0,35,6,0,1,1.0,A,S,N,1,87218.1,29,1
1050611,2015-01-28,train,0,23,35,0,1,1,I,S,S,0,35548.74,13,2
1050612,2015-01-28,train,0,23,35,0,1,1,I,S,N,0,122179.11000000002,13,2
1050613,2015-01-28,train,0,22,35,0,1,1,I,S,N,0,119775.54,50,2
1050614,2015-01-28,train,0,23,35,0,1,1,A,S,N,1,,50,2
1050615,2015-01-28,train,0,23,35,0,1,1,I,S,N,0,22220.04,45,2
1050616,2015-01-28,train,0,23,35,0,1,1,I,S,N,0,295590.36,24,2
1050617,2015-01-28,train,0,23,35,0,1,1,A,S,N,1,113316.66,50,2
1050619,2015-01-28,train,0,24,35,0,1,1,I,S,N,0,,20,2
1050620,2015-01-28,train,0,23,35,0,1,1,I,S,N,0,113194.98,10,2
1050621,2015-01-28,train,0,23,35,0,1,1,I,S,N,0,72575.88,50,2
1050622,2015-01-28,train,0,23,35,0,1,1,I,S,N,0,,17,2
1050623,2015-01-28,train,0,23,35,0,1,1,A,S,N,1,113538.81,49,2
1050624,2015-01-28,train,0,65,35,0,1,1,A,S,N,1,61605.09,50,1
1050625,2015-01-28,train,0,23,35,0,1,1,A,S,N,1,,49,2
1050626,2015-01-28,train,0,23,35,0,1,1,A,S,N,1,,8,2
1050610,2015-01-28,train,0,24,35,0,1,1,I,S,N,1,68318.45999999999,37,2
1050627,2015-01-28,train,0,23,35,0,1,1,I,S,N,0,65608.35,13,2
1050609,2015-01-28,train,0,22,35,0,1,1,I,S,N,1,73432.47,13,2
1050605,2015-01-28,train,0,23,35,0,1,1,I,S,N,0,,45,2
1050582,2015-01-28,train,0,28,35,0,1,1,I,S,N,1,64620.56999999999,13,2
1050586,2015-01-28,train,0,23,35,0,1,1,A,S,N,1,64194.99000000001,13,2
1050588,2015-01-28,train,0,22,35,0,1,1,I,S,N,1,,9,2
1050589,2015-01-28,train,0,23,35,0,1,1,I,S,N,0,119173.88999999998,22,2
1050591,2015-01-28,train,0,23,35,0,1,1,A,S,N,1,58728.39,13,2
1050592,2015-01-28,train,0,22,35,0,1,1,I,S,N,0,,31,2
1050595,2015-01-28,train,0,25,35,0,1,1,A,S,N,1,86863.38,5,2
1050596,2015-01-28,train,0,25,35,0,1,1,A,S,S,1,68421.36,50,2
1050597,2015-01-28,train,0,23,35,0,1,1,A,S,N,0,,45,2
1050598,2015-01-28,train,0,23,35,0,1,1,A,S,N,1,90408.75,45,2
1050599,2015-01-28,train,0,24,35,0,1,1,I,S,N,0,74780.37,49,2
1050601,2015-01-28,train,0,26,35,0,1,1,I,S,N,0,120146.49,45,2
1050602,2015-01-28,train,0,23,35,0,1,1,A,S,N,1,91282.71,37,2
1050603,2015-01-28,train,0,23,35,0,1,1,I,S,N,1,131351.94,50,2
1050604,2015-01-28,train,0,53,35,0,1,1,A,S,N,0,113279.1,37,1
1050607,2015-01-28,train,0,27,35,0,1,1,I,S,N,0,70777.59,40,2
1050580,2015-01-28,train,0,23,35,0,1,1,A,S,N,1,77320.92,27,2
1050628,2015-01-28,train,0,22,35,0,1,1,I,S,N,0,,25,2
1050630,2015-01-28,train,0,22,35,0,1,1,I,S,S,0,64398.06,8,2
1050669,2015-01-28,train,0,32,35,0,1,1.0,A,S,N,1,171398.84999999998,29,1
1050670,2015-01-28,train,0,37,35,0,1,1.0,A,S,N,1,64031.25,37,1
1050676,2015-01-28,train,0,31,35,0,1,1.0,A,S,N,0,90431.85,45,1
1050679,2015-01-28,train,0,39,35,0,1,1.0,A,S,N,1,157191.69,28,1
1050680,2015-01-28,train,0,53,35,0,1,1.0,A,S,N,0,133092.33000000002,8,1
1050686,2015-01-28,train,0,39,35,0,1,1.0,A,S,N,1,37075.26,10,1
1050688,2015-01-28,train,0,63,35,0,1,1.0,A,S,N,1,245052.27,28,1
1050693,2015-01-28,train,0,37,35,0,1,1.0,A,S,N,0,104035.08,8,1
1050694,2015-01-28,train,0,31,35,0,1,1.0,A,S,N,1,57155.34,28,2
1050697,2015-01-28,train,0,33,35,0,1,1.0,A,S,N,1,,28,1
1050703,2015-01-28,train,0,23,35,0,1,1.0,I,S,N,0,53631.36,22,2
1050704,2015-01-28,train,0,23,35,0,1,1.0,I,S,N,0,72880.79999999999,8,2
1050706,2015-01-28,train,0,33,35,0,1,1.0,I,S,N,1,84061.95000000001,37,2
1050707,2015-01-28,train,0,23,35,0,1,1.0,I,S,N,0,106686.96,3,2
1050710,2015-01-28,train,0,23,35,0,1,1.0,I,S,N,0,132398.40000000002,3,2
1050663,2015-01-28,train,0,23,35,0,1,1.0,A,S,N,1,148080.45,42,2
1050629,2015-01-28,train,0,55,35,0,1,1,I,S,N,0,101919.09,50,1
1050662,2015-01-28,train,0,37,35,0,1,1.0,A,S,N,1,122456.91,28,1
1050660,2015-01-28,train,0,32,35,0,1,1.0,A,S,N,1,94683.27,41,2
1050632,2015-01-28,train,0,23,35,0,1,1,I,S,N,0,289211.4,8,2
1050633,2015-01-28,train,0,23,35,0,1,1,A,S,N,1,34406.58,45,2
1050634,2015-01-28,train,0,55,35,0,1,1,I,S,N,0,101919.09,50,1
1050635,2015-01-28,train,0,23,35,0,1,1,A,S,N,1,77346.51,37,2
1050636,2015-01-28,train,0,23,35,0,1,1,A,S,N,1,136930.23,39,2
1050639,2015-01-28,train,0,23,35,0,1,1.0,A,S,N,1,148677.18,50,2
1050641,2015-01-28,train,0,42,35,0,1,1.0,A,S,N,1,45345.18,28,1
1050642,2015-01-28,train,0,58,35,0,1,1.0,I,S,N,0,,29,1
1050647,2015-01-28,train,0,38,35,0,1,1.0,A,S,N,1,28359.36,3,1
1050648,2015-01-28,train,0,50,35,0,1,1.0,A,S,N,1,137894.63999999998,28,1
1050651,2015-01-28,train,0,30,35,0,1,1.0,A,S,N,1,139502.28,7,1
1050652,2015-01-28,train,0,31,35,0,1,1.0,A,S,N,1,149099.88,47,2
1050655,2015-01-28,train,0,45,35,0,1,1.0,A,S,N,1,95302.5,36,1
1050658,2015-01-28,train,0,44,35,0,1,1.0,I,S,N,0,110245.53,28,1
1050659,2015-01-28,train,0,39,35,0,1,1.0,A,S,N,1,,7,1
1050661,2015-01-28,train,0,37,35,0,1,1.0,A,S,N,1,60072.81,46,1
1050711,2015-01-28,train,0,23,35,0,1,1.0,I,S,N,0,,49,2
1050579,2015-01-28,train,0,27,35,0,1,1,I,S,N,0,34802.01,44,2
1050577,2015-01-28,train,0,23,35,0,1,1,A,S,N,1,79998.72,22,2
1050507,2015-01-28,train,0,27,35,0,1,1,A,S,N,1,55331.31,46,2
1050508,2015-01-28,train,0,27,35,0,1,1,A,S,S,1,173223.78,8,2
1050509,2015-01-28,train,0,23,35,0,1,1,I,S,N,0,47332.86,50,2
1050511,2015-01-28,train,0,23,35,0,1,1,I,S,N,1,111933.0,15,2
1050512,2015-01-28,train,0,31,35,0,1,1,I,S,N,0,107634.66,45,2
1050513,2015-01-28,train,0,23,35,0,1,1,I,S,N,0,55561.62,46,2
1050514,2015-01-28,train,0,28,35,0,1,1,I,S,S,0,215373.3,8,2
1050515,2015-01-28,train,0,23,35,0,1,1,I,S,N,0,64258.14,10,2
1050516,2015-01-28,train,0,24,35,0,1,1,I,S,N,0,,45,2
1050517,2015-01-28,train,0,27,35,0,1,1,A,S,N,1,59930.22,22,2
1050520,2015-01-28,train,0,23,35,0,1,1,I,S,N,0,162609.54,45,2
1050521,2015-01-28,train,0,23,35,0,1,1,I,S,N,1,74708.49,32,2
1050522,2015-01-28,train,0,25,35,0,1,1,I,S,N,0,68155.5,50,2
1050523,2015-01-28,train,0,24,35,0,1,1,I,S,N,0,77383.98,46,2
1050524,2015-01-28,train,0,25,35,0,1,1,I,S,N,0,56347.68000000001,27,2
1050505,2015-01-28,train,0,25,35,0,1,1,I,S,N,0,112330.35,45,2
1050525,2015-01-28,train,0,26,35,0,1,1,I,S,N,0,95392.71,28,2
1050504,2015-01-28,train,0,36,35,0,1,1,I,S,N,0,73020.18000000001,23,1
1050502,2015-01-28,train,0,23,35,0,1,1,I,S,N,0,,13,2
1050487,2015-01-28,train,0,23,35,0,1,1,I,S,N,0,101293.11000000002,15,2
1050488,2015-01-28,train,0,26,35,0,1,1,A,S,N,1,113580.78,22,2
1050489,2015-01-28,train,0,23,35,0,1,1,A,S,N,1,158207.40000000002,8,2
1050490,2015-01-28,train,0,23,35,0,1,1,A,S,N,1,,13,2
1050491,2015-01-28,train,0,23,35,0,1,1,I,S,N,0,60067.86,45,2
1050492,2015-01-28,train,0,25,35,0,1,1,A,S,N,1,77713.95000000001,45,2
1050493,2015-01-28,train,0,23,35,0,1,1,I,S,N,0,,37,2
1050494,2015-01-28,train,0,38,35,0,1,1,I,S,N,0,42423.03,45,1
1050495,2015-01-28,train,0,23,35,0,1,1,I,S,N,1,154107.09,27,2
1050496,2015-01-28,train,0,28,35,0,1,1,A,S,N,1,93241.92,50,2
1050497,2015-01-28,train,0,23,35,0,1,1,I,S,S,0,46257.72,45,2
1050498,2015-01-28,train,0,24,35,0,1,1,I,S,N,0,,16,2
1050499,2015-01-28,train,0,23,35,0,1,1,I,S,N,0,130311.75,8,2
1050500,2015-01-28,train,0,24,35,0,1,1,I,S,N,0,58682.34,13,2
1050501,2015-01-28,train,0,63,35,0,1,1,A,S,N,1,58682.34,13,1
1050503,2015-01-28,train,0,23,35,0,1,1,A,S,N,1,,36,2
1050578,2015-01-28,train,0,23,35,0,1,1,I,S,N,0,103775.1,10,2
1050526,2015-01-28,train,0,22,35,0,1,1,I,S,N,0,59551.65,50,2
1050529,2015-01-28,train,0,24,35,0,1,1,I,S,N,0,36372.0,13,2
1050553,2015-01-28,train,0,24,35,0,1,1,A,S,N,1,,15,2
1050556,2015-01-28,train,0,23,35,0,1,1,A,S,N,1,134770.2,49,2
1050557,2015-01-28,train,0,27,35,0,1,1,I,S,N,0,124518.48,28,2
1050560,2015-01-28,train,0,23,35,0,1,1,A,S,N,1,59537.49000000001,13,2
1050561,2015-01-28,train,0,23,35,0,1,1,I,S,N,0,120146.49,45,2
1050562,2015-01-28,train,0,25,35,0,1,1,I,S,N,0,63342.36,50,2
1050565,2015-01-28,train,0,33,35,0,1,1,A,S,N,1,54141.03,46,2
1050567,2015-01-28,train,0,22,35,0,1,1,I,S,N,0,74689.35,44,2
1050568,2015-01-28,train,0,38,35,0,1,1,I,S,N,0,147215.97,45,1
1050569,2015-01-28,train,0,23,35,0,1,1,I,S,N,0,99272.52,13,2
1050570,2015-01-28,train,0,23,35,0,1,1,A,S,N,1,46145.94,45,2
1050571,2015-01-28,train,0,23,35,0,1,1,A,S,N,1,,48,2
1050573,2015-01-28,train,0,45,35,0,1,1,I,S,N,0,147215.97,45,1
1050574,2015-01-28,train,0,23,35,0,1,1,A,S,N,1,64347.36,13,2
1050575,2015-01-28,train,0,24,35,0,1,1,A,S,N,1,151852.47,46,2
1050552,2015-01-28,train,0,23,35,0,1,1,A,S,N,1,82756.11,46,2
1050527,2015-01-28,train,0,23,35,0,1,1,I,S,N,0,67018.92,46,2
1050551,2015-01-28,train,0,26,35,0,1,1,I,S,N,0,111926.91,28,2
1050549,2015-01-28,train,0,29,35,0,1,1,I,S,N,0,56603.76,45,2
1050530,2015-01-28,train,0,23,35,0,1,1,I,S,N,0,58801.02,17,2
1050531,2015-01-28,train,0,23,35,0,1,1,A,S,N,1,,27,2
1050532,2015-01-28,train,0,22,35,0,1,1,I,S,N,0,134144.28,50,2
1050533,2015-01-28,train,0,23,35,0,1,1,I,S,N,0,,12,2
1050534,2015-01-28,train,0,31,35,0,1,1,I,S,N,0,,28,2
1050535,2015-01-28,train,0,23,35,0,1,1,A,S,N,0,,15,2
1050536,2015-01-28,train,0,23,35,0,1,1,I,S,N,0,37778.01,46,2
1050537,2015-01-28,train,0,23,35,0,1,1,A,S,N,1,214309.14,50,2
1050540,2015-01-28,train,0,25,35,0,1,1,I,S,N,0,,46,2
1050541,2015-01-28,train,0,23,35,0,1,1,I,S,N,0,112228.41,27,2
1050542,2015-01-28,train,0,23,35,0,1,1,A,S,N,1,66540.48,26,2
1050543,2015-01-28,train,0,23,35,0,1,1,A,S,N,0,73414.65,49,2
1050544,2015-01-28,train,0,25,35,0,1,1,I,S,N,0,,27,2
1050547,2015-01-28,train,0,23,35,0,1,1,I,S,N,0,189110.64,46,2
1050548,2015-01-28,train,0,27,35,0,1,1,A,S,N,1,84365.58,13,2
1050550,2015-01-28,train,0,23,35,0,1,1,A,S,N,1,42247.26,45,2
1050713,2015-01-28,train,0,23,35,0,1,1.0,I,S,N,0,180338.19,8,2
1050715,2015-01-28,train,0,22,35,0,1,1.0,A,S,N,1,103915.47,2,2
1050717,2015-01-28,train,0,23,35,0,1,1.0,I,S,N,0,133865.43,8,2
1050873,2015-01-28,train,0,31,35,0,1,1.0,I,S,N,0,,46,2
1050874,2015-01-28,train,0,27,35,0,1,1.0,A,S,N,1,65012.64,5,2
1050875,2015-01-28,train,0,22,35,0,1,1.0,A,S,N,1,,8,2
1050878,2015-01-28,train,0,30,35,0,1,1.0,A,S,N,1,126039.36000000002,28,2
1050879,2015-01-28,train,0,26,35,0,1,1.0,A,S,N,0,72203.85,28,2
1050884,2015-01-28,train,0,29,35,0,1,1.0,A,S,N,0,323722.5,28,2
1050885,2015-01-28,train,0,24,35,0,1,1.0,I,S,N,0,,6,2
1050887,2015-01-28,train,0,26,35,0,1,1.0,I,S,N,0,,37,2
1050888,2015-01-28,train,0,23,35,0,1,1.0,A,S,N,1,243690.57,28,2
1050890,2015-01-28,train,0,26,35,0,1,1.0,I,S,N,0,93297.81,5,2
1050891,2015-01-28,train,0,23,35,0,1,1.0,I,S,N,0,,28,2
1050893,2015-01-28,train,0,23,35,0,1,1.0,A,S,N,1,102242.25,37,2
1050894,2015-01-28,train,0,25,35,0,1,1.0,A,S,N,1,92941.65,28,2
1050896,2015-01-28,train,0,23,35,0,1,1.0,I,S,N,0,72729.48,22,2
1050897,2015-01-28,train,0,22,35,0,1,1.0,A,S,N,1,112788.38999999998,3,2
1050872,2015-01-28,train,0,60,35,0,1,1.0,A,S,N,1,330939.12,28,1
1050898,2015-01-28,train,0,26,35,0,1,1.0,I,S,N,0,57358.02,46,2
1050871,2015-01-28,train,0,23,35,0,1,1.0,A,S,N,1,68472.63,39,2
1050867,2015-01-28,train,0,23,35,0,1,1.0,I,S,N,0,85170.99,37,2
1050841,2015-01-28,train,0,23,35,0,1,1.0,I,S,N,1,99813.3,15,2
1050844,2015-01-28,train,0,23,35,0,1,1.0,A,S,N,1,72727.77,37,2
1050846,2015-01-28,train,0,24,35,0,1,1.0,A,S,N,1,143977.8,28,2
1050847,2015-01-28,train,0,22,35,0,1,1.0,I,S,N,0,,20,2
1050848,2015-01-28,train,0,33,35,0,1,1.0,I,S,N,0,55686.72,46,2
1050851,2015-01-28,train,0,24,35,0,1,1.0,I,S,N,0,43845.0,28,2
1050852,2015-01-28,train,0,26,35,0,1,1.0,I,S,N,0,89386.86,49,2
1050854,2015-01-28,train,0,23,35,0,1,1.0,I,S,N,0,115583.91,28,2
1050855,2015-01-28,train,0,30,35,0,1,1.0,I,S,N,0,81308.45999999999,37,2
1050857,2015-01-28,train,0,23,35,0,1,1.0,A,S,N,1,640168.26,28,2
1050859,2015-01-28,train,0,23,35,0,1,1.0,A,S,N,1,142219.8,37,2
1050861,2015-01-28,train,0,23,35,0,1,1.0,I,S,N,0,,39,2
1050862,2015-01-28,train,0,23,35,0,1,1.0,A,S,N,1,50577.66,37,2
1050864,2015-01-28,train,0,25,35,0,1,1.0,I,S,N,0,109071.12,15,2
1050865,2015-01-28,train,0,23,35,0,1,1.0,I,S,N,0,70577.61,28,2
1050869,2015-01-28,train,0,31,35,0,1,1.0,A,S,S,1,45758.82,28,2
1050838,2015-01-28,train,0,23,35,0,1,1.0,A,S,N,1,90092.43,15,2
1050901,2015-01-28,train,0,31,35,0,1,1.0,I,S,N,0,84510.09,46,2
1050905,2015-01-28,train,0,57,35,0,1,1.0,I,S,N,0,57926.16,46,1
1050927,2015-01-28,train,0,32,35,0,1,1.0,I,S,N,0,195550.95,46,2
1050930,2015-01-28,train,0,36,35,0,1,1.0,A,S,N,1,88561.68000000002,46,1
1050931,2015-01-28,train,0,25,35,0,1,1,A,S,N,1,,46,2
1050932,2015-01-28,train,0,26,35,0,1,1,I,S,N,0,44001.60000000001,46,2
1050933,2015-01-28,train,0,23,35,0,1,1,I,S,N,0,49700.76,46,2
1050934,2015-01-28,train,0,29,35,0,1,1,I,S,N,0,,46,2
1050935,2015-01-28,train,0,25,35,0,1,1,I,S,N,0,47843.46,46,2
1050936,2015-01-28,train,0,29,35,0,1,1,I,S,N,0,31697.07,46,2
1050937,2015-01-28,train,0,30,35,0,1,1,I,S,N,0,50423.58,46,2
1050938,2015-01-28,train,0,30,35,0,1,1,I,S,N,0,57371.76,46,2
1050939,2015-01-28,train,0,29,35,0,1,1,I,S,N,0,,46,2
1050940,2015-01-28,train,0,67,35,0,1,1,I,S,N,0,50423.58,46,1
1050941,2015-01-28,train,0,55,34,0,1,1,I,S,N,0,57926.16,46,1
1050943,2015-01-28,train,0,32,35,0,1,1,I,S,N,0,50423.58,46,2
1050944,2015-01-28,train,0,26,35,0,1,1,I,S,N,0,,15,2
1050926,2015-01-28,train,0,23,35,0,1,1.0,A,S,N,1,91258.47,9,2
1050902,2015-01-28,train,0,23,35,0,1,1.0,A,S,N,1,38074.32,10,2
1050925,2015-01-28,train,0,24,35,0,1,1.0,I,S,S,0,,28,2
1050922,2015-01-28,train,0,22,35,0,1,1.0,I,S,N,1,,28,2
1050906,2015-01-28,train,0,25,35,0,1,1.0,A,S,N,1,129751.02,37,2
1050907,2015-01-28,train,0,27,35,0,1,1.0,I,S,N,0,85067.16,46,2
1050908,2015-01-28,train,0,24,35,0,1,1.0,A,S,N,1,85670.88,37,2
1050909,2015-01-28,train,0,26,35,0,1,1.0,A,S,N,1,57926.16,46,2
1050910,2015-01-28,train,0,32,35,0,1,1.0,I,S,N,0,30906.81,30,2
1050911,2015-01-28,train,0,29,35,0,1,1.0,A,S,N,1,50229.09,46,2
1050912,2015-01-28,train,0,33,35,0,1,1.0,A,S,N,1,,39,2
1050913,2015-01-28,train,0,26,35,0,1,1.0,I,S,N,0,,46,2
1050914,2015-01-28,train,0,25,35,0,1,1.0,A,S,N,1,34358.88,37,2
1050915,2015-01-28,train,0,37,35,0,1,1.0,I,S,N,0,122336.88,46,1
1050916,2015-01-28,train,0,30,35,0,1,1.0,I,S,N,0,182521.62,46,2
1050917,2015-01-28,train,0,23,35,0,1,1.0,I,S,N,0,49074.51,10,2
1050919,2015-01-28,train,0,24,35,0,1,1.0,I,S,N,0,150781.41,37,2
1050920,2015-01-28,train,0,25,35,0,1,1.0,A,S,N,1,,46,2
1050921,2015-01-28,train,0,23,35,0,1,1.0,I,S,N,1,72013.38,5,2
1050924,2015-01-28,train,0,26,35,0,1,1.0,A,S,N,1,67354.74,49,2
1050837,2015-01-28,train,0,22,35,0,1,1.0,I,S,N,0,166221.81,8,2
1050836,2015-01-28,train,0,23,35,0,1,1.0,A,S,N,1,,15,2
1050834,2015-01-28,train,0,23,35,0,1,1.0,I,S,N,0,96211.98,15,2
1050748,2015-01-28,train,0,47,35,0,1,1.0,I,S,N,0,59406.69,11,1
1050749,2015-01-28,train,0,22,35,0,1,1.0,A,S,N,1,118859.34,8,2
1050750,2015-01-28,train,0,23,35,0,1,1.0,A,S,N,1,13093.26,13,2
1050751,2015-01-28,train,0,23,35,0,1,1.0,I,S,N,0,61214.85000000001,45,2
1050752,2015-01-28,train,0,22,35,0,1,1.0,A,S,N,1,114761.19,8,2
1050753,2015-01-28,train,0,29,35,0,1,1.0,I,S,N,0,149086.02,41,2
1050754,2015-01-28,train,0,23,35,0,1,1.0,I,S,N,0,,45,2
1050755,2015-01-28,train,0,22,35,0,1,1.0,I,S,N,0,105335.94,8,2
1050756,2015-01-28,train,0,23,35,0,1,1.0,I,S,N,0,67719.18000000001,5,2
1050757,2015-01-28,train,0,22,35,0,1,1.0,A,S,N,1,148870.98,8,2
1050758,2015-01-28,train,0,24,35,0,1,1.0,I,S,N,0,247846.8,29,2
1050759,2015-01-28,train,0,25,35,0,1,1.0,I,S,N,0,35610.149999999994,45,2
1050760,2015-01-28,train,0,23,35,0,1,1.0,I,S,N,0,43060.35000000001,37,2
1050762,2015-01-28,train,0,23,35,0,1,1.0,A,S,N,1,44938.2,37,2
1050764,2015-01-28,train,0,36,35,0,1,1.0,I,S,N,0,31216.23,45,1
1050747,2015-01-28,train,0,23,35,0,1,1.0,I,S,N,1,,37,2
1050766,2015-01-28,train,0,26,35,0,1,1.0,A,S,N,1,,49,2
1050746,2015-01-28,train,0,24,35,0,1,1.0,I,S,N,0,64377.69,45,2
1050743,2015-01-28,train,0,23,35,0,1,1.0,I,S,N,0,59912.88,45,2
1050718,2015-01-28,train,0,23,35,0,1,1.0,I,S,N,0,111895.86000000002,5,2
1050720,2015-01-28,train,0,23,35,0,1,1.0,A,S,N,1,311520.44999999995,8,2
1050722,2015-01-28,train,0,23,35,0,1,1.0,I,S,N,0,81689.91,37,2
1050725,2015-01-28,train,0,23,35,0,1,1.0,A,S,N,1,140953.86000000002,37,2
1050727,2015-01-28,train,0,23,35,0,1,1.0,I,S,N,1,25694.58,37,2
1050728,2015-01-28,train,0,23,35,0,1,1.0,I,S,N,1,,20,2
1050732,2015-01-28,train,0,23,35,0,1,1.0,I,S,N,0,94136.49,37,2
1050734,2015-01-28,train,0,26,35,0,1,1.0,I,S,N,1,39389.4,50,2
1050735,2015-01-28,train,0,22,35,0,1,1.0,I,S,N,0,90461.7,49,2
1050736,2015-01-28,train,0,27,35,0,1,1.0,I,S,N,0,,37,2
1050738,2015-01-28,train,0,23,35,0,1,1.0,I,S,N,1,50457.06,10,2
1050739,2015-01-28,train,0,22,35,0,1,1.0,I,S,N,0,,41,2
1050740,2015-01-28,train,0,23,35,0,1,1.0,I,S,N,0,175780.83000000002,37,2
1050741,2015-01-28,train,0,,,NA,NA,,,,,NA,,NA,
1050742,2015-01-28,train,0,25,35,0,1,1.0,I,S,N,0,57684.12,11,2
1050744,2015-01-28,train,0,23,35,0,1,1.0,A,S,N,1,85568.97,37,2
1050768,2015-01-28,train,0,23,35,0,1,1.0,I,S,N,0,43242.21,45,2
1050769,2015-01-28,train,0,23,35,0,1,1.0,A,S,N,1,85073.61,37,2
1050771,2015-01-28,train,0,23,35,0,1,1.0,A,S,N,1,64886.31,45,2
1050806,2015-01-28,train,0,27,35,0,1,1.0,I,S,N,0,140940.27,37,2
1050810,2015-01-28,train,0,23,35,0,1,1.0,A,S,N,1,128396.19,5,2
1050811,2015-01-28,train,0,26,35,0,1,1.0,A,S,N,1,98243.4,37,2
1050813,2015-01-28,train,0,23,35,0,1,1.0,A,S,N,1,100792.08,37,2
1050815,2015-01-28,train,0,23,35,0,1,1.0,A,S,N,1,40882.29,6,2
1050817,2015-01-28,train,0,26,35,0,1,1.0,I,S,N,0,,49,2
1050819,2015-01-28,train,0,24,35,0,1,1.0,A,S,N,1,105114.81,37,2
1050820,2015-01-28,train,0,23,35,0,1,1.0,I,S,N,0,95234.76,37,2
1050822,2015-01-28,train,0,23,35,0,1,1.0,I,S,N,1,90872.37,37,2
1050824,2015-01-28,train,0,24,35,0,1,1.0,I,S,N,0,,37,2
1050825,2015-01-28,train,0,23,35,0,1,1.0,I,S,N,0,70435.44,10,2
1050829,2015-01-28,train,0,24,35,0,1,1.0,I,S,N,0,42778.98,49,2
1050830,2015-01-28,train,0,22,35,0,1,1.0,A,S,N,1,46364.61,15,2
1050832,2015-01-28,train,0,23,35,0,1,1.0,I,S,N,1,97533.84,37,2
1050833,2015-01-28,train,0,23,35,0,1,1.0,A,S,N,1,88349.85,37,2
1050804,2015-01-28,train,0,26,35,0,1,1.0,A,S,N,1,73938.9,37,2
1050803,2015-01-28,train,0,28,35,0,1,1.0,I,S,N,0,37729.83,3,2
1050800,2015-01-28,train,0,23,35,0,1,1.0,A,S,N,1,110521.98,9,2
1050798,2015-01-28,train,0,34,35,0,1,1.0,I,S,N,1,80555.64,49,1
1050773,2015-01-28,train,0,22,35,0,1,1.0,A,S,N,1,281761.02,3,2
1050774,2015-01-28,train,0,23,35,0,1,1.0,I,S,N,0,,10,2
1050775,2015-01-28,train,0,23,35,0,1,1.0,A,S,N,1,42273.99,37,2
1050778,2015-01-28,train,0,26,35,0,1,1.0,A,S,N,1,126947.19,45,2
1050779,2015-01-28,train,0,23,35,0,1,1.0,A,S,N,1,45086.37,6,2
1050781,2015-01-28,train,0,23,35,0,1,1.0,I,S,N,0,69094.08,16,2
1050784,2015-01-28,train,0,23,35,0,1,1.0,I,S,N,0,43947.27,4,2
1050486,2015-01-28,train,0,29,35,0,1,1,I,S,N,0,39097.98,28,2
1050786,2015-01-28,train,0,29,35,0,1,1.0,I,S,N,0,116311.88999999998,10,2
1050788,2015-01-28,train,0,27,35,0,1,1.0,I,S,N,0,102857.34,45,2
1050790,2015-01-28,train,0,23,35,0,1,1.0,I,S,N,0,57965.34,10,2
1050791,2015-01-28,train,0,23,35,0,1,1.0,A,S,N,1,107045.79,37,2
1050793,2015-01-28,train,0,23,35,0,1,1.0,A,S,N,1,56271.09,10,2
1050794,2015-01-28,train,0,26,35,0,1,1.0,I,S,N,0,23824.32,37,2
1050796,2015-01-28,train,0,23,35,0,1,1.0,A,S,N,1,56709.78,10,2
1050797,2015-01-28,train,0,22,35,0,1,1.0,A,S,N,0,110465.58,50,2
1050787,2015-01-28,train,0,27,35,0,1,1.0,I,S,N,0,,49,2
1050946,2015-01-28,train,0,31,35,0,1,1,A,S,N,1,40881.75,46,2
1050485,2015-01-28,train,0,28,35,0,1,1,I,S,N,0,40852.53,45,2
1050481,2015-01-28,train,0,26,35,0,1,1,I,S,N,0,58142.7,6,2
1050227,2015-01-28,train,0,25,35,0,1,1,I,S,N,0,77098.77,45,2
1050228,2015-01-28,train,0,50,35,0,1,1,I,S,N,0,,8,1
1050229,2015-01-28,train,0,24,35,0,1,1,I,S,N,0,123240.45,2,2
1050230,2015-01-28,train,0,26,35,0,1,1,A,S,N,0,62151.18000000001,45,2
1050231,2015-01-28,train,0,26,35,0,1,1,I,S,N,0,88658.25,45,2
1050233,2015-01-28,train,0,23,35,0,1,1,I,S,N,0,66288.09,45,2
1050234,2015-01-28,train,0,27,35,0,1,1,I,S,N,0,694172.8500000001,8,2
1050235,2015-01-28,train,0,24,35,0,1,1,I,S,N,0,,45,2
1050238,2015-01-28,train,0,23,35,0,1,1,I,S,N,0,162359.91,45,2
1050239,2015-01-28,train,0,23,35,0,1,1,A,S,N,1,90636.39,15,2
1050240,2015-01-28,train,0,22,35,0,1,1,I,S,N,0,,36,2
1050242,2015-01-28,train,0,23,35,0,1,1,I,S,N,1,192255.09,28,2
1050243,2015-01-28,train,0,32,35,0,1,1,I,S,N,0,37008.60000000001,45,2
1050244,2015-01-28,train,0,24,35,0,1,1,I,S,N,0,82451.25,45,2
1050245,2015-01-28,train,0,24,35,0,1,1,A,S,N,1,79683.84,8,2
1050226,2015-01-28,train,0,27,35,0,1,1,I,S,N,0,69293.43000000001,15,2
1050246,2015-01-28,train,0,30,35,0,1,1,I,S,N,0,88394.76,28,2
1050225,2015-01-28,train,0,23,35,0,1,1,A,S,N,1,140829.0,8,2
1050223,2015-01-28,train,0,23,35,0,1,1,I,S,N,0,106756.17,45,2
1050204,2015-01-28,train,0,48,35,0,1,1,I,S,N,1,66698.61,19,1
1050207,2015-01-28,train,0,23,35,0,1,1,I,S,N,0,,45,2
1050208,2015-01-28,train,0,42,35,0,1,1,I,S,N,0,30535.47,45,1
1050209,2015-01-28,train,0,23,35,0,1,1,I,S,N,0,120620.16,28,2
1050210,2015-01-28,train,0,23,35,0,1,1,A,S,N,1,65459.37,45,2
1050211,2015-01-28,train,0,23,35,0,1,1,A,S,N,1,54524.10000000001,40,2
1050213,2015-01-28,train,0,27,35,0,1,1,I,S,N,0,136923.54,2,2
1050214,2015-01-28,train,0,26,35,0,1,1,I,S,S,1,81058.77,28,2
1050215,2015-01-28,train,0,55,35,0,1,1,I,S,N,0,288457.44,8,1
1050216,2015-01-28,train,0,25,35,0,1,1,I,S,N,0,45566.46,2,2
1050217,2015-01-28,train,0,23,35,0,1,1,A,S,N,1,,15,2
1050218,2015-01-28,train,0,24,35,0,1,1,I,S,N,0,38771.16,45,2
1050219,2015-01-28,train,0,26,35,0,1,1,I,S,N,0,,45,2
1050220,2015-01-28,train,0,22,35,0,1,1,A,S,N,1,86517.24,36,2
1050222,2015-01-28,train,0,23,35,0,1,1,I,S,N,0,100747.47,28,2
1050224,2015-01-28,train,0,25,35,0,1,1,A,S,N,1,201083.85,28,2
1050202,2015-01-28,train,0,23,35,0,1,1,I,S,N,0,77287.29000000001,15,2
1050247,2015-01-28,train,0,22,35,0,1,1,A,S,N,1,93639.0,15,2
1050251,2015-01-28,train,0,27,35,0,1,1,I,S,N,0,55568.10000000001,16,2
1050275,2015-01-28,train,0,22,35,0,1,1,A,S,N,1,189723.06,15,2
1050277,2015-01-28,train,0,42,35,0,1,1,I,S,N,0,,32,1
1050278,2015-01-28,train,0,24,35,0,1,1,I,S,N,1,116529.06,28,2
1050279,2015-01-28,train,0,24,35,0,1,1,I,S,N,0,54032.31,45,2
1050280,2015-01-28,train,0,26,35,0,1,1,I,S,N,0,49459.68000000001,2,2
1050284,2015-01-28,train,0,24,35,0,1,1,I,S,N,0,,45,2
1050285,2015-01-28,train,0,23,35,0,1,1,I,S,N,0,355856.76,28,2
1050287,2015-01-28,train,0,25,35,0,1,1,I,S,N,0,80976.93000000001,45,2
1050288,2015-01-28,train,0,37,35,0,1,1,I,S,S,0,,8,1
1050289,2015-01-28,train,0,33,35,0,1,1,A,S,N,1,67589.28,6,2
1050290,2015-01-28,train,0,23,35,0,1,1,I,S,N,0,237593.22000000003,28,2
1050291,2015-01-28,train,0,23,35,0,1,1,I,S,N,0,155915.63999999998,45,2
1050292,2015-01-28,train,0,25,35,0,1,1,A,S,N,1,,27,2
1050293,2015-01-28,train,0,25,35,0,1,1,A,S,N,1,34983.06,45,2
1050294,2015-01-28,train,0,22,35,0,1,1,I,S,N,0,21499.95,13,2
1050274,2015-01-28,train,0,23,35,0,1,1,A,S,N,1,52766.04,27,2
1050249,2015-01-28,train,0,23,35,0,1,1,I,S,N,0,94329.15,45,2
1050273,2015-01-28,train,0,27,35,0,1,1,I,S,N,0,247945.47000000003,8,2
1050271,2015-01-28,train,0,23,35,0,1,1,I,S,N,0,38039.46,28,2
1050252,2015-01-28,train,0,23,35,0,1,1,I,S,N,0,45588.75,28,2
1050253,2015-01-28,train,0,27,35,0,1,1,I,S,N,0,440329.68,8,2
1050254,2015-01-28,train,0,22,35,0,1,1,A,S,N,1,93290.43,2,2
1050257,2015-01-28,train,0,23,35,0,1,1,I,S,N,0,73773.95999999999,45,2
1050258,2015-01-28,train,0,23,35,0,1,1,A,S,N,1,,45,2
1050259,2015-01-28,train,0,23,35,0,1,1,A,S,N,1,55723.62,5,2
1050261,2015-01-28,train,0,23,35,0,1,1,I,S,N,0,32943.39,45,2
1050262,2015-01-28,train,0,25,35,0,1,1,I,S,N,0,63083.28,40,2
1050263,2015-01-28,train,0,25,35,0,1,1,A,S,N,1,,27,2
1050264,2015-01-28,train,0,22,35,0,1,1,I,S,N,0,64477.53,6,2
1050266,2015-01-28,train,0,37,35,0,1,1,A,S,N,1,128014.47,45,1
1050267,2015-01-28,train,0,26,35,0,1,1,I,S,N,0,129902.61000000002,8,2
1050268,2015-01-28,train,0,24,35,0,1,1,I,S,N,0,258143.28,28,2
1050269,2015-01-28,train,0,24,35,0,1,1,I,S,N,0,21409.59,13,2
1050270,2015-01-28,train,0,24,35,0,1,1,A,S,N,1,,16,2
1050272,2015-01-28,train,0,46,35,0,1,1,I,S,S,0,101748.15,45,1
1050295,2015-01-28,train,0,23,35,0,1,1,I,S,N,0,,44,2
1050201,2015-01-28,train,0,30,35,0,1,1,I,S,N,0,63046.59,8,2
1050199,2015-01-28,train,0,27,35,0,1,1,I,S,N,0,159586.44,2,2
1050125,2015-01-28,train,0,23,35,0,1,1,A,S,N,1,174366.99,34,2
1050130,2015-01-28,train,0,24,35,0,1,1,I,S,N,0,46456.05,3,2
1050132,2015-01-28,train,0,22,35,0,1,1,I,S,N,0,133921.77,17,2
1050134,2015-01-28,train,0,36,35,0,1,1,I,S,N,0,109175.34,16,1
1050135,2015-01-28,train,0,22,35,0,1,1,I,S,N,0,25934.550000000007,13,2
1050137,2015-01-28,train,0,23,35,0,1,1,I,S,N,1,,8,2
1050138,2015-01-28,train,0,24,35,0,1,1,I,S,N,0,96487.77,34,2
1050141,2015-01-28,train,0,22,35,0,1,1,I,S,N,0,52520.81999999999,15,2
1050143,2015-01-28,train,0,24,35,0,1,1,I,S,N,0,69380.94,45,2
1050144,2015-01-28,train,0,22,35,0,1,1,A,S,N,1,95743.98,8,2
1050146,2015-01-28,train,0,35,35,0,1,1,A,S,N,1,371313.09,28,1
1050148,2015-01-28,train,0,23,35,0,1,1,I,S,N,0,28305.36,45,2
1050149,2015-01-28,train,0,28,35,0,1,1,I,S,N,0,77517.0,10,2
1050150,2015-01-28,train,0,30,35,0,1,1,I,S,N,0,50910.63,3,2
1050153,2015-01-28,train,0,23,35,0,1,1,I,S,N,0,73161.75,45,2
1050124,2015-01-28,train,0,27,35,0,1,1,I,S,N,0,65431.5,16,2
1050154,2015-01-28,train,0,27,35,0,1,1,A,S,S,1,,45,2
1050120,2015-01-28,train,0,24,35,0,1,1,I,S,N,0,33658.590000000004,16,2
1050116,2015-01-28,train,0,23,35,0,1,1,A,S,N,1,517491.03,8,2
1050088,2015-01-28,train,0,22,35,0,1,1.0,A,S,N,1,68995.68000000001,45,2
1050091,2015-01-28,train,0,54,35,0,1,1.0,A,S,N,1,132684.06,28,1
1050094,2015-01-28,train,0,27,35,0,1,1.0,A,S,N,1,33263.19,16,2
1050095,2015-01-28,train,0,23,35,0,1,1.0,A,S,N,1,119315.37,34,2
1050096,2015-01-28,train,0,22,35,0,1,1,A,S,N,1,107088.06,36,2
1050098,2015-01-28,train,0,22,35,0,1,1,I,S,N,0,131094.03,9,2
1050102,2015-01-28,train,0,45,35,0,1,1,A,S,N,1,62171.13,16,1
1050103,2015-01-28,train,0,44,35,0,1,1,A,S,N,1,56967.60000000001,34,1
1050104,2015-01-28,train,0,23,35,0,1,1,I,S,N,0,110330.52,8,2
1050107,2015-01-28,train,0,22,35,0,1,1,I,S,N,0,,17,2
1050109,2015-01-28,train,0,23,35,0,1,1,A,S,N,1,135536.28,9,2
1050110,2015-01-28,train,0,27,35,0,1,1,A,S,N,1,82232.91,16,2
1050111,2015-01-28,train,0,22,35,0,1,1,I,S,N,0,90688.05,27,2
1050113,2015-01-28,train,0,25,35,0,1,1,I,S,N,0,216039.66,47,2
1050114,2015-01-28,train,0,22,35,0,1,1,I,S,N,1,69131.19,39,2
1050117,2015-01-28,train,0,24,35,0,1,1,A,S,N,1,,26,2
1050200,2015-01-28,train,0,25,35,0,1,1,I,S,N,0,60447.48,45,2
1050155,2015-01-28,train,0,27,35,0,1,1,A,S,N,1,54971.22,45,2
1050157,2015-01-28,train,0,30,35,0,1,1,I,S,N,0,68869.17,9,2
1050182,2015-01-28,train,0,23,35,0,1,1,I,S,N,0,125221.17,8,2
1050183,2015-01-28,train,0,23,35,0,1,1,I,S,N,0,58957.14,45,2
1050184,2015-01-28,train,0,23,35,0,1,1,A,S,N,1,194750.25,15,2
1050185,2015-01-28,train,0,30,35,0,1,1,I,S,N,0,67433.91,13,2
1050186,2015-01-28,train,0,23,35,0,1,1,I,S,N,0,139241.94,45,2
1050188,2015-01-28,train,0,30,35,0,1,1,I,S,N,1,186640.32,8,2
1050189,2015-01-28,train,0,30,35,0,1,1,I,S,N,0,60542.25,45,2
1050190,2015-01-28,train,0,24,35,0,1,1,I,S,N,0,128193.96,28,2
1050191,2015-01-28,train,0,23,35,0,1,1,I,S,N,0,52931.67,45,2
1050192,2015-01-28,train,0,23,35,0,1,1,I,S,N,1,206924.25,28,2
1050193,2015-01-28,train,0,30,35,0,1,1,I,S,N,0,,45,2
1050194,2015-01-28,train,0,23,35,0,1,1,A,S,N,1,52777.5,2,2
1050195,2015-01-28,train,0,24,35,0,1,1,A,S,N,1,69411.9,13,2
1050197,2015-01-28,train,0,27,35,0,1,1,A,S,N,1,44890.68,13,2
1050198,2015-01-28,train,0,23,35,0,1,1,A,S,N,1,100985.82,8,2
1050179,2015-01-28,train,0,24,35,0,1,1,A,S,N,1,103928.16,45,2
1050156,2015-01-28,train,0,24,35,0,1,1,I,S,N,0,58873.95,45,2
1050176,2015-01-28,train,0,27,35,0,1,1,I,S,N,0,107634.66,45,2
1050174,2015-01-28,train,0,27,35,0,1,1,I,S,N,0,66474.29999999999,46,2
1050158,2015-01-28,train,0,32,35,0,1,1,I,S,N,0,212434.44,46,2
1050159,2015-01-28,train,0,24,35,0,1,1,I,S,N,0,,23,2
1050160,2015-01-28,train,0,25,35,0,1,1,I,S,N,0,47382.24,45,2
1050161,2015-01-28,train,0,24,35,0,1,1,A,S,N,1,107645.82,45,2
1050162,2015-01-28,train,0,30,35,0,1,1,I,S,N,0,104039.1,26,2
1050163,2015-01-28,train,0,27,35,0,1,1,I,S,N,0,187596.69,8,2
1050164,2015-01-28,train,0,23,35,0,1,1,I,S,N,0,112330.35,45,2
1050165,2015-01-28,train,0,27,35,0,1,1,I,S,N,0,38420.37,45,2
1050166,2015-01-28,train,0,35,35,0,1,1,I,S,N,0,138819.3,45,1
1050167,2015-01-28,train,0,31,35,0,1,1,I,S,N,0,42729.72,12,2
1050168,2015-01-28,train,0,24,35,0,1,1,I,S,N,0,129970.11000000002,45,2
1050169,2015-01-28,train,0,25,35,0,1,1,A,S,N,1,237484.71,28,2
1050171,2015-01-28,train,0,29,35,0,1,1,I,S,N,0,72540.87,45,2
1050172,2015-01-28,train,0,28,35,0,1,1,I,S,N,0,100036.47,46,2
1050173,2015-01-28,train,0,58,35,0,1,1,I,S,N,0,,8,1
1050175,2015-01-28,train,0,25,35,0,1,1,I,S,N,0,69710.31,28,2
1050296,2015-01-28,train,0,25,35,0,1,1,I,S,N,1,69481.92,24,2
1050298,2015-01-28,train,0,23,35,0,1,1,A,S,N,1,63048.99000000001,45,2
1050299,2015-01-28,train,0,22,35,0,1,1,A,S,N,1,119972.37,15,2
1050417,2015-01-28,train,0,23,35,0,1,1,I,S,N,0,126123.33,45,2
1050418,2015-01-28,train,0,23,35,0,1,1,A,S,N,1,,15,2
1050419,2015-01-28,train,0,44,35,0,1,1,I,S,S,0,,10,1
1050420,2015-01-28,train,0,24,35,0,1,1,I,S,N,0,70921.41,45,2
1050421,2015-01-28,train,0,23,35,0,1,1,I,S,N,0,364243.44,28,2
1050422,2015-01-28,train,0,23,35,0,1,1,A,S,N,1,108519.51,27,2
1050423,2015-01-28,train,0,23,35,0,1,1,A,S,N,1,,15,2
1050424,2015-01-28,train,0,25,35,0,1,1,I,S,N,1,,31,2
1050425,2015-01-28,train,0,25,35,0,1,1,I,S,N,0,365948.07,28,2
1050426,2015-01-28,train,0,25,35,0,1,1,I,S,N,0,926880.45,35,2
1050428,2015-01-28,train,0,23,35,0,1,1,A,S,N,1,154261.98,15,2
1050430,2015-01-28,train,0,33,35,0,1,1,I,S,N,0,65238.21,28,2
1050431,2015-01-28,train,0,23,35,0,1,1,I,S,N,0,109381.41,45,2
1050432,2015-01-28,train,0,24,35,0,1,1,I,S,N,0,25762.35,45,2
1050433,2015-01-28,train,0,26,35,0,1,1,I,S,N,0,34802.01,44,2
1050416,2015-01-28,train,0,23,35,0,1,1,I,S,N,0,117134.16,44,2
1050435,2015-01-28,train,0,24,35,0,1,1,I,S,N,0,67181.64,13,2
1050415,2015-01-28,train,0,23,35,0,1,1,A,S,N,1,73723.47,27,2
1050413,2015-01-28,train,0,32,35,0,1,1,I,S,N,0,60330.48,45,2
1050394,2015-01-28,train,0,22,35,0,1,1,I,S,N,0,,8,2
1050396,2015-01-28,train,0,24,35,0,1,1,I,S,N,0,25010.94,16,2
1050397,2015-01-28,train,0,26,35,0,1,1,I,S,N,0,,31,2
1050398,2015-01-28,train,0,22,35,0,1,1,I,S,N,0,87384.63,8,2
1050400,2015-01-28,train,0,24,35,0,1,1,I,S,N,0,,45,2
1050401,2015-01-28,train,0,23,35,0,1,1,A,S,N,1,37896.0,6,2
1050403,2015-01-28,train,0,24,35,0,1,1,I,S,N,1,,27,2
1050404,2015-01-28,train,0,23,35,0,1,1,A,S,N,1,89161.04999999997,15,2
1050405,2015-01-28,train,0,24,35,0,1,1,I,S,N,0,252104.58,28,2
1050406,2015-01-28,train,0,25,35,0,1,1,I,S,N,0,60706.17,5,2
1050407,2015-01-28,train,0,24,35,0,1,1,I,S,N,0,,16,2
1050408,2015-01-28,train,0,23,35,0,1,1,I,S,N,0,115407.72,50,2
1050409,2015-01-28,train,0,32,35,0,1,1,A,S,N,1,365727.99,45,2
1050411,2015-01-28,train,0,23,35,0,1,1,A,S,N,1,121045.71,36,2
1050412,2015-01-28,train,0,25,35,0,1,1,I,S,N,0,27324.57,49,2
1050414,2015-01-28,train,0,50,35,0,1,1,I,S,N,0,76899.12,45,1
1050392,2015-01-28,train,0,22,35,0,1,1,I,S,N,0,112374.51,8,2
1050436,2015-01-28,train,0,37,35,0,1,1,I,S,N,0,271389.57,45,1
1050438,2015-01-28,train,0,25,35,0,1,1,I,S,N,1,,28,2
1050462,2015-01-28,train,0,26,35,0,1,1,I,S,N,0,,45,2
1050463,2015-01-28,train,0,23,35,0,1,1,A,S,N,1,40418.10000000001,15,2
1050464,2015-01-28,train,0,24,35,0,1,1,A,S,N,1,47111.34,13,2
1050465,2015-01-28,train,0,23,35,0,1,1,I,S,N,0,58180.29,45,2
1050466,2015-01-28,train,0,23,35,0,1,1,A,S,N,1,,45,2
1050467,2015-01-28,train,0,23,35,0,1,1,I,S,N,1,49838.94,13,2
1050468,2015-01-28,train,0,24,35,0,1,1,A,S,N,1,101984.85,15,2
1050469,2015-01-28,train,0,23,35,0,1,1,A,S,N,1,,44,2
1050470,2015-01-28,train,0,23,35,0,1,1,I,S,N,0,86394.27,45,2
1050473,2015-01-28,train,0,24,35,0,1,1,I,S,N,0,57865.41,13,2
1050474,2015-01-28,train,0,23,35,0,1,1,I,S,N,0,41442.21,45,2
1050475,2015-01-28,train,0,23,35,0,1,1,I,S,N,0,199649.76,15,2
1050476,2015-01-28,train,0,24,35,0,1,1,I,S,N,0,36725.28,2,2
1050477,2015-01-28,train,0,23,34,0,99,1,A,S,N,0,,50,2
1050478,2015-01-28,train,0,29,35,0,1,1,I,S,N,1,49859.13,5,2
1050461,2015-01-28,train,0,28,35,0,1,1,A,S,N,1,,37,2
1050437,2015-01-28,train,0,30,35,0,1,1,I,S,N,0,45251.7,49,2
1050460,2015-01-28,train,0,26,35,0,1,1,I,S,N,0,29389.44,45,2
1050458,2015-01-28,train,0,27,35,0,1,1,I,S,N,0,,22,2
1050439,2015-01-28,train,0,32,35,0,1,1,I,S,S,0,326482.53,28,2
1050441,2015-01-28,train,0,23,35,0,1,1,A,S,N,1,,45,2
1050443,2015-01-28,train,0,30,35,0,1,1,I,S,N,0,59259.9,45,2
1050444,2015-01-28,train,0,30,35,0,1,1,I,S,N,0,127387.65,28,2
1050445,2015-01-28,train,0,23,35,0,1,1,I,S,N,0,55614.87,45,2
1050446,2015-01-28,train,0,23,35,0,1,1,A,S,N,1,51473.79,45,2
1050447,2015-01-28,train,0,26,35,0,1,1,I,S,N,0,74408.88,49,2
1050449,2015-01-28,train,0,36,35,0,1,1,I,S,N,0,136572.90000000002,45,1
1050450,2015-01-28,train,0,42,35,0,1,1,I,S,N,0,134373.06,45,1
1050451,2015-01-28,train,0,23,35,0,1,1,I,S,N,0,41430.24,45,2
1050452,2015-01-28,train,0,24,35,0,1,1,I,S,N,0,,45,2
1050453,2015-01-28,train,0,23,35,0,1,1,I,S,N,0,,45,2
1050454,2015-01-28,train,0,23,35,0,1,1,I,S,N,0,109422.96,15,2
1050455,2015-01-28,train,0,57,35,0,1,1,A,S,N,1,108421.98,28,1
1050457,2015-01-28,train,0,38,35,0,1,1,I,S,N,0,133243.29,45,1
1050459,2015-01-28,train,0,25,35,0,1,1,I,S,N,0,45681.48,13,2
1050391,2015-01-28,train,0,23,35,0,1,1,I,S,N,0,64317.21,45,2
1050390,2015-01-28,train,0,24,35,0,1,1,A,S,N,1,242115.99,28,2
1050389,2015-01-28,train,0,35,35,0,1,1,A,S,N,0,160539.15000000002,15,1
1050324,2015-01-28,train,0,23,35,0,1,1,I,S,N,0,66407.91,45,2
1050325,2015-01-28,train,0,25,35,0,1,1,I,S,N,0,75208.98,45,2
1050326,2015-01-28,train,0,23,35,0,1,1,A,S,N,1,61998.03,15,2
1050327,2015-01-28,train,0,34,35,0,1,1,A,S,N,1,311891.1,28,1
1050328,2015-01-28,train,0,22,35,0,1,1,A,S,N,1,62874.24000000001,14,2
1050330,2015-01-28,train,0,26,35,0,1,1,I,S,N,1,123576.93,27,2
1050332,2015-01-28,train,0,23,35,0,1,1,I,S,N,0,172272.0,50,2
1050333,2015-01-28,train,0,30,35,0,1,1,I,S,N,0,115710.48,49,2
1050334,2015-01-28,train,0,22,35,0,1,1,A,S,N,1,55264.41,14,2
1050336,2015-01-28,train,0,23,35,0,1,1,I,S,N,1,66578.58,16,2
1050337,2015-01-28,train,0,31,35,0,1,1,A,S,N,1,24624.6,45,2
1050338,2015-01-28,train,0,23,35,0,1,1,I,S,N,0,,15,2
1050340,2015-01-28,train,0,23,35,0,1,1,A,S,N,1,76088.94,50,2
1050341,2015-01-28,train,0,23,35,0,1,1,I,S,N,0,53997.72,45,2
1050342,2015-01-28,train,0,23,35,0,1,1,A,S,N,1,39263.16,45,2
1050322,2015-01-28,train,0,23,35,0,1,1,I,S,N,0,128622.15,45,2
1050343,2015-01-28,train,0,30,35,0,1,1,I,S,N,0,,45,2
1050321,2015-01-28,train,0,23,35,0,1,1,I,S,N,0,,8,2
1050318,2015-01-28,train,0,24,35,0,1,1,I,S,N,0,29632.74,13,2
1050301,2015-01-28,train,0,23,35,0,1,1,A,S,N,0,191768.16,8,2
1050302,2015-01-28,train,0,23,35,0,1,1,A,S,N,0,36745.35000000001,45,2
1050303,2015-01-28,train,0,24,35,0,1,1,A,S,N,0,80142.20999999999,15,2
1050304,2015-01-28,train,0,26,35,0,1,1,I,S,S,0,63817.08,28,2
1050305,2015-01-28,train,0,24,35,0,1,1,I,S,N,0,47329.5,45,2
1050306,2015-01-28,train,0,23,35,0,1,1,I,S,N,0,138497.16,45,2
1050307,2015-01-28,train,0,26,35,0,1,1,I,S,N,0,58255.41,50,2
1050308,2015-01-28,train,0,33,35,0,1,1,A,S,N,1,159611.22,28,1
1050309,2015-01-28,train,0,23,35,0,1,1,I,S,N,0,,16,2
1050310,2015-01-28,train,0,25,35,0,1,1,I,S,S,0,54716.79,6,2
1050311,2015-01-28,train,0,23,35,0,1,1,A,S,N,1,129780.12,15,2
1050312,2015-01-28,train,0,22,35,0,1,1,A,S,N,1,,36,2
1050315,2015-01-28,train,0,23,35,0,1,1,I,S,N,0,51564.81,19,2
1050316,2015-01-28,train,0,24,35,0,1,1,I,S,N,0,55874.81999999999,45,2
1050317,2015-01-28,train,0,25,35,0,1,1,I,S,N,0,,22,2
1050319,2015-01-28,train,0,22,35,0,1,1,A,S,N,1,66669.36,15,2
1050344,2015-01-28,train,0,24,35,0,1,1,I,S,N,1,,15,2
1050345,2015-01-28,train,0,23,35,0,1,1,I,S,S,0,66798.06,27,2
1050346,2015-01-28,train,0,24,35,0,1,1,I,S,N,0,,45,2
1050373,2015-01-28,train,0,28,35,0,1,1,I,S,N,0,64357.26,10,2
1050374,2015-01-28,train,0,23,35,0,1,1,A,S,N,1,58150.56,23,2
1050375,2015-01-28,train,0,23,35,0,1,1,I,S,N,0,84984.95999999999,45,2
1050376,2015-01-28,train,0,24,35,0,1,1,I,S,N,0,,15,2
1050377,2015-01-28,train,0,25,35,0,1,1,I,S,N,1,106180.47,50,2
1050378,2015-01-28,train,0,23,35,0,1,1,I,S,N,1,39557.25,45,2
1050379,2015-01-28,train,0,23,35,0,1,1,A,S,N,1,78505.47,15,2
1050380,2015-01-28,train,0,24,35,0,1,1,I,S,N,0,374739.9,28,2
1050381,2015-01-28,train,0,27,35,0,1,1,A,S,N,1,89205.09,16,2
1050383,2015-01-28,train,0,31,35,0,1,1,I,S,N,0,40266.69,45,2
1050384,2015-01-28,train,0,30,35,0,1,1,A,S,N,1,67345.95000000001,45,2
1050385,2015-01-28,train,0,24,35,0,1,1,I,S,N,0,,27,2
1050386,2015-01-28,train,0,23,35,0,1,1,I,S,N,0,309916.23,50,2
1050387,2015-01-28,train,0,26,35,0,1,1,I,S,N,0,44856.33,45,2
1050388,2015-01-28,train,0,23,35,0,1,1,A,S,N,1,58533.93000000001,27,2
1050372,2015-01-28,train,0,23,35,0,1,1,I,S,N,1,86451.78,27,2
1050370,2015-01-28,train,0,22,35,0,1,1,I,S,N,0,31226.85,45,2
1050368,2015-01-28,train,0,22,35,0,1,1,A,S,N,1,232783.23,27,2
1050367,2015-01-28,train,0,26,35,0,1,1,I,S,N,0,59781.45,10,2
1050347,2015-01-28,train,0,28,35,0,1,1,I,S,N,0,99070.8,49,2
1050348,2015-01-28,train,0,22,35,0,1,1,I,S,N,0,156591.21,8,2
1050350,2015-01-28,train,0,23,35,0,1,1,A,S,N,1,376945.77,28,2
1050351,2015-01-28,train,0,23,35,0,1,1,I,S,N,0,,15,2
1050352,2015-01-28,train,0,22,35,0,1,1,I,S,N,0,92888.67,8,2
1050355,2015-01-28,train,0,23,35,0,1,1,A,S,N,1,55838.19,27,2
1050356,2015-01-28,train,0,26,35,0,1,1,I,S,N,1,117751.38,16,2
1050482,2015-01-28,train,0,24,35,0,1,1,A,S,N,1,,36,2
1050357,2015-01-28,train,0,24,35,0,1,1,I,S,N,0,230417.04,28,2
1050359,2015-01-28,train,0,25,35,0,1,1,I,S,N,0,83893.08,15,2
1050360,2015-01-28,train,0,84,35,0,1,1,A,S,N,1,113431.5,28,3
1050362,2015-01-28,train,0,23,35,0,1,1,I,S,N,0,91694.46,16,2
1050363,2015-01-28,train,0,32,35,0,1,1,I,S,N,0,38141.19,45,2
1050364,2015-01-28,train,0,23,35,0,1,1,I,S,N,0,80772.33,45,2
1050365,2015-01-28,train,0,26,35,0,1,1,A,S,N,1,69380.91,27,2
1050366,2015-01-28,train,0,23,35,0,1,1,I,S,N,1,,50,2
1050358,2015-01-28,train,0,31,35,0,1,1,A,S,N,1,70641.48,28,2
1050947,2015-01-28,train,0,23,35,0,1,1,A,S,N,1,99717.06,36,2
1050948,2015-01-28,train,0,24,35,0,1,1,I,S,N,1,78176.22,36,2
1050951,2015-01-28,train,0,24,35,0,1,1,A,S,N,0,,36,2
1051879,2015-01-28,train,0,22,35,0,1,1,I,S,N,0,84704.06999999999,2,2
1051882,2015-01-28,train,0,22,35,0,1,1,A,S,N,1,103076.34,28,2
1051884,2015-01-28,train,0,22,35,0,1,1,I,S,N,0,139467.38999999998,2,2
1051886,2015-01-28,train,0,22,35,0,1,1,I,S,N,0,,16,2
1051894,2015-01-28,train,0,22,35,0,1,1,A,S,N,1,119864.73,50,2
1051896,2015-01-28,train,0,22,35,0,1,1,I,S,N,0,91111.2,16,2
1051902,2015-01-28,train,0,22,35,0,1,1,A,S,N,1,97986.15,22,2
1051904,2015-01-28,train,0,22,35,0,1,1,I,S,N,0,,6,2
1051906,2015-01-28,train,0,22,35,0,1,1,I,S,N,0,85266.24,16,2
1051908,2015-01-28,train,0,22,35,0,1,1,I,S,N,0,254588.58,37,2
1051910,2015-01-28,train,0,22,35,0,1,1,I,S,N,0,,44,2
1051912,2015-01-28,train,0,22,35,0,1,1,I,S,N,0,41530.23,45,2
1051913,2015-01-28,train,0,22,35,0,1,1,I,S,N,0,65884.65,29,2
1051914,2015-01-28,train,0,22,35,0,1,1,I,S,N,0,82090.38,16,2
1051916,2015-01-28,train,0,22,35,0,1,1,A,S,N,1,96957.12,36,2
1051878,2015-01-28,train,0,22,35,0,1,1,A,S,N,1,147710.19,3,2
1051919,2015-01-28,train,0,22,35,0,1,1,I,S,N,0,58038.87,29,2
1051876,2015-01-28,train,0,22,35,0,1,1,I,S,N,1,71335.14,2,2
1051872,2015-01-28,train,0,22,35,0,1,1,I,S,N,0,13560.12,37,2
1051842,2015-01-28,train,0,50,35,0,1,1,A,S,N,1,104492.67,3,1
1051843,2015-01-28,train,0,32,35,0,1,1,A,S,S,1,109113.15,28,2
1051847,2015-01-28,train,0,22,35,0,1,1,I,S,N,1,193866.12,25,2
1051851,2015-01-28,train,0,15,35,0,1,1,A,S,N,1,487858.47,28,1
1051852,2015-01-28,train,0,12,35,0,1,1,A,S,N,1,487858.47,28,1
1051853,2015-01-28,train,0,8,35,0,1,1,A,S,N,1,487858.47,28,1
1051854,2015-01-28,train,0,6,35,0,1,1,A,S,N,1,263826.03,28,1
1051857,2015-01-28,train,0,22,35,0,1,1,A,S,N,1,50061.15,47,2
1051858,2015-01-28,train,0,22,35,0,1,1,A,S,N,1,91678.05,47,2
1051861,2015-01-28,train,0,30,35,0,1,1,A,S,N,1,70087.98,47,2
1051862,2015-01-28,train,0,22,35,0,1,1,I,S,N,0,55927.71,8,2
1051864,2015-01-28,train,0,22,35,0,1,1,I,S,N,1,78466.77,47,2
1051865,2015-01-28,train,0,22,35,0,1,1,I,S,N,1,67057.44,2,2
1051867,2015-01-28,train,0,22,35,0,1,1,I,S,N,0,61225.59,47,2
1051868,2015-01-28,train,0,22,35,0,1,1,I,S,N,1,105883.13999999998,2,2
1051874,2015-01-28,train,0,22,35,0,1,1,A,S,N,1,56317.65,49,2
1051840,2015-01-28,train,0,42,33,0,1,1,I,S,N,0,198016.17,21,1
1051920,2015-01-28,train,0,83,35,0,1,1,A,S,N,1,242314.05,28,1
1051924,2015-01-28,train,0,22,35,0,1,1,I,S,N,1,57191.25,32,2
1051971,2015-01-28,train,0,22,35,0,1,1,I,S,N,0,,14,2
1051973,2015-01-28,train,0,22,35,0,1,1,A,S,N,1,98444.22,22,2
1051979,2015-01-28,train,0,22,35,0,1,1,I,S,N,0,,23,2
1051981,2015-01-28,train,0,22,35,0,1,1,A,S,N,1,37393.35000000001,50,2
1051985,2015-01-28,train,0,22,35,0,1,1,A,S,N,1,,31,2
1051989,2015-01-28,train,0,22,35,0,1,1,A,S,N,1,83473.26,37,2
1051993,2015-01-28,train,0,22,35,0,1,1,I,S,N,1,67195.53,5,2
1051995,2015-01-28,train,0,22,35,0,1,1,A,S,N,1,82592.64,11,2
1051997,2015-01-28,train,0,22,35,0,1,1,I,S,N,0,224768.04,9,2
1051999,2015-01-28,train,0,22,35,0,1,1,A,S,N,1,92801.31,37,2
1052003,2015-01-28,train,0,22,35,0,1,1,A,S,N,1,86581.56,14,2
1052007,2015-01-28,train,0,22,35,0,1,1,I,S,N,0,33257.61,14,2
1052011,2015-01-28,train,0,22,35,0,1,1,I,S,N,1,98458.2,37,2
1052013,2015-01-28,train,0,22,35,0,1,1,I,S,N,1,116323.88999999998,37,2
1052017,2015-01-28,train,0,22,35,0,1,1,A,S,N,1,84762.48,37,2
1051968,2015-01-28,train,0,47,35,0,1,1,A,S,N,1,89232.39,28,1
1051922,2015-01-28,train,0,22,35,0,1,1,I,S,N,1,124670.88,47,2
1051966,2015-01-28,train,0,22,35,0,1,1,I,S,N,1,45705.18,22,2
1051962,2015-01-28,train,0,22,35,0,1,1,I,S,N,0,159339.54,41,2
1051927,2015-01-28,train,0,22,35,0,1,1,I,S,N,0,129535.32,29,2
1051929,2015-01-28,train,0,22,35,0,1,1,A,S,N,1,68217.39,16,2
1051931,2015-01-28,train,0,22,35,0,1,1,I,S,N,0,83267.67,28,2
1051935,2015-01-28,train,0,22,35,0,1,1,I,S,N,0,33953.28,16,2
1051937,2015-01-28,train,0,22,35,0,1,1,I,S,N,0,65629.74,16,2
1051939,2015-01-28,train,0,22,35,0,1,1,A,S,N,1,206651.22000000003,37,2
1051940,2015-01-28,train,0,22,35,0,1,1,I,S,N,0,131947.53,14,2
1051944,2015-01-28,train,0,22,35,0,1,1,I,S,N,0,90231.0,14,2
1051946,2015-01-28,train,0,22,35,0,1,1,I,S,N,0,60791.22,14,2
1051948,2015-01-28,train,0,22,35,0,1,1,I,S,N,0,101694.57,37,2
1051950,2015-01-28,train,0,22,35,0,1,1,I,S,N,0,,14,2
1051954,2015-01-28,train,0,22,35,0,1,1,I,S,N,1,33993.149999999994,11,2
1051956,2015-01-28,train,0,22,35,0,1,1,I,S,N,0,57754.05,8,2
1051958,2015-01-28,train,0,22,35,0,1,1,I,S,N,0,54758.25,45,2
1051960,2015-01-28,train,0,22,35,0,1,1,I,S,N,0,31363.11,14,2
1051964,2015-01-28,train,0,22,35,0,1,1,I,S,N,0,75774.93000000001,14,2
1052021,2015-01-28,train,0,40,35,0,1,1,A,S,N,1,,28,1
1051839,2015-01-28,train,0,77,35,0,1,1,A,S,N,1,56336.46,28,1
1051835,2015-01-28,train,0,29,35,0,1,1,I,S,N,0,79954.89,25,2
1051701,2015-01-28,train,0,22,35,0,1,1.0,I,S,N,0,90746.82,46,2
1051703,2015-01-28,train,0,22,35,0,1,1.0,I,S,N,0,43241.88,6,2
1051705,2015-01-28,train,0,22,35,0,1,1.0,I,S,N,0,150626.49,6,2
1051707,2015-01-28,train,0,22,35,0,1,1.0,I,S,N,0,119190.72,6,2
1051711,2015-01-28,train,0,24,35,0,1,1.0,I,S,N,0,46930.26,15,2
1051712,2015-01-28,train,0,22,35,0,1,1.0,I,S,N,0,80110.62,6,2
1051716,2015-01-28,train,0,22,35,0,1,1.0,A,S,N,1,60994.5,15,2
1051718,2015-01-28,train,0,22,35,0,1,1.0,I,S,N,0,20717.58,21,2
1051719,2015-01-28,train,0,22,35,0,1,1.0,I,S,N,0,,13,2
1051721,2015-01-28,train,0,22,35,0,1,1.0,I,S,N,0,30534.99,2,2
1051725,2015-01-28,train,0,54,35,0,1,1.0,A,S,N,1,218032.65,28,3
1051726,2015-01-28,train,0,22,35,0,1,1.0,I,S,N,0,102281.22,45,2
1051727,2015-01-28,train,0,22,35,0,1,1.0,I,S,N,1,22459.32,16,2
1051729,2015-01-28,train,0,22,35,0,1,1.0,A,S,N,1,82412.61,11,2
1051737,2015-01-28,train,0,22,35,0,1,1.0,I,S,N,0,,8,2
1051699,2015-01-28,train,0,22,35,0,1,1.0,I,S,N,0,,10,2
1051738,2015-01-28,train,0,22,35,0,1,1.0,A,S,N,1,,45,2
1051697,2015-01-28,train,0,22,35,0,1,1.0,I,S,N,0,211263.27,41,2
1051695,2015-01-28,train,0,25,35,0,1,1.0,A,S,N,1,229315.08,15,2
1051667,2015-01-28,train,0,25,35,0,1,1.0,I,S,N,0,150327.21,10,2
1051670,2015-01-28,train,0,22,35,0,1,1.0,I,S,N,0,151491.41999999998,8,2
1051672,2015-01-28,train,0,22,35,0,1,1.0,I,S,N,0,76991.19,11,2
1051674,2015-01-28,train,0,23,35,0,1,1.0,I,S,N,0,256174.92,8,2
1051676,2015-01-28,train,0,22,35,0,1,1.0,A,S,N,1,62869.77,9,2
1051677,2015-01-28,train,0,22,35,0,1,1.0,I,S,N,0,52921.38,13,2
1051679,2015-01-28,train,0,22,35,0,1,1.0,I,S,N,0,67710.56999999999,25,2
1051682,2015-01-28,train,0,22,35,0,1,1.0,I,S,N,0,259360.08,25,2
1051684,2015-01-28,train,0,22,35,0,1,1.0,A,S,N,1,,36,2
1051686,2015-01-28,train,0,22,35,0,1,1.0,I,S,N,0,128063.63999999998,41,2
1051688,2015-01-28,train,0,22,35,0,1,1.0,I,S,N,1,65752.92,25,2
1051690,2015-01-28,train,0,22,35,0,1,1.0,I,S,N,0,20717.58,21,2
1051691,2015-01-28,train,0,22,35,0,1,1.0,I,S,N,0,104613.54,47,2
1051692,2015-01-28,train,0,25,35,0,1,1.0,I,S,N,0,178799.7,15,2
1051693,2015-01-28,train,0,22,35,0,1,1.0,I,S,N,0,34580.58,36,2
1051696,2015-01-28,train,0,23,35,0,1,1.0,I,S,N,1,134398.02,15,2
1051836,2015-01-28,train,0,32,35,0,1,1,A,S,N,1,57131.28,24,2
1051742,2015-01-28,train,0,22,35,0,1,1.0,I,S,N,1,,2,2
1051748,2015-01-28,train,0,22,35,0,1,1.0,I,S,N,1,58776.45,2,2
1051794,2015-01-28,train,0,33,35,0,1,1,A,S,N,1,93841.86,29,1
1051796,2015-01-28,train,0,24,35,0,1,1,A,S,N,0,118359.84,28,2
1051798,2015-01-28,train,0,28,35,0,1,1,A,S,N,1,41642.46,24,2
1051799,2015-01-28,train,0,23,35,0,1,1,A,S,N,1,54342.24000000001,6,2
1051800,2015-01-28,train,0,35,35,0,1,1,A,S,N,1,,15,1
1051805,2015-01-28,train,0,44,35,0,1,1,A,S,N,1,136867.56,8,1
1051809,2015-01-28,train,0,34,35,0,1,1,I,S,N,0,116288.25,28,1
1051816,2015-01-28,train,0,35,35,0,1,1,I,S,N,0,59823.12,18,1
1051819,2015-01-28,train,0,37,35,0,1,1,A,S,N,1,,28,1
1051824,2015-01-28,train,0,30,35,0,1,1,A,S,N,1,41327.16,3,2
1051826,2015-01-28,train,0,23,35,0,1,1,A,S,N,1,67094.91,23,1
1051827,2015-01-28,train,0,33,35,0,1,1,A,S,N,1,126568.95,28,1
1051831,2015-01-28,train,0,23,35,0,1,1,A,S,N,1,87606.66,33,2
1051832,2015-01-28,train,0,54,35,0,1,1,A,S,N,1,75581.31,34,1
1051833,2015-01-28,train,0,35,35,0,1,1,A,S,N,1,68036.19,26,2
1051793,2015-01-28,train,0,44,35,0,1,1,I,S,N,0,80370.33,38,1
1051744,2015-01-28,train,0,22,35,0,1,1.0,I,S,N,0,,36,2
1051791,2015-01-28,train,0,27,35,0,1,1,A,S,N,0,30685.32,45,1
1051788,2015-01-28,train,0,39,35,0,1,1,A,S,N,1,184968.3,37,1
1051756,2015-01-28,train,0,69,35,0,1,1.0,A,S,N,1,168028.83000000002,8,1
1051757,2015-01-28,train,0,26,35,0,1,1.0,A,S,N,1,54645.15,11,2
1051758,2015-01-28,train,0,52,35,0,1,1.0,A,S,N,1,27585.300000000007,45,1
1051759,2015-01-28,train,0,52,35,0,1,1.0,A,S,N,1,27585.300000000007,45,1
1051761,2015-01-28,train,0,29,35,0,1,1.0,I,S,N,0,58055.91,45,1
1051762,2015-01-28,train,0,45,35,0,1,1.0,I,S,N,0,635159.34,8,1
1051763,2015-01-28,train,0,47,35,0,1,1.0,A,S,N,1,72082.14,15,1
1051764,2015-01-28,train,0,44,35,0,1,1.0,A,S,N,0,,8,1
1051765,2015-01-28,train,0,33,35,0,1,1.0,A,S,N,1,53604.78,18,1
1051768,2015-01-28,train,0,28,35,0,1,1.0,A,S,N,1,,29,2
1051769,2015-01-28,train,0,47,35,0,1,1.0,A,S,N,1,96174.66,41,1
1051771,2015-01-28,train,0,24,35,0,1,1.0,I,S,N,0,172738.2,28,1
1051772,2015-01-28,train,0,59,35,0,1,1,I,S,N,0,41098.47,14,1
1051784,2015-01-28,train,0,38,35,0,1,1,A,S,N,1,63054.63,21,1
1051785,2015-01-28,train,0,43,35,0,1,1,A,S,N,1,63054.63,21,1
1051789,2015-01-28,train,0,46,35,0,1,1,A,S,N,1,72859.08,41,1
1052022,2015-01-28,train,0,22,35,0,1,1,A,S,N,1,25708.98,45,2
1052024,2015-01-28,train,0,10,35,0,1,1,A,S,N,1,58594.68000000001,28,1
1052025,2015-01-28,train,0,22,35,0,1,1,A,S,N,0,24381.0,37,2
1052325,2015-01-28,train,0,22,35,0,1,1,I,S,N,0,161055.72,8,2
1052328,2015-01-28,train,0,22,35,0,1,1,A,S,N,1,68591.45999999999,8,2
1052329,2015-01-28,train,0,22,35,0,1,1,A,S,N,1,171354.90000000002,8,2
1052331,2015-01-28,train,0,22,35,0,1,1,A,S,N,1,121507.59,8,2
1052336,2015-01-28,train,0,22,35,0,1,1,I,S,N,0,86176.89,6,2
1052339,2015-01-28,train,0,22,35,0,1,1,I,S,N,0,275829.48,8,2
1052341,2015-01-28,train,0,25,35,0,1,1,I,S,S,0,18151.14,3,2
1052342,2015-01-28,train,0,28,35,0,1,1,A,S,N,1,52773.87,46,2
1052343,2015-01-28,train,0,22,35,0,1,1,I,S,N,1,54232.5,22,2
1052345,2015-01-28,train,0,35,35,0,1,1,I,S,N,0,34161.33,3,1
1052346,2015-01-28,train,0,27,35,0,1,1,I,S,N,1,54230.04,3,2
1052347,2015-01-28,train,0,22,35,0,1,1,I,S,N,0,42251.73,13,2
1052349,2015-01-28,train,0,28,35,0,1,1,A,S,N,1,,3,2
1052350,2015-01-28,train,0,22,35,0,1,1,I,S,N,0,78677.88,14,2
1052352,2015-01-28,train,0,22,35,0,1,1,I,S,N,0,115120.59,14,2
1052322,2015-01-28,train,0,22,35,0,1,1,A,S,N,1,242469.93,8,2
1052354,2015-01-28,train,0,22,35,0,1,1,I,S,N,0,44320.44,13,2
1052318,2015-01-28,train,0,22,35,0,1,1,I,S,N,0,,8,2
1052304,2015-01-28,train,0,22,35,0,1,1,A,S,N,1,115784.4,7,2
1052242,2015-01-28,train,0,22,35,0,1,1,A,S,N,1,129198.06,8,2
1052249,2015-01-28,train,0,22,35,0,1,1,I,S,N,0,105293.46,8,2
1052251,2015-01-28,train,0,27,35,0,1,1,A,S,N,1,179334.12,28,1
1052259,2015-01-28,train,0,31,35,0,1,1,A,S,N,1,66266.34,28,2
1052261,2015-01-28,train,0,9,35,0,1,1,A,S,N,1,58594.68000000001,28,1
1052270,2015-01-28,train,0,22,35,0,1,1,A,S,N,1,130327.17,8,2
1052276,2015-01-28,train,0,22,35,0,1,1,A,S,N,0,361243.89,8,2
1052280,2015-01-28,train,0,22,35,0,1,1,I,S,N,0,,21,2
1052284,2015-01-28,train,0,22,35,0,1,1,I,S,N,0,210066.78,8,2
1052287,2015-01-28,train,0,30,35,0,1,1,A,S,N,1,141119.01,28,1
1052289,2015-01-28,train,0,22,35,0,1,1,I,S,N,0,124481.55,8,2
1052296,2015-01-28,train,0,22,35,0,1,1,A,S,N,1,106980.15,8,2
1052297,2015-01-28,train,0,49,31,0,1,1,A,S,N,1,271896.6,28,1
1052300,2015-01-28,train,0,32,35,0,1,1,A,S,N,1,42717.93,46,2
1052302,2015-01-28,train,0,22,35,0,1,1,A,S,N,1,79825.11,25,2
1052310,2015-01-28,train,0,22,35,0,1,1,A,S,N,1,130172.04,41,2
1052239,2015-01-28,train,0,22,35,0,1,1,I,S,N,0,243726.18,8,2
1052356,2015-01-28,train,0,23,35,0,1,1,I,S,N,0,,3,2
1052358,2015-01-28,train,0,22,35,0,1,1,A,S,N,1,,3,2
1052392,2015-01-28,train,0,22,35,0,1,1,I,S,N,1,211463.31,50,2
1052396,2015-01-28,train,0,28,35,0,1,1,I,S,N,0,60292.59,3,2
1052397,2015-01-28,train,0,22,35,0,1,1,I,S,N,0,34273.38,41,2
1052399,2015-01-28,train,0,23,35,0,1,1,I,S,N,0,44598.03,2,2
1052400,2015-01-28,train,0,22,35,0,1,1,I,S,N,0,70880.37,18,2
1052402,2015-01-28,train,0,25,35,0,1,1,A,S,N,1,53895.99000000001,3,2
1052403,2015-01-28,train,0,22,35,0,1,1,I,S,N,0,44251.38,47,2
1052405,2015-01-28,train,0,22,35,0,1,1,I,S,N,0,92439.78,28,2
1052407,2015-01-28,train,0,23,35,0,1,1,I,S,N,0,79775.61,3,2
1052408,2015-01-28,train,0,22,35,0,1,1,A,S,N,1,48950.61,13,2
1052410,2015-01-28,train,0,22,35,0,1,1,I,S,N,0,177499.68,41,2
1052412,2015-01-28,train,0,23,35,0,1,1,A,S,N,1,95765.13,18,2
1052413,2015-01-28,train,0,22,35,0,1,1,I,S,N,0,,28,2
1052415,2015-01-28,train,0,22,35,0,1,1,I,S,N,0,92681.97,8,2
1052417,2015-01-28,train,0,23,35,0,1,1,I,S,N,0,23516.85,3,2
1052390,2015-01-28,train,0,22,35,0,1,1,I,S,N,0,88812.33,45,2
1052357,2015-01-28,train,0,22,35,0,1,1,I,S,N,0,27652.35,3,2
1052389,2015-01-28,train,0,26,35,0,1,1,I,S,N,0,23758.41,3,2
1052387,2015-01-28,train,0,22,35,0,1,1,I,S,N,0,,47,2
1052359,2015-01-28,train,0,22,35,0,1,1,I,S,N,0,137502.57,8,2
1052361,2015-01-28,train,0,22,35,0,1,1,I,S,N,0,23338.44,3,2
1052362,2015-01-28,train,0,22,35,0,1,1,A,S,N,1,878790.72,8,2
1052366,2015-01-28,train,0,22,35,0,1,1,I,S,N,0,52210.68000000001,47,2
1052368,2015-01-28,train,0,23,35,0,1,1,I,S,N,0,,3,2
1052369,2015-01-28,train,0,22,35,0,1,1,I,S,N,0,44550.54,14,2
1052371,2015-01-28,train,0,22,35,0,1,1,I,S,N,0,174863.79,28,2
1052373,2015-01-28,train,0,22,35,0,1,1,I,S,N,0,68911.68000000001,8,2
1052375,2015-01-28,train,0,22,35,0,1,1,I,S,N,0,246758.25,28,2
1052377,2015-01-28,train,0,22,35,0,1,1,I,S,N,0,33487.89,14,2
1052379,2015-01-28,train,0,22,35,0,1,1,I,S,N,0,66303.69,13,2
1052381,2015-01-28,train,0,45,35,0,1,1,I,S,N,0,52128.81,3,1
1052382,2015-01-28,train,0,22,35,0,1,1,I,S,N,0,353866.23,8,2
1052384,2015-01-28,train,0,22,35,0,1,1,A,S,N,1,70410.15,10,2
1052386,2015-01-28,train,0,22,35,0,1,1,I,S,N,0,,41,2
1052388,2015-01-28,train,0,22,35,0,1,1,I,S,N,0,77928.9,3,2
1052237,2015-01-28,train,0,22,35,0,1,1,A,S,N,1,110311.32,29,2
1052233,2015-01-28,train,0,41,35,0,1,1,I,S,N,0,132566.94,46,1
1052231,2015-01-28,train,0,42,35,0,1,1,A,S,N,1,64265.52,45,1
1052099,2015-01-28,train,0,36,35,0,1,1,A,S,N,1,92330.04,28,1
1052102,2015-01-28,train,0,30,35,0,1,1,A,S,N,1,243343.77,28,2
1052103,2015-01-28,train,0,38,35,0,1,1,A,S,N,1,195421.38,8,1
1052109,2015-01-28,train,0,67,35,0,1,1,A,S,N,1,75415.83,28,1
1052110,2015-01-28,train,0,65,35,0,1,1,I,S,N,0,61573.29,47,1
1052112,2015-01-28,train,0,63,35,0,1,1,I,S,N,0,62038.35000000001,3,1
1052114,2015-01-28,train,0,31,35,0,1,1,A,S,N,1,,48,2
1052121,2015-01-28,train,0,60,35,0,1,1,A,S,N,1,219577.5,28,3
1052124,2015-01-28,train,0,32,35,0,1,1,A,S,N,1,,28,1
1052128,2015-01-28,train,0,50,35,0,1,1,A,S,N,1,67037.81999999999,23,1
1052132,2015-01-28,train,0,32,35,0,1,1,A,S,N,1,147808.95,28,1
1052133,2015-01-28,train,0,37,35,0,1,1,A,S,N,1,111704.43,36,1
1052135,2015-01-28,train,0,36,35,0,1,1,A,S,N,1,162661.95,28,1
1052143,2015-01-28,train,0,39,35,0,1,1,A,S,N,1,56475.78,29,1
1052149,2015-01-28,train,0,60,35,0,1,1,I,S,N,0,46179.63,11,1
1052098,2015-01-28,train,0,22,35,0,1,1,A,S,N,1,73378.62,50,2
1052152,2015-01-28,train,0,58,35,0,1,1,A,S,N,0,70959.06,45,1
1052093,2015-01-28,train,0,22,35,0,1,1,A,S,N,1,210968.52,8,2
1052090,2015-01-28,train,0,22,35,0,1,1,A,S,N,1,,31,2
1052027,2015-01-28,train,0,22,35,0,1,1,A,S,N,1,,10,2
1052031,2015-01-28,train,0,22,35,0,1,1,A,S,N,1,,45,2
1052032,2015-01-28,train,0,22,35,0,1,1,A,S,N,1,68980.20000000001,33,2
1052036,2015-01-28,train,0,22,35,0,1,1,A,S,N,1,106182.75,40,2
1052040,2015-01-28,train,0,22,35,0,1,1,A,S,N,1,,45,2
1052042,2015-01-28,train,0,22,35,0,1,1,I,S,N,0,54419.49000000001,5,2
1052044,2015-01-28,train,0,22,35,0,1,1,I,S,N,1,91481.19,45,2
1052048,2015-01-28,train,0,22,35,0,1,1,A,S,N,1,116003.88,50,2
1052052,2015-01-28,train,0,22,35,0,1,1,I,S,N,0,57338.28,12,2
1052068,2015-01-28,train,0,22,35,0,1,1,I,S,N,0,157158.27,45,2
1052070,2015-01-28,train,0,22,35,0,1,1,A,S,N,1,30832.92,45,2
1052071,2015-01-28,train,0,22,35,0,1,1,A,S,N,1,111695.4,29,2
1052075,2015-01-28,train,0,29,35,0,1,1,I,S,N,0,84435.51,23,2
1052083,2015-01-28,train,0,22,35,0,1,1,A,S,N,1,,21,2
1052084,2015-01-28,train,0,29,35,0,1,1,A,S,N,1,220794.72000000003,28,2
1052091,2015-01-28,train,0,22,35,0,1,1,A,S,N,1,72146.70000000001,47,2
1052153,2015-01-28,train,0,48,35,0,1,1,I,S,N,0,69208.38,21,1
1052154,2015-01-28,train,0,36,35,0,1,1,A,S,N,1,82229.28,28,1
1052155,2015-01-28,train,0,50,35,0,1,1,I,S,N,0,181600.98,8,1
1052197,2015-01-28,train,0,24,35,0,1,1,A,S,N,1,,28,1
1052200,2015-01-28,train,0,23,35,0,1,1,A,S,N,1,,7,2
1052203,2015-01-28,train,0,48,35,0,1,1,A,S,S,1,,28,1
1052207,2015-01-28,train,0,38,35,0,1,1,A,S,N,1,32703.870000000006,46,1
1052208,2015-01-28,train,0,52,35,0,1,1,A,S,N,1,139506.51,28,1
1052212,2015-01-28,train,0,52,35,0,1,1,A,S,N,1,104292.78,3,1
1052213,2015-01-28,train,0,43,35,0,1,1,A,S,N,1,44764.92,3,1
1052216,2015-01-28,train,0,52,35,0,1,1,A,S,N,0,205878.87,28,1
1052217,2015-01-28,train,0,33,35,0,1,1,A,S,N,1,69071.45999999999,4,1
1052218,2015-01-28,train,0,65,35,0,1,1,A,S,N,1,44612.31,28,1
1052219,2015-01-28,train,0,63,35,0,1,1,A,S,N,1,71042.1,28,3
1052224,2015-01-28,train,0,24,35,0,1,1,A,S,N,1,71583.84,28,2
1052225,2015-01-28,train,0,40,35,0,1,1,I,S,N,0,38971.11,30,1
1052226,2015-01-28,train,0,29,35,0,1,1,A,S,N,1,73102.65,35,1
1052229,2015-01-28,train,0,22,35,0,1,1,I,S,N,0,70867.95000000001,29,1
1052195,2015-01-28,train,0,39,35,0,1,1,A,S,N,1,104918.61000000002,19,1
1052194,2015-01-28,train,0,32,35,0,1,1,A,S,N,1,27632.91,35,2
1052189,2015-01-28,train,0,51,35,0,1,1,A,S,N,1,100066.08,47,1
1052187,2015-01-28,train,0,35,35,0,1,1,A,S,N,1,69208.89,8,1
1052158,2015-01-28,train,0,30,35,0,1,1,A,S,N,1,55019.43000000001,33,2
1052162,2015-01-28,train,0,27,35,0,1,1,A,S,N,1,50349.96,28,1
1052166,2015-01-28,train,0,47,35,0,1,1,A,S,N,1,100832.19,11,1
1052168,2015-01-28,train,0,78,35,0,1,1,A,S,S,1,97854.24,28,1
1052170,2015-01-28,train,0,36,35,0,1,1,A,S,N,0,175959.0,8,1
1052171,2015-01-28,train,0,41,35,0,1,1,A,S,N,1,,48,1
1052173,2015-01-28,train,0,22,35,0,1,1,I,S,N,1,111784.88999999998,28,1
1051665,2015-01-28,train,0,22,35,0,1,1.0,A,S,N,1,123140.25,41,2
1052174,2015-01-28,train,0,49,35,0,1,1,A,S,N,1,127118.16,18,1
1052177,2015-01-28,train,0,27,35,0,1,1,A,S,N,1,131145.06,52,2
1052178,2015-01-28,train,0,55,35,0,1,1,A,S,N,1,,20,1
1052180,2015-01-28,train,0,24,35,0,1,1,A,S,N,1,125294.28,40,2
1052182,2015-01-28,train,0,38,35,0,1,1,A,S,N,1,64156.83,47,1
1052184,2015-01-28,train,0,32,35,0,1,1,A,S,N,1,,46,1
1052185,2015-01-28,train,0,38,35,0,1,1,A,S,N,1,76270.56,28,1
1052186,2015-01-28,train,0,28,35,0,1,1,A,S,N,0,78852.36,30,1
1052176,2015-01-28,train,0,28,35,0,1,1,A,S,N,1,49630.5,41,2
1051664,2015-01-28,train,0,37,35,0,1,1.0,A,S,N,1,,12,1
1051660,2015-01-28,train,0,22,35,0,1,1.0,I,S,N,0,47155.47,9,2
1051658,2015-01-28,train,0,22,35,0,1,1.0,I,S,N,0,,36,2
1051177,2015-01-28,train,0,24,35,0,1,1,A,S,N,1,135558.27,46,2
1051178,2015-01-28,train,0,22,35,0,1,1,A,S,N,0,151461.38999999998,45,2
1051180,2015-01-28,train,0,30,35,0,1,1,A,S,N,0,56474.85000000001,46,2
1051181,2015-01-28,train,0,22,35,0,1,1,I,S,N,0,145029.36000000002,8,2
1051183,2015-01-28,train,0,33,35,0,1,1,A,S,N,1,167432.76,46,2
1051184,2015-01-28,train,0,22,35,0,1,1,A,S,N,1,,11,2
1051186,2015-01-28,train,0,33,35,0,1,1,I,S,S,0,,48,1
1051187,2015-01-28,train,0,22,35,0,1,1,I,S,N,0,90200.19,25,2
1051189,2015-01-28,train,0,22,35,0,1,1,I,S,N,0,66085.83,44,2
1051191,2015-01-28,train,0,22,35,0,1,1,I,S,N,0,66162.51,50,2
1051194,2015-01-28,train,0,22,35,0,1,1,A,S,N,1,87472.83,50,2
1051196,2015-01-28,train,0,22,35,0,1,1,I,S,N,1,107831.07,50,2
1051198,2015-01-28,train,0,22,35,0,1,1,A,S,N,1,69195.12,36,2
1051199,2015-01-28,train,0,22,35,0,1,1,A,S,N,1,100663.13999999998,50,2
1051201,2015-01-28,train,0,22,35,0,1,1,A,S,N,1,140534.43,45,2
1051174,2015-01-28,train,0,23,35,0,1,1,A,S,S,1,,46,2
1051203,2015-01-28,train,0,22,35,0,1,1,I,S,N,1,73119.84,45,2
1051172,2015-01-28,train,0,22,35,0,1,1,I,S,N,0,77807.97,35,2
1051165,2015-01-28,train,0,22,35,0,1,1,A,S,N,1,55560.99000000001,19,2
1051121,2015-01-28,train,0,22,35,0,1,1,I,S,N,0,146910.15000000002,37,2
1051126,2015-01-28,train,0,22,35,0,1,1,I,S,N,1,334209.99,8,2
1051129,2015-01-28,train,0,22,35,0,1,1,A,S,N,1,296890.5,8,2
1051132,2015-01-28,train,0,22,35,0,1,1,I,S,N,0,56997.06,28,2
1051134,2015-01-28,train,0,22,35,0,1,1,A,S,N,1,,34,2
1051136,2015-01-28,train,0,22,35,0,1,1,A,S,N,1,138675.41999999998,27,2
1051138,2015-01-28,train,0,22,35,0,1,1,A,S,N,1,,47,2
1051140,2015-01-28,train,0,59,35,0,1,1,A,S,N,1,113229.9,28,1
1051145,2015-01-28,train,0,22,21,0,1,1,I,S,S,0,88727.28,28,2
1051147,2015-01-28,train,0,22,35,0,1,1,I,S,N,0,82772.34,34,2
1051149,2015-01-28,train,0,22,35,0,1,1,I,S,N,1,167729.04,34,2
1051150,2015-01-28,train,0,22,35,0,1,1,I,S,N,0,58348.5,50,2
1051152,2015-01-28,train,0,16,35,0,1,1,A,S,N,1,114178.68,28,1
1051158,2015-01-28,train,0,25,35,0,1,1,I,S,N,0,46627.02,46,2
1051162,2015-01-28,train,0,22,35,0,1,1,I,S,N,0,58039.26,50,2
1051169,2015-01-28,train,0,30,35,0,1,1,I,S,N,0,39475.56,46,2
1051120,2015-01-28,train,0,25,35,0,1,1,I,S,N,0,22395.54,49,2
1051205,2015-01-28,train,0,22,35,0,1,1,I,S,N,0,239877.81,39,2
1051212,2015-01-28,train,0,22,35,0,1,1,A,S,N,0,162489.72,15,2
1051263,2015-01-28,train,0,45,35,0,1,1,A,S,N,0,120058.65,8,1
1051264,2015-01-28,train,0,48,35,0,1,1,A,S,N,1,94077.75,3,1
1051268,2015-01-28,train,0,31,35,0,1,1,A,S,N,1,78642.51,39,1
1051269,2015-01-28,train,0,42,35,0,1,1,A,S,N,1,75715.70999999999,6,1
1051271,2015-01-28,train,0,27,35,0,1,1,A,S,N,1,114477.66,28,2
1051273,2015-01-28,train,0,36,35,0,1,1,A,S,N,1,71080.44,21,1
1051274,2015-01-28,train,0,31,35,0,1,1,I,S,N,0,80425.08,28,1
1051275,2015-01-28,train,0,25,35,0,1,1,I,S,N,0,146149.13999999998,35,2
1051276,2015-01-28,train,0,35,35,0,1,1,A,S,N,0,95468.76,28,1
1051277,2015-01-28,train,0,36,35,0,1,1,A,S,N,1,61579.83,14,1
1051278,2015-01-28,train,0,49,35,0,1,1,A,S,N,1,,31,1
1051279,2015-01-28,train,0,35,35,0,1,1,A,S,N,1,59322.60000000001,28,1
1051281,2015-01-28,train,0,50,35,0,1,1,I,S,N,0,55288.56,49,1
1051282,2015-01-28,train,0,39,35,0,1,1,I,S,N,1,64987.05,8,1
1051283,2015-01-28,train,0,38,35,0,1,1,A,S,N,1,154899.59999999998,28,1
1051258,2015-01-28,train,0,35,35,0,1,1,A,S,N,1,,39,1
1051209,2015-01-28,train,0,22,35,0,1,1,A,S,N,1,50468.22,27,2
1051254,2015-01-28,train,0,22,35,0,1,1,I,S,N,0,93898.26,8,2
1051247,2015-01-28,train,0,22,35,0,1,1,I,S,N,0,,50,2
1051214,2015-01-28,train,0,22,35,0,1,1,I,S,N,1,163779.03,28,2
1051216,2015-01-28,train,0,23,35,0,1,1,I,S,N,0,73548.78,25,2
1051217,2015-01-28,train,0,22,35,0,1,1,I,S,N,0,88500.36,33,2
1051219,2015-01-28,train,0,22,35,0,1,1,A,S,N,0,112743.54,22,2
1051224,2015-01-28,train,0,22,35,0,1,1,I,S,N,0,80201.52,46,2
1051226,2015-01-28,train,0,22,35,0,1,1,I,S,N,1,69430.92,19,2
1051228,2015-01-28,train,0,22,35,0,1,1,I,S,N,0,102091.5,50,2
1051230,2015-01-28,train,0,22,35,0,1,1,A,S,N,1,164964.15000000002,50,2
1051232,2015-01-28,train,0,22,35,0,1,1,I,S,N,0,184299.09,39,2
1051234,2015-01-28,train,0,22,35,0,1,1,I,S,N,0,,31,2
1051236,2015-01-28,train,0,22,35,0,1,1,A,S,N,1,55537.65,50,2
1051239,2015-01-28,train,0,22,35,0,1,1,I,S,N,0,239877.81,39,2
1051240,2015-01-28,train,0,22,35,0,1,1,I,S,N,0,105617.31,42,2
1051243,2015-01-28,train,0,22,35,0,1,1,I,S,N,0,65761.08,29,2
1051245,2015-01-28,train,0,22,35,0,1,1,I,S,N,0,93123.72,41,2
1051252,2015-01-28,train,0,22,35,0,1,1,I,S,N,0,128190.9,7,2
1051118,2015-01-28,train,0,23,35,0,1,1,A,S,N,1,94603.68,37,2
1051113,2015-01-28,train,0,23,35,0,1,1,I,S,N,1,,37,2
1051111,2015-01-28,train,0,22,35,0,1,1,A,S,N,1,38025.0,49,2
1050976,2015-01-28,train,0,8,35,0,1,1,A,S,N,1,83184.72,28,1
1050977,2015-01-28,train,0,28,35,0,1,1,I,S,N,0,49468.65,45,2
1050978,2015-01-28,train,0,22,35,0,1,1,I,S,N,0,87976.98,8,2
1050980,2015-01-28,train,0,22,35,0,1,1,I,S,N,0,87545.34,47,2
1050982,2015-01-28,train,0,22,35,0,1,1,I,S,N,0,,16,2
1050986,2015-01-28,train,0,22,35,0,1,1,I,S,N,0,217564.62,47,2
1050988,2015-01-28,train,0,22,35,0,1,1,I,S,N,0,,8,2
1050992,2015-01-28,train,0,22,35,0,1,1,I,S,N,0,57670.31999999999,41,2
15889,2016-06-28,test,1,56,256,0,1,1,A,S,N,1,326124.90,28,3
1170544,2016-06-28,test,1,36,34,0,1,1,I,S,N,0,NA,3,1
1170545,2016-06-28,test,1,22,34,0,1,1,A,S,N,1,NA,15,2
1170547,2016-06-28,test,1,22,34,0,1,1,I,S,N,0,148402.98,8,2
1170548,2016-06-28,test,1,22,34,0,1,1,I,S,N,0,106885.80,7,2
1170550,2016-06-28,test,1,22,34,0,1,1,I,S,N,0,NA,8,2
1170552,2016-06-28,test,1,51,34,0,1,1,A,S,N,1,96395.88,35,1
1170553,2016-06-28,test,1,22,34,0,1,1,I,S,N,0,NA,45,2
1170555,2016-06-28,test,1,22,34,0,1,1,I,S,N,0,NA,28,2
1170557,2016-06-28,test,1,22,34,0,1,1,A,S,N,1,68322.72,15,2
1170559,2016-06-28,test,1,22,34,0,1,1,I,S,N,0,39327.87,14,2
1170563,2016-06-28,test,1,22,34,0,1,1,I,S,N,0,NA,28,2
1170542,2016-06-28,test,1,22,34,0,1,1.0,I,S,N,0,108397.08,8,2
1170565,2016-06-28,test,1,22,34,0,1,1,I,S,N,0,NA,15,2
1170568,2016-06-28,test,1,22,34,0,1,1,I,S,N,0,124086.75,30,2
1170570,2016-06-28,test,1,22,34,0,1,1,A,S,N,1,154306.95,28,2
1170576,2016-06-28,test,1,22,34,0,1,1,A,S,N,0,109630.98,15,2
1170578,2016-06-28,test,1,41,34,0,1,1,I,S,N,0,76589.91,8,1
1170579,2016-06-28,test,1,36,34,0,1,1,A,S,N,1,86862.48,30,1
1170581,2016-06-28,test,1,22,34,0,1,1,I,S,N,0,35746.41,28,2
1170583,2016-06-28,test,1,22,34,0,1,1,A,S,N,1,88322.19,28,2
1170585,2016-06-28,test,1,22,34,0,1,1,I,S,N,0,NA,16,2
1170587,2016-06-28,test,1,33,34,0,1,1,A,S,N,1,NA,15,2
1170588,2016-06-28,test,1,41,34,0,1,1,A,S,N,1,41400.81,29,1
1170589,2016-06-28,test,1,22,34,0,1,1,I,S,N,0,47322.18,3,2
1170567,2016-06-28,test,1,23,34,0,1,1,I,S,N,0,73972.50,28,2
1170541,2016-06-28,test,1,43,34,0,1,1.0,A,S,N,1,122837.70,23,1
1170539,2016-06-28,test,1,22,34,0,1,1.0,I,S,N,0,406046.25,8,2
1170538,2016-06-28,test,1,22,34,0,1,1.0,I,S,N,0,NA,8,2
1170493,2016-06-28,test,1,22,34,0,1,1.0,A,S,N,1,50311.53,11,2
1170495,2016-06-28,test,1,22,34,0,1,1.0,I,S,N,0,40821.57,41,2
1170497,2016-06-28,test,1,22,34,0,1,1.0,I,S,N,0,134534.01,8,2
1170499,2016-06-28,test,1,63,34,0,1,1.0,I,S,N,0,52856.04,8,1
1170500,2016-06-28,test,1,62,34,0,1,1.0,I,S,N,0,NA,8,1
1170501,2016-06-28,test,1,32,34,0,1,1.0,I,S,N,0,NA,8,2
1170502,2016-06-28,test,1,22,34,0,1,1.0,I,S,N,0,111404.91,46,2
1170504,2016-06-28,test,1,22,34,0,1,1.0,I,S,N,0,99694.74,41,2
1170506,2016-06-28,test,1,22,34,0,1,1.0,A,S,N,1,154279.35,41,2
1170507,2016-06-28,test,1,22,34,0,1,1.0,I,S,N,0,105280.11,12,2
1170509,2016-06-28,test,1,58,34,0,1,1.0,A,S,N,1,NA,8,1
1170510,2016-06-28,test,1,22,34,0,1,1.0,I,S,N,0,45388.41,6,2
1170512,2016-06-28,test,1,23,34,0,1,1.0,A,S,N,1,NA,32,2
1170513,2016-06-28,test,1,22,34,0,1,1.0,I,S,N,0,80622.15,11,2
1170515,2016-06-28,test,1,22,34,0,1,1.0,A,S,N,1,69815.25,32,2
1170516,2016-06-28,test,1,22,34,0,1,1.0,I,S,N,1,NA,17,2
1170518,2016-06-28,test,1,22,34,0,1,1.0,I,S,N,0,54941.43,41,2
1170520,2016-06-28,test,1,22,34,0,1,1.0,I,S,N,0,78452.55,17,2
1170522,2016-06-28,test,1,22,34,0,1,1.0,I,S,N,0,NA,41,2
1170524,2016-06-28,test,1,22,34,0,1,1.0,I,S,N,0,171994.83,8,2
1170526,2016-06-28,test,1,22,34,0,1,1.0,I,S,N,0,159616.71,8,2
1170528,2016-06-28,test,1,22,34,0,1,1.0,A,S,N,1,146750.10,8,2
1170533,2016-06-28,test,1,71,34,0,1,1.0,I,S,N,0,NA,18,1
1170535,2016-06-28,test,1,22,34,0,1,1.0,I,S,N,0,NA,15,2
1170537,2016-06-28,test,1,31,34,0,1,1.0,A,S,N,1,NA,3,1
1170591,2016-06-28,test,1,30,34,0,1,1,A,S,N,1,68239.14,46,2
1170491,2016-06-28,test,1,22,34,0,1,1.0,I,S,N,0,122529.66,8,2
1170592,2016-06-28,test,1,59,34,0,1,1,A,S,N,1,265555.35,28,1
1170596,2016-06-28,test,1,45,34,0,1,1,A,S,N,1,125439.48,46,1
1170632,2016-06-28,test,1,32,34,0,1,1,A,S,N,1,74783.70,28,1
1170633,2016-06-28,test,1,22,34,0,1,1,I,S,N,0,NA,45,2
1170635,2016-06-28,test,1,22,34,0,1,1,I,S,N,0,63963.06,45,2
1170637,2016-06-28,test,1,22,34,0,1,1,I,S,N,0,NA,45,2
1170639,2016-06-28,test,1,22,34,0,1,1,I,S,N,0,NA,45,2
1170641,2016-06-28,test,1,22,34,0,1,1,A,S,N,1,71012.40,13,2
1170643,2016-06-28,test,1,22,34,0,1,1,I,S,N,0,77160.69,45,2
1170645,2016-06-28,test,1,22,34,0,1,1,I,S,N,0,NA,45,2
1170647,2016-06-28,test,1,22,34,0,1,1,I,S,N,0,61138.35,45,2
1170649,2016-06-28,test,1,22,34,0,1,1,I,S,N,0,21705.30,45,2
1170651,2016-06-28,test,1,22,34,0,1,1,I,S,N,0,NA,45,2
1170631,2016-06-28,test,1,37,34,0,1,1,I,S,N,0,34841.73,29,1
1170653,2016-06-28,test,1,22,34,0,1,1,A,S,N,0,420820.17,45,2
1170657,2016-06-28,test,1,22,34,0,1,1,I,S,N,0,52630.26,45,2
1170659,2016-06-28,test,1,22,34,0,1,1,I,S,N,0,37036.14,45,2
1170661,2016-06-28,test,1,22,34,0,1,1,I,S,N,0,59381.25,45,2
1170663,2016-06-28,test,1,39,34,0,1,1,I,S,N,0,NA,41,1
1170665,2016-06-28,test,1,22,34,0,1,1,I,S,N,0,72300.21,45,2
1170667,2016-06-28,test,1,22,34,0,1,1,I,S,N,0,NA,45,2
1170669,2016-06-28,test,1,22,34,0,1,1,I,S,N,0,NA,45,2
1170671,2016-06-28,test,1,38,34,0,1,1,A,S,N,1,NA,28,1
1170673,2016-06-28,test,1,22,34,0,1,1,I,S,N,0,NA,45,2
1170675,2016-06-28,test,1,46,34,0,1,1,I,S,N,0,67785.78,32,1
1170676,2016-06-28,test,1,22,34,0,1,1,I,S,N,0,37978.44,45,2
1170655,2016-06-28,test,1,22,34,0,1,1,I,S,N,0,46505.94,45,2
1170630,2016-06-28,test,1,34,11,0,1,1,A,S,N,0,48957.93,29,1
1170628,2016-06-28,test,1,35,34,0,1,1,I,S,N,1,NA,39,1
1170627,2016-06-28,test,1,31,34,0,1,1,A,S,N,1,NA,28,1
1170597,2016-06-28,test,1,42,34,0,1,1,A,S,N,1,51663.06,46,1
1170598,2016-06-28,test,1,29,34,0,1,1,A,S,N,1,51296.49,45,1
1170599,2016-06-28,test,1,88,34,0,1,1,I,S,N,0,101791.77,8,1
1170601,2016-06-28,test,1,30,34,0,1,1,A,S,N,1,254503.44,39,2
1170602,2016-06-28,test,1,51,34,0,1,1,I,S,N,0,NA,28,1
1170603,2016-06-28,test,1,64,34,0,1,1,A,S,N,1,NA,10,1
1170604,2016-06-28,test,1,36,34,0,1,1,A,S,N,1,NA,29,1
1170605,2016-06-28,test,1,48,34,0,1,1,A,S,S,1,63258.15,35,1
1170606,2016-06-28,test,1,41,34,0,1,1,I,S,N,0,NA,29,1
1170607,2016-06-28,test,1,41,34,0,1,1,I,S,N,0,44710.68,28,1
1170608,2016-06-28,test,1,22,34,0,1,1,I,S,S,0,37961.19,52,1
1170609,2016-06-28,test,1,22,34,0,1,1,A,S,N,1,118674.36,29,1
1170610,2016-06-28,test,1,23,34,0,1,1,I,S,N,0,NA,7,1
1170611,2016-06-28,test,1,33,34,0,1,1,A,S,N,1,158457.42,28,2
1170612,2016-06-28,test,1,33,34,0,1,1,I,S,S,1,NA,33,1
1170614,2016-06-28,test,1,36,34,0,1,1,A,S,N,1,51874.71,45,1
1170616,2016-06-28,test,1,38,34,0,1,1,I,S,N,0,NA,46,1
1170617,2016-06-28,test,1,72,34,0,1,1,A,S,N,1,44047.53,14,1
1170619,2016-06-28,test,1,36,34,0,1,1,A,S,N,1,45544.20,18,1
1170620,2016-06-28,test,1,39,5,1,1,1,A,S,N,1,NA,18,1
1170621,2016-06-28,test,1,47,34,0,1,1,I,S,N,0,NA,50,1
1170623,2016-06-28,test,1,27,34,0,1,1,I,S,N,0,56983.89,28,1
1170624,2016-06-28,test,1,29,34,0,1,1,I,S,N,1,NA,28,1
1170625,2016-06-28,test,1,35,34,0,1,1,A,S,N,1,227877.51,28,1
1170626,2016-06-28,test,1,29,34,0,1,1,A,S,N,1,NA,23,2
1170595,2016-06-28,test,1,30,34,0,1,1,I,S,N,0,NA,29,1
1170678,2016-06-28,test,1,22,34,0,1,1,I,S,N,0,NA,45,2
1170489,2016-06-28,test,1,22,34,0,1,1.0,I,S,N,0,183147.15,17,2
1170486,2016-06-28,test,1,59,34,0,1,1.0,I,S,N,0,NA,8,1
1170333,2016-06-28,test,1,22,34,0,1,1.0,I,S,N,0,27644.16,12,2
1170335,2016-06-28,test,1,22,34,0,1,1.0,I,S,N,0,57157.08,50,2
1170337,2016-06-28,test,1,22,34,0,1,1.0,A,S,N,1,47177.67,50,2
1170339,2016-06-28,test,1,22,34,0,1,1.0,A,S,N,1,119889.72,50,2
1170341,2016-06-28,test,1,22,34,0,1,1.0,I,S,N,0,146451.78,50,2
1170343,2016-06-28,test,1,22,34,0,1,1.0,I,S,N,0,127841.58,50,2
1170344,2016-06-28,test,1,22,34,0,1,1.0,I,S,N,0,87284.49,12,2
1170346,2016-06-28,test,1,23,34,0,1,1.0,I,S,N,0,66531.72,46,2
1170347,2016-06-28,test,1,22,34,0,1,1.0,I,S,N,0,88471.86,50,2
1170349,2016-06-28,test,1,22,34,0,1,1.0,I,S,N,0,52140.39,12,2
1170350,2016-06-28,test,1,22,34,0,1,1.0,I,S,N,0,106568.46,28,2
1170331,2016-06-28,test,1,88,34,0,1,1.0,A,S,N,1,74259.78,28,1
1170352,2016-06-28,test,1,22,34,0,1,1.0,I,S,N,0,47182.74,12,2
1170355,2016-06-28,test,1,22,34,0,1,1.0,I,S,N,0,79657.89,28,2
1170357,2016-06-28,test,1,22,34,0,1,1.0,I,S,N,0,138571.14,50,2
1170364,2016-06-28,test,1,22,34,0,1,1.0,I,S,N,0,87986.58,12,2
1170366,2016-06-28,test,1,22,34,0,1,1.0,I,S,N,0,9871.86,50,2
1170368,2016-06-28,test,1,22,34,0,1,1.0,I,S,N,0,109272.60,22,2
1170370,2016-06-28,test,1,22,34,0,1,1.0,I,S,N,0,107777.37,50,2
1170372,2016-06-28,test,1,22,34,0,1,1.0,I,S,N,0,65357.58,44,2
1170374,2016-06-28,test,1,22,34,0,1,1.0,I,S,N,0,64433.04,12,2
1170376,2016-06-28,test,1,22,34,0,1,1.0,I,S,N,0,23822.79,50,2
1170378,2016-06-28,test,1,22,34,0,1,1.0,I,S,S,0,37090.77,12,2
1170353,2016-06-28,test,1,22,34,0,1,1.0,I,S,N,0,109429.41,22,2
1170326,2016-06-28,test,1,22,34,0,1,1.0,I,S,N,0,NA,12,2
1170324,2016-06-28,test,1,22,34,0,1,1.0,A,S,N,1,150399.39,22,2
1170322,2016-06-28,test,1,22,34,0,1,1.0,I,S,N,0,61885.50,12,2
1170280,2016-06-28,test,1,27,34,0,1,1.0,I,S,S,0,60522.18,3,1
1170281,2016-06-28,test,1,22,33,0,1,1.0,A,S,N,1,36835.26,27,2
1170283,2016-06-28,test,1,22,34,0,1,1.0,I,S,N,1,NA,8,2
1170285,2016-06-28,test,1,41,34,0,1,1.0,A,S,N,1,NA,33,1
1170286,2016-06-28,test,1,22,34,0,1,1.0,I,S,N,0,NA,15,2
1170288,2016-06-28,test,1,36,34,0,1,1.0,I,S,N,0,86069.46,18,1
1170289,2016-06-28,test,1,24,34,0,1,1.0,A,S,N,1,NA,41,2
1170290,2016-06-28,test,1,22,34,0,1,1.0,I,S,N,0,94295.61,46,2
1170293,2016-06-28,test,1,22,34,0,1,1.0,I,S,N,0,49534.68,46,2
1170295,2016-06-28,test,1,22,34,0,1,1.0,I,S,N,0,65639.64,9,2
1170296,2016-06-28,test,1,22,34,0,1,1.0,I,S,N,0,107690.61,12,2
1170298,2016-06-28,test,1,22,34,0,1,1.0,I,S,N,0,103715.28,46,2
1170300,2016-06-28,test,1,32,34,0,1,1.0,A,S,N,1,61154.40,28,2
1170302,2016-06-28,test,1,50,34,0,1,1.0,I,S,N,0,75870.45,8,1
1170304,2016-06-28,test,1,41,34,0,1,1.0,A,S,N,1,NA,31,1
1170305,2016-06-28,test,1,22,34,0,1,1.0,I,S,N,0,92052.63,47,2
1170306,2016-06-28,test,1,22,34,0,1,1.0,I,S,N,0,34823.10,37,2
1170307,2016-06-28,test,1,22,34,0,1,1.0,I,S,N,0,107364.00,8,2
1170309,2016-06-28,test,1,22,34,0,1,1.0,I,S,N,0,59520.54,12,2
1170311,2016-06-28,test,1,22,34,0,1,1.0,A,S,N,1,92983.14,8,2
1170313,2016-06-28,test,1,22,34,0,1,1.0,A,S,N,1,78445.80,17,2
1170315,2016-06-28,test,1,22,34,0,1,1.0,I,S,N,0,174453.36,12,2
1170316,2016-06-28,test,1,22,34,0,1,1.0,I,S,N,0,87873.75,17,2
1170318,2016-06-28,test,1,22,34,0,1,1.0,I,S,N,0,59374.20,46,2
1170320,2016-06-28,test,1,22,34,0,1,1.0,A,S,N,0,105573.15,50,2
1170381,2016-06-28,test,1,23,34,0,1,1.0,I,S,N,0,26986.14,12,2
1170488,2016-06-28,test,1,49,34,0,1,1.0,I,S,N,0,59235.21,8,1
1170382,2016-06-28,test,1,22,34,0,1,1.0,A,S,N,1,54593.73,26,2
1170386,2016-06-28,test,1,23,34,0,1,1.0,I,S,N,0,34012.05,46,2
1170442,2016-06-28,test,1,22,34,0,1,1.0,I,S,N,0,27593.19,44,2
1170444,2016-06-28,test,1,30,34,0,1,1.0,A,S,S,1,92684.79,8,2
1170445,2016-06-28,test,1,22,34,0,1,1.0,I,S,N,0,97306.95,50,2
1170447,2016-06-28,test,1,22,34,0,1,1.0,A,S,N,1,NA,50,2
1170449,2016-06-28,test,1,22,34,0,1,1.0,I,S,N,0,83866.80,50,2
1170451,2016-06-28,test,1,22,34,0,1,1.0,I,S,N,0,189542.31,8,2
1170453,2016-06-28,test,1,22,34,0,1,1.0,I,S,N,0,69170.37,8,2
1170455,2016-06-28,test,1,22,34,0,1,1.0,I,S,N,0,132743.61,8,2
1170458,2016-06-28,test,1,30,34,0,1,1.0,I,S,N,0,57998.07,10,2
1170459,2016-06-28,test,1,22,34,0,1,1.0,I,S,N,0,NA,7,2
1170461,2016-06-28,test,1,57,34,0,1,1.0,I,S,N,0,78004.02,8,1
1170440,2016-06-28,test,1,22,34,0,1,1.0,I,S,N,0,96770.28,44,2
1170462,2016-06-28,test,1,22,34,0,1,1.0,A,S,N,1,110763.45,8,2
1170466,2016-06-28,test,1,22,34,0,1,1.0,I,S,N,0,47500.68,32,2
1170468,2016-06-28,test,1,22,34,0,1,1.0,A,S,N,1,21617.52,25,2
1170470,2016-06-28,test,1,22,34,0,1,1.0,I,S,N,1,NA,32,2
1170471,2016-06-28,test,1,27,34,0,1,1.0,I,S,N,0,57998.07,10,2
1170472,2016-06-28,test,1,22,34,0,1,1.0,I,S,N,0,49267.89,22,2
1170474,2016-06-28,test,1,67,34,0,1,1.0,I,S,N,0,NA,8,1
1170475,2016-06-28,test,1,22,34,0,1,1.0,A,S,N,1,120924.54,25,2
1170477,2016-06-28,test,1,22,34,0,1,1.0,I,S,N,0,86315.88,3,2
1170479,2016-06-28,test,1,22,34,0,1,1.0,I,S,N,0,56673.78,22,2
1170481,2016-06-28,test,1,58,34,0,1,1.0,I,S,N,0,121341.21,8,1
1170482,2016-06-28,test,1,22,34,0,1,1.0,I,S,N,0,NA,3,2
1170464,2016-06-28,test,1,22,34,0,1,1.0,I,S,N,0,75736.14,50,2
1170439,2016-06-28,test,1,27,34,0,1,1.0,I,S,N,0,94020.87,8,2
1170437,2016-06-28,test,1,22,34,0,1,1.0,I,S,N,0,NA,50,2
1170436,2016-06-28,test,1,22,34,0,1,1.0,I,S,N,0,62065.29,22,2
1170388,2016-06-28,test,1,22,34,0,1,1.0,I,S,N,0,89198.73,22,2
1170390,2016-06-28,test,1,22,34,0,1,1.0,I,S,N,0,52904.85,12,2
1170392,2016-06-28,test,1,22,34,0,1,1.0,I,S,N,0,92809.02,22,2
1170394,2016-06-28,test,1,22,34,0,1,1.0,A,S,N,1,NA,46,2
1170396,2016-06-28,test,1,22,34,0,1,1.0,A,S,N,1,136532.10,50,2
1170398,2016-06-28,test,1,22,34,0,1,1.0,A,S,N,1,52436.85,46,2
1170400,2016-06-28,test,1,22,34,0,1,1.0,I,S,N,0,59932.35,50,2
1170403,2016-06-28,test,1,22,34,0,1,1.0,I,S,N,0,NA,12,2
1170405,2016-06-28,test,1,22,34,0,1,1.0,I,S,N,0,64902.57,44,2
1170408,2016-06-28,test,1,22,34,0,1,1.0,I,S,N,0,35089.05,12,2
1170411,2016-06-28,test,1,22,34,0,1,1.0,I,S,N,0,350260.41,12,2
1170413,2016-06-28,test,1,22,34,0,1,1.0,I,S,S,0,NA,50,2
1170416,2016-06-28,test,1,33,34,0,1,1.0,I,S,N,0,152962.38,8,2
1170417,2016-06-28,test,1,22,34,0,1,1.0,I,S,N,0,37367.88,14,2
1170418,2016-06-28,test,1,22,34,0,1,1.0,I,S,N,0,118354.26,50,2
1170420,2016-06-28,test,1,22,34,0,1,1.0,I,S,N,0,NA,44,2
1170422,2016-06-28,test,1,32,34,0,1,1.0,A,S,N,1,152460.27,8,2
1170423,2016-06-28,test,1,22,34,0,1,1.0,I,S,N,0,60695.28,22,2
1170425,2016-06-28,test,1,22,34,0,1,1.0,I,S,N,0,NA,50,2
1170427,2016-06-28,test,1,39,34,0,1,1.0,I,S,N,0,NA,8,1
1170428,2016-06-28,test,1,22,34,0,1,1.0,I,S,N,0,82799.13,22,2
1170430,2016-06-28,test,1,22,34,0,1,1.0,A,S,N,1,NA,50,2
1170432,2016-06-28,test,1,25,34,0,1,1.0,A,S,N,1,169220.01,8,2
1170433,2016-06-28,test,1,28,34,0,1,1.0,I,S,N,0,92684.79,8,2
1170434,2016-06-28,test,1,22,34,0,1,1.0,I,S,N,0,38926.74,44,2
1170384,2016-06-28,test,1,22,34,0,1,1.0,I,S,N,0,76555.92,50,2
1170278,2016-06-28,test,1,22,34,0,1,1.0,I,S,N,0,NA,24,2
1170680,2016-06-28,test,1,22,34,0,1,1,I,S,N,0,72909.27,45,2
1170684,2016-06-28,test,1,22,34,0,1,1,I,S,N,0,NA,45,2
1170946,2016-06-28,test,1,22,34,0,1,1,I,S,N,1,NA,20,2
1170949,2016-06-28,test,1,22,34,0,1,1,I,S,N,0,77362.98,9,2
1170951,2016-06-28,test,1,22,34,0,1,1,I,S,N,0,50008.92,12,2
1170953,2016-06-28,test,1,22,34,0,1,1,I,S,N,0,58300.71,10,2
1170955,2016-06-28,test,1,22,34,0,1,1.0,I,S,N,0,92898.36,12,2
1170957,2016-06-28,test,1,13,34,0,1,1.0,A,S,N,1,279020.25,28,1
1170958,2016-06-28,test,1,22,34,0,1,1.0,I,S,N,0,61587.84,23,2
1170960,2016-06-28,test,1,22,34,0,1,1.0,A,S,N,1,159602.94,12,2
1170962,2016-06-28,test,1,22,34,0,1,1.0,I,S,N,0,63118.32,13,2
1170964,2016-06-28,test,1,22,34,0,1,1.0,A,S,N,1,33458.28,13,2
1170966,2016-06-28,test,1,22,34,0,1,1.0,I,S,N,0,22007.97,46,2
1170945,2016-06-28,test,1,33,34,0,1,1,A,S,N,1,65829.75,28,1
1170967,2016-06-28,test,1,22,34,0,1,1.0,A,S,N,1,70911.36,13,2
1170971,2016-06-28,test,1,22,34,0,1,1.0,I,S,N,0,195033.87,45,2
1170973,2016-06-28,test,1,36,34,0,1,1.0,A,S,N,1,42953.28,46,1
1170974,2016-06-28,test,1,22,34,0,1,1.0,A,S,N,1,NA,45,2
1170976,2016-06-28,test,1,22,34,0,1,1.0,I,S,N,0,142469.70,12,2
1170978,2016-06-28,test,1,22,34,0,1,1.0,I,S,N,0,NA,28,2
1170980,2016-06-28,test,1,22,34,0,1,1.0,I,S,N,0,81421.35,44,2
1170982,2016-06-28,test,1,22,34,0,1,1.0,I,S,N,0,220624.89,45,2
1170984,2016-06-28,test,1,22,34,0,1,1.0,I,S,N,0,41712.69,46,2
1170986,2016-06-28,test,1,22,34,0,1,1.0,I,S,N,0,40749.21,45,2
1170988,2016-06-28,test,1,22,34,0,1,1.0,A,S,N,1,62188.59,45,2
1170990,2016-06-28,test,1,22,34,0,1,1.0,I,S,N,0,114074.64,12,2
1170969,2016-06-28,test,1,22,34,0,1,1.0,I,S,N,0,NA,46,2
1170943,2016-06-28,test,1,22,34,0,1,1,I,S,N,0,32606.64,13,2
1170941,2016-06-28,test,1,23,34,0,1,1,A,S,N,0,46156.74,12,2
1170939,2016-06-28,test,1,22,34,0,1,1,I,S,N,0,65398.53,45,2
1170889,2016-06-28,test,1,22,34,0,1,1,I,S,N,0,36699.18,46,2
1170891,2016-06-28,test,1,22,34,0,1,1,I,S,N,0,47833.44,46,2
1170893,2016-06-28,test,1,22,34,0,1,1,I,S,N,0,87635.91,8,2
1170895,2016-06-28,test,1,22,34,0,1,1,I,S,N,0,67158.48,46,2
1170897,2016-06-28,test,1,22,34,0,1,1,A,S,N,1,150353.76,8,2
1170899,2016-06-28,test,1,22,34,0,1,1,A,S,N,1,176255.52,8,2
1170901,2016-06-28,test,1,22,34,0,1,1,I,S,N,0,NA,3,2
1170903,2016-06-28,test,1,22,34,0,1,1,A,S,N,1,84692.55,46,2
1170905,2016-06-28,test,1,22,34,0,1,1,A,S,N,1,179745.36,8,2
1170907,2016-06-28,test,1,22,34,0,1,1,I,S,N,0,94256.85,46,2
1170909,2016-06-28,test,1,22,34,0,1,1,A,S,N,1,91437.81,8,2
1170911,2016-06-28,test,1,22,34,0,1,1,I,S,N,0,127740.78,46,2
1170913,2016-06-28,test,1,22,34,0,1,1,A,S,S,1,146755.95,8,2
1170915,2016-06-28,test,1,22,34,0,1,1,I,S,N,0,NA,46,2
1170917,2016-06-28,test,1,22,34,0,1,1,I,S,N,0,NA,8,2
1170919,2016-06-28,test,1,22,34,0,1,1,I,S,N,0,61682.82,46,2
1170921,2016-06-28,test,1,22,34,0,1,1,I,S,N,0,66370.59,8,2
1170924,2016-06-28,test,1,22,34,0,1,1,A,S,S,1,293476.20,8,2
1170926,2016-06-28,test,1,22,34,0,1,1,A,S,N,1,NA,8,2
1170928,2016-06-28,test,1,22,34,0,1,1,I,S,N,0,352817.34,8,2
1170930,2016-06-28,test,1,22,34,0,1,1,I,S,N,0,99194.37,8,2
1170932,2016-06-28,test,1,22,34,0,1,1,A,S,N,1,65059.23,8,2
1170934,2016-06-28,test,1,22,34,0,1,1,I,S,N,0,68440.44,28,2
1170935,2016-06-28,test,1,22,34,0,1,1,A,S,N,1,92818.86,8,2
1170937,2016-06-28,test,1,22,34,0,1,1,I,S,N,0,32506.74,13,2
1170992,2016-06-28,test,1,22,34,0,1,1.0,I,S,N,0,38676.30,45,2
1170887,2016-06-28,test,1,22,34,0,1,1,A,S,N,1,NA,46,2
1170994,2016-06-28,test,1,22,34,0,1,1.0,A,S,N,1,39223.17,46,2
1170997,2016-06-28,test,1,22,34,0,1,1.0,I,S,N,0,75364.17,45,2
1171041,2016-06-28,test,1,22,34,0,1,1.0,I,S,N,0,236690.34,8,2
1171042,2016-06-28,test,1,23,34,0,1,1.0,I,S,N,0,151547.13,46,2
1171043,2016-06-28,test,1,40,34,0,1,1.0,A,S,N,1,193707.87,28,1
1171044,2016-06-28,test,1,53,34,0,1,1.0,A,S,N,1,222664.26,28,1
1171045,2016-06-28,test,1,32,34,0,1,1.0,I,S,N,0,46823.10,33,2
1171046,2016-06-28,test,1,22,34,0,1,1.0,I,S,N,0,NA,46,2
1171047,2016-06-28,test,1,33,34,0,1,1.0,A,S,N,1,70744.14,33,2
1171048,2016-06-28,test,1,23,34,0,1,1.0,I,S,N,0,204386.58,8,2
1171049,2016-06-28,test,1,67,34,0,1,1.0,A,S,N,1,106688.58,33,1
1171050,2016-06-28,test,1,22,34,0,1,1.0,I,S,N,0,139190.16,8,2
1171051,2016-06-28,test,1,22,34,0,1,1.0,I,S,N,0,2588142.00,8,2
1171040,2016-06-28,test,1,22,34,0,1,1.0,I,S,N,0,131061.03,47,2
1171052,2016-06-28,test,1,22,34,0,1,1.0,I,S,N,0,79569.45,29,2
1171056,2016-06-28,test,1,22,34,0,1,1.0,I,S,N,0,163063.95,8,2
1171057,2016-06-28,test,1,22,34,0,1,1.0,I,S,N,0,66938.01,43,2
1171058,2016-06-28,test,1,22,34,0,1,1.0,I,S,N,0,165306.90,12,2
1171060,2016-06-28,test,1,22,34,0,1,1.0,I,S,N,0,80284.05,8,2
1171061,2016-06-28,test,1,22,34,0,1,1.0,A,S,N,1,107045.85,9,2
1171062,2016-06-28,test,1,22,34,0,1,1.0,I,S,N,0,92748.09,23,2
1171064,2016-06-28,test,1,22,34,0,1,1.0,A,S,N,1,463103.79,8,2
1171065,2016-06-28,test,1,22,34,0,1,1.0,A,S,N,1,NA,12,2
1171067,2016-06-28,test,1,22,34,0,1,1.0,A,S,N,1,158239.29,46,2
1171068,2016-06-28,test,1,22,34,0,1,1.0,I,S,N,0,145033.53,8,2
1171069,2016-06-28,test,1,23,34,0,1,1.0,I,S,N,0,110395.62,46,2
1171054,2016-06-28,test,1,22,34,0,1,1.0,I,S,N,0,76159.26,13,2
1171039,2016-06-28,test,1,25,34,0,1,1.0,I,S,N,0,NA,41,2
1171038,2016-06-28,test,1,33,34,0,1,1.0,I,S,N,0,54053.58,33,2
1171036,2016-06-28,test,1,22,34,0,1,1.0,I,S,N,0,NA,30,2
1170999,2016-06-28,test,1,22,34,0,1,1.0,I,S,N,0,46568.37,12,2
1171001,2016-06-28,test,1,38,34,0,1,1.0,I,S,N,0,87527.07,46,1
1171003,2016-06-28,test,1,22,34,0,1,1.0,I,S,N,0,51291.18,45,2
1171005,2016-06-28,test,1,38,34,0,1,1.0,I,S,N,0,105801.48,6,1
1171008,2016-06-28,test,1,22,34,0,1,1.0,I,S,N,0,74762.58,45,2
1171010,2016-06-28,test,1,34,34,0,1,1.0,I,S,N,0,46735.47,6,1
1171011,2016-06-28,test,1,22,34,0,1,1.0,A,S,N,1,71537.16,12,2
1171013,2016-06-28,test,1,23,34,0,1,1.0,I,S,N,0,104359.83,6,2
1171014,2016-06-28,test,1,32,34,0,1,1.0,I,S,N,0,105801.48,6,2
1171015,2016-06-28,test,1,22,34,0,1,1.0,I,S,N,0,70245.78,42,2
1171016,2016-06-28,test,1,29,34,0,1,1.0,A,S,N,1,140431.20,6,2
1171017,2016-06-28,test,1,33,34,0,1,1.0,I,S,N,1,106688.58,33,2
1171020,2016-06-28,test,1,22,34,0,1,1.0,I,S,N,0,351060.06,8,2
1171022,2016-06-28,test,1,22,34,0,1,1.0,I,S,N,0,NA,39,2
1171023,2016-06-28,test,1,22,34,0,1,1.0,I,S,S,0,50166.72,12,2
1171024,2016-06-28,test,1,22,34,0,1,1.0,I,S,N,0,111400.38,8,2
1171025,2016-06-28,test,1,24,34,0,1,1.0,I,S,N,0,135842.31,6,2
1171026,2016-06-28,test,1,54,34,0,1,1.0,I,S,N,0,46823.10,33,1
1171027,2016-06-28,test,1,22,34,0,1,1.0,I,S,N,0,107475.09,9,2
1171028,2016-06-28,test,1,23,34,0,1,1.0,I,S,N,0,77168.40,6,2
1171029,2016-06-28,test,1,22,34,0,1,1.0,A,S,N,1,287426.01,28,2
1171031,2016-06-28,test,1,23,34,0,1,1.0,I,S,N,0,103982.07,46,2
1171032,2016-06-28,test,1,22,34,0,1,1.0,I,S,N,0,NA,46,2
1171034,2016-06-28,test,1,25,34,0,1,1.0,I,S,N,0,69187.86,6,2
1171035,2016-06-28,test,1,31,34,0,1,1.0,A,S,N,1,NA,33,2
1170996,2016-06-28,test,1,31,34,0,1,1.0,I,S,N,0,44909.58,6,2
1170682,2016-06-28,test,1,22,34,0,1,1,I,S,N,1,40196.46,45,2
1170885,2016-06-28,test,1,22,34,0,1,1,I,S,N,0,144411.36,8,2
1170881,2016-06-28,test,1,22,34,0,1,1,I,S,N,0,55760.46,46,2
1170743,2016-06-28,test,1,22,34,0,1,1,A,S,N,1,128643.93,8,2
1170745,2016-06-28,test,1,22,34,0,1,1,I,S,N,0,62360.91,2,2
1170747,2016-06-28,test,1,34,34,0,1,1,A,S,N,1,165685.89,28,1
1170749,2016-06-28,test,1,42,34,0,1,1,A,S,N,1,NA,28,1
1170750,2016-06-28,test,1,64,34,0,1,1,A,S,N,1,96102.21,47,1
1170751,2016-06-28,test,1,22,34,0,1,1,A,S,N,1,NA,8,2
1170753,2016-06-28,test,1,22,34,0,1,1,I,S,N,0,NA,45,2
1170755,2016-06-28,test,1,22,34,0,1,1,I,S,N,0,NA,45,2
1170757,2016-06-28,test,1,22,34,0,1,1,A,S,N,1,52061.13,28,2
1170759,2016-06-28,test,1,22,34,0,1,1,I,S,N,0,NA,45,2
1170761,2016-06-28,test,1,22,34,0,1,1,I,S,N,0,NA,45,2
1170742,2016-06-28,test,1,22,34,0,1,1,I,S,N,0,NA,45,2
1170763,2016-06-28,test,1,29,34,0,1,1,A,S,N,1,103957.14,50,2
1170766,2016-06-28,test,1,22,34,0,1,1,I,S,N,0,161853.48,8,2
1170768,2016-06-28,test,1,22,34,0,1,1,I,S,N,0,64044.93,45,2
1170771,2016-06-28,test,1,22,34,0,1,1,A,S,N,1,36217.41,45,2
1170773,2016-06-28,test,1,34,34,0,1,1,A,S,N,1,NA,28,1
1170775,2016-06-28,test,1,22,34,0,1,1,I,S,N,1,67571.34,45,2
1170776,2016-06-28,test,1,22,34,0,1,1,A,S,N,1,35155.95,45,2
1170778,2016-06-28,test,1,23,34,0,1,1,A,S,N,1,919608.15,28,2
1170779,2016-06-28,test,1,22,34,0,1,1,I,S,N,0,NA,28,2
1170781,2016-06-28,test,1,22,34,0,1,1,I,S,N,0,NA,8,2
1170783,2016-06-28,test,1,22,34,0,1,1,A,S,N,1,120576.15,28,2
1170785,2016-06-28,test,1,37,34,0,1,1,A,S,N,1,101654.61,28,1
1170764,2016-06-28,test,1,22,34,0,1,1,I,S,N,0,68398.98,45,2
1170740,2016-06-28,test,1,22,34,0,1,1,A,S,N,1,49454.04,45,2
1170738,2016-06-28,test,1,22,34,0,1,1,I,S,N,0,NA,45,2
1170736,2016-06-28,test,1,22,34,0,1,1,I,S,N,0,83938.68,45,2
1170686,2016-06-28,test,1,22,34,0,1,1,I,S,N,0,26547.33,45,2
1170688,2016-06-28,test,1,36,34,0,1,1,A,S,N,1,NA,37,1
1170690,2016-06-28,test,1,22,34,0,1,1,I,S,N,0,NA,13,2
1170692,2016-06-28,test,1,22,34,0,1,1,I,S,N,0,NA,45,2
1170694,2016-06-28,test,1,43,34,0,1,1,I,S,N,0,86460.03,8,1
1170696,2016-06-28,test,1,22,34,0,1,1,A,S,N,1,121724.16,8,2
1170698,2016-06-28,test,1,22,34,0,1,1,A,S,N,1,116165.85,45,2
1170700,2016-06-28,test,1,22,34,0,1,1,A,S,N,1,NA,45,2
1170704,2016-06-28,test,1,22,34,0,1,1,I,S,N,0,NA,45,2
1170706,2016-06-28,test,1,22,34,0,1,1,I,S,N,0,NA,45,2
1170708,2016-06-28,test,1,22,34,0,1,1,A,S,N,1,66260.10,45,2
1170710,2016-06-28,test,1,22,34,0,1,1,I,S,N,0,NA,13,2
1170712,2016-06-28,test,1,22,34,0,1,1,I,S,N,0,NA,45,2
1170714,2016-06-28,test,1,43,34,0,1,1,A,S,N,1,39630.24,46,1
1170715,2016-06-28,test,1,22,34,0,1,1,I,S,N,0,NA,16,2
1170717,2016-06-28,test,1,28,34,0,1,1,I,S,N,0,176740.95,28,1
1170718,2016-06-28,test,1,22,34,0,1,1,I,S,N,0,91926.30,45,2
1170720,2016-06-28,test,1,22,34,0,1,1,I,S,N,0,222218.16,28,2
1170722,2016-06-28,test,1,22,34,0,1,1,A,S,N,1,75817.80,45,2
1170724,2016-06-28,test,1,22,34,0,1,1,I,S,N,0,NA,8,2
1170725,2016-06-28,test,1,49,34,0,1,1,I,S,N,0,152907.24,28,1
1170728,2016-06-28,test,1,22,34,0,1,1,I,S,N,0,43392.24,45,2
1170730,2016-06-28,test,1,22,34,0,1,1,I,S,N,0,NA,45,2
1170732,2016-06-28,test,1,22,34,0,1,1,A,S,N,1,129518.70,28,2
1170734,2016-06-28,test,1,22,34,0,1,1,A,S,N,1,106986.45,8,2
1170786,2016-06-28,test,1,22,34,0,1,1,I,S,N,0,106694.52,8,2
1170883,2016-06-28,test,1,22,34,0,1,1,I,S,N,0,53000.25,12,2
1170788,2016-06-28,test,1,37,4,1,1,1,I,S,N,1,56601.42,40,1
1170792,2016-06-28,test,1,22,34,0,1,1,A,S,N,1,88211.61,8,2
1170841,2016-06-28,test,1,35,34,0,1,1,A,S,N,1,34313.55,30,1
1170843,2016-06-28,test,1,25,34,0,1,1,I,S,N,1,264984.84,15,2
1170844,2016-06-28,test,1,26,34,0,1,1,A,S,N,1,104594.25,32,2
1170845,2016-06-28,test,1,23,34,0,1,1,I,S,N,0,98273.61,14,2
1170846,2016-06-28,test,1,32,34,0,1,1,I,S,N,0,387865.11,28,2
1170847,2016-06-28,test,1,28,34,0,1,1,I,S,N,0,51076.62,27,2
1170848,2016-06-28,test,1,29,34,0,1,1,I,S,N,0,77026.53,41,2
1170849,2016-06-28,test,1,29,34,0,1,1,I,S,N,0,187902.60,41,2
1170850,2016-06-28,test,1,23,34,0,1,1,I,S,N,0,126155.37,11,2
1170852,2016-06-28,test,1,28,34,0,1,1,I,S,N,0,223766.61,41,2
1170853,2016-06-28,test,1,24,34,0,1,1,I,S,N,0,164646.51,41,2
1170840,2016-06-28,test,1,23,34,0,1,1,A,S,N,0,98679.84,32,2
1170854,2016-06-28,test,1,29,34,0,1,1,I,S,N,0,150900.48,41,2
1170857,2016-06-28,test,1,26,34,0,1,1,I,S,N,0,171209.76,41,2
1170858,2016-06-28,test,1,29,34,0,1,1,I,S,N,0,139324.41,21,2
1170863,2016-06-28,test,1,38,34,0,1,1,A,S,N,1,NA,13,1
1170868,2016-06-28,test,1,11,34,0,1,1,A,S,N,1,77196.21,50,1
1170869,2016-06-28,test,1,23,34,0,1,1,I,S,N,0,NA,25,2
1170871,2016-06-28,test,1,22,34,0,1,1,I,S,N,0,139145.94,8,2
1170873,2016-06-28,test,1,22,34,0,1,1,A,S,N,1,NA,46,2
1170874,2016-06-28,test,1,22,34,0,1,1,I,S,N,0,NA,46,2
1170876,2016-06-28,test,1,22,34,0,1,1,A,S,N,1,55170.45,46,2
1170877,2016-06-28,test,1,22,30,0,99,1,I,S,N,0,58433.61,46,2
1170879,2016-06-28,test,1,22,34,0,1,1,A,S,N,1,226520.88,8,2
1170855,2016-06-28,test,1,25,34,0,1,1,I,S,N,0,168422.16,41,2
1170837,2016-06-28,test,1,41,34,0,1,1,A,S,N,1,127985.04,35,1
1170836,2016-06-28,test,1,30,34,0,1,1,A,S,N,1,93396.00,18,1
1170835,2016-06-28,test,1,31,34,0,1,1,I,S,N,0,82026.99,35,1
1170794,2016-06-28,test,1,23,34,0,1,1,I,S,N,0,NA,41,1
1170795,2016-06-28,test,1,22,34,0,1,1,I,S,N,0,NA,44,2
1170797,2016-06-28,test,1,33,34,0,1,1,I,S,N,0,100425.90,36,1
1170801,2016-06-28,test,1,21,34,0,1,1,I,S,N,0,72054.72,12,2
1170804,2016-06-28,test,1,22,34,0,1,1,I,S,N,1,NA,12,2
1170806,2016-06-28,test,1,22,34,0,1,1,I,S,N,0,48945.69,12,2
1170810,2016-06-28,test,1,35,34,0,1,1,A,S,N,1,124049.58,28,1
1170811,2016-06-28,test,1,22,34,0,1,1,I,S,N,0,NA,12,2
1170813,2016-06-28,test,1,22,34,0,1,1,I,S,N,0,NA,12,2
1170815,2016-06-28,test,1,22,34,0,1,1,I,S,N,0,47974.92,12,2
1170817,2016-06-28,test,1,54,34,0,1,1,A,S,N,1,120442.98,29,1
1170819,2016-06-28,test,1,60,34,0,1,1,A,S,N,1,NA,33,1
1170820,2016-06-28,test,1,46,34,0,1,1,A,S,N,1,NA,35,1
1170821,2016-06-28,test,1,48,34,0,1,1,A,S,N,1,52197.39,28,1
1170823,2016-06-28,test,1,47,34,0,1,1,A,S,N,1,NA,30,1
1170824,2016-06-28,test,1,28,34,0,1,1,A,S,N,1,NA,37,2
1170826,2016-06-28,test,1,48,34,0,1,1,I,S,N,1,NA,24,1
1170827,2016-06-28,test,1,37,34,0,1,1,I,S,S,0,NA,35,1
1170828,2016-06-28,test,1,39,34,0,1,1,I,S,N,0,58205.58,28,1
1170829,2016-06-28,test,1,31,34,0,1,1,A,S,N,1,105423.72,28,1
1170830,2016-06-28,test,1,39,34,0,1,1,I,S,S,0,NA,3,1
1170831,2016-06-28,test,1,27,34,0,1,1,A,S,S,1,119065.86,45,1
1170832,2016-06-28,test,1,41,34,0,1,1,A,S,N,1,164800.20,28,1
1170833,2016-06-28,test,1,63,34,0,1,1,A,S,N,1,128119.86,28,1
1170834,2016-06-28,test,1,38,34,0,1,1,I,S,N,0,74305.29,8,1
1170789,2016-06-28,test,1,57,34,0,1,1,A,S,N,1,NA,33,1
1171070,2016-06-28,test,1,22,34,0,1,1.0,I,S,N,0,128672.82,8,2
1170276,2016-06-28,test,1,22,34,0,1,1.0,A,S,N,1,NA,26,2
1170271,2016-06-28,test,1,22,34,0,1,1.0,I,S,N,0,145659.12,26,2
1169763,2016-06-28,test,1,22,34,0,1,1.0,I,S,N,0,76440.90,16,2
1169765,2016-06-28,test,1,44,34,0,1,1.0,I,S,N,1,23667.69,4,1
1169766,2016-06-28,test,1,22,34,0,1,1.0,I,S,N,0,95717.55,13,2
1169768,2016-06-28,test,1,30,34,0,1,1.0,A,S,N,1,162819.33,8,2
1169769,2016-06-28,test,1,23,34,0,1,1.0,I,S,N,0,121447.53,8,2
1169770,2016-06-28,test,1,23,34,0,1,1.0,I,S,N,0,164975.67,8,2
1169771,2016-06-28,test,1,22,34,0,1,1.0,A,S,N,1,NA,45,2
1169773,2016-06-28,test,1,22,34,0,1,1.0,I,S,N,0,NA,2,2
1169775,2016-06-28,test,1,22,34,0,1,1.0,A,S,N,1,96715.38,16,2
1169779,2016-06-28,test,1,23,34,0,1,1.0,A,S,N,1,61686.93,46,2
1169780,2016-06-28,test,1,22,34,0,1,1.0,A,S,N,1,NA,16,2
1169761,2016-06-28,test,1,22,34,0,1,1,I,S,N,0,NA,8,2
1169782,2016-06-28,test,1,22,34,0,1,1.0,I,S,N,0,34332.33,37,2
1169786,2016-06-28,test,1,23,34,0,1,1.0,A,S,S,1,58665.12,8,2
1169787,2016-06-28,test,1,22,34,0,1,1.0,A,S,N,1,44928.90,13,2
1169789,2016-06-28,test,1,22,34,0,1,1.0,A,S,N,1,100796.61,16,2
1169791,2016-06-28,test,1,23,34,0,1,1.0,I,S,N,0,NA,8,2
1169792,2016-06-28,test,1,22,34,0,1,1.0,I,S,N,0,24365.04,47,2
1169794,2016-06-28,test,1,25,34,0,1,1.0,I,S,N,0,177351.39,8,2
1169795,2016-06-28,test,1,22,34,0,1,1.0,A,S,N,1,96632.10,16,2
1169797,2016-06-28,test,1,24,34,0,1,1.0,I,S,N,0,56438.19,8,2
1169798,2016-06-28,test,1,23,34,0,1,1.0,I,S,N,0,86709.99,8,2
1169799,2016-06-28,test,1,55,34,0,1,1.0,I,S,N,0,121003.23,8,1
1169800,2016-06-28,test,1,54,34,0,1,1.0,I,S,N,0,56438.19,8,1
1169784,2016-06-28,test,1,22,34,0,1,1.0,A,S,N,1,59621.46,13,2
1169759,2016-06-28,test,1,22,34,0,1,1,A,S,N,1,NA,37,2
1169757,2016-06-28,test,1,22,34,0,1,1,A,S,N,1,104544.48,13,2
1169755,2016-06-28,test,1,22,34,0,1,1,A,S,N,1,NA,5,2
1169722,2016-06-28,test,1,25,34,0,1,1,I,S,N,0,70606.47,8,2
1169723,2016-06-28,test,1,22,34,0,1,1,I,S,N,0,68217.00,13,2
1169725,2016-06-28,test,1,71,34,0,1,1,A,S,N,1,416892.90,8,1
1169726,2016-06-28,test,1,22,34,0,1,1,A,S,N,1,85537.32,10,2
1169728,2016-06-28,test,1,23,34,0,1,1,A,S,N,1,117090.84,43,2
1169729,2016-06-28,test,1,60,34,0,1,1,A,S,N,1,120946.26,8,1
1169730,2016-06-28,test,1,26,34,0,1,1,I,S,N,0,150266.73,8,2
1169731,2016-06-28,test,1,22,34,0,1,1,I,S,N,0,219088.26,33,2
1169732,2016-06-28,test,1,24,34,0,1,1,I,S,N,0,121603.02,8,2
1169733,2016-06-28,test,1,22,34,0,1,1,I,S,N,0,60194.04,13,2
1169735,2016-06-28,test,1,23,34,0,1,1,I,S,N,0,155717.37,8,2
1169736,2016-06-28,test,1,23,34,0,1,1,A,S,N,1,83020.17,34,2
1169738,2016-06-28,test,1,25,34,0,1,1,I,S,N,0,71066.46,8,2
1169739,2016-06-28,test,1,26,34,0,1,1,I,S,S,0,78580.89,8,2
1169740,2016-06-28,test,1,22,34,0,1,1,A,S,N,0,74808.45,4,2
1169742,2016-06-28,test,1,22,34,0,1,1,I,S,N,0,99630.72,8,2
1169743,2016-06-28,test,1,23,34,0,1,1,I,S,N,0,190671.75,8,2
1169744,2016-06-28,test,1,25,34,0,1,1,I,S,N,0,55232.88,8,2
1169745,2016-06-28,test,1,23,34,0,1,1,A,S,N,1,107927.13,8,2
1169746,2016-06-28,test,1,56,34,0,1,1,A,S,N,1,66572.91,8,1
1169747,2016-06-28,test,1,22,34,0,1,1,I,S,N,0,249592.92,18,2
1169749,2016-06-28,test,1,22,34,0,1,1,I,S,N,0,129345.57,6,2
1169751,2016-06-28,test,1,24,34,0,1,1,I,S,N,0,66545.79,8,2
1169752,2016-06-28,test,1,22,34,0,1,1,A,S,N,1,101771.28,13,2
1169754,2016-06-28,test,1,23,34,0,1,1,I,S,N,0,NA,7,2
1169801,2016-06-28,test,1,23,34,0,1,1.0,I,S,N,0,56438.19,8,2
1169721,2016-06-28,test,1,23,34,0,1,1,I,S,N,0,133616.13,8,2
1169802,2016-06-28,test,1,24,34,0,1,1.0,I,S,N,0,147028.35,8,2
1169806,2016-06-28,test,1,22,34,0,1,1.0,I,S,N,0,NA,37,2
1169858,2016-06-28,test,1,23,33,0,1,1.0,I,S,N,0,154016.25,46,2
1169859,2016-06-28,test,1,22,34,0,1,1.0,I,S,N,0,55040.13,46,2
1169861,2016-06-28,test,1,23,34,0,1,1.0,I,S,N,0,NA,17,2
1169862,2016-06-28,test,1,22,34,0,1,1.0,I,S,N,0,43443.39,46,2
1169863,2016-06-28,test,1,22,34,0,1,1.0,I,S,N,0,58890.57,46,2
1169865,2016-06-28,test,1,25,34,0,1,1.0,I,S,S,1,211661.01,8,2
1169866,2016-06-28,test,1,22,34,0,1,1.0,I,S,N,0,81416.22,46,2
1169868,2016-06-28,test,1,23,34,0,1,1.0,I,S,N,0,NA,31,2
1169869,2016-06-28,test,1,22,34,0,1,1.0,I,S,N,0,58152.36,3,2
1169871,2016-06-28,test,1,24,34,0,1,1.0,I,S,N,0,339272.25,8,2
1169872,2016-06-28,test,1,22,34,0,1,1.0,A,S,N,1,342974.91,2,2
1169856,2016-06-28,test,1,22,34,0,1,1.0,I,S,N,0,73381.98,46,2
1169874,2016-06-28,test,1,25,34,0,1,1.0,I,S,S,0,55754.64,8,2
1169876,2016-06-28,test,1,22,34,0,1,1.0,A,S,N,1,116261.25,46,2
1169878,2016-06-28,test,1,23,34,0,1,1.0,I,S,N,0,31784.22,8,2
1169879,2016-06-28,test,1,23,34,0,1,1.0,I,S,N,0,80011.02,43,2
1169880,2016-06-28,test,1,22,34,0,1,1.0,I,S,N,0,60678.24,46,2
1169882,2016-06-28,test,1,23,34,0,1,1.0,I,S,N,0,NA,8,2
1169883,2016-06-28,test,1,24,34,0,1,1.0,I,S,N,0,83199.54,8,2
1169884,2016-06-28,test,1,22,34,0,1,1.0,I,S,N,0,49474.92,46,2
1169886,2016-06-28,test,1,22,34,0,1,1.0,A,S,N,1,NA,37,2
1169887,2016-06-28,test,1,25,34,0,1,1.0,I,S,S,0,NA,8,2
1169888,2016-06-28,test,1,26,34,0,1,1.0,I,S,N,0,NA,44,2
1169889,2016-06-28,test,1,22,34,0,1,1.0,A,S,N,1,67827.33,46,2
1169875,2016-06-28,test,1,22,34,0,1,1.0,I,S,N,0,NA,5,2
1169855,2016-06-28,test,1,22,34,0,1,1.0,I,S,N,0,52498.23,46,2
1169853,2016-06-28,test,1,22,34,0,1,1.0,I,S,N,0,25135.38,46,2
1169851,2016-06-28,test,1,22,34,0,1,1.0,I,S,N,0,73788.96,46,2
1169808,2016-06-28,test,1,28,34,0,1,1.0,I,S,N,0,74936.52,8,2
1169809,2016-06-28,test,1,22,34,0,1,1.0,I,S,N,0,NA,3,2
1169811,2016-06-28,test,1,25,34,0,1,1.0,I,S,N,0,94737.15,17,2
1169812,2016-06-28,test,1,22,34,0,1,1.0,I,S,N,0,106794.72,37,2
1169814,2016-06-28,test,1,25,34,0,1,1.0,I,S,N,0,45616.11,8,2
1169815,2016-06-28,test,1,22,34,0,1,1.0,A,S,N,1,50292.60,2,2
1169817,2016-06-28,test,1,62,34,0,1,1.0,I,S,N,1,59135.37,8,1
1169819,2016-06-28,test,1,36,34,0,1,1.0,A,S,N,1,41488.92,28,1
1169820,2016-06-28,test,1,54,34,0,1,1.0,A,S,N,1,59135.37,8,1
1169821,2016-06-28,test,1,40,34,0,1,1.0,I,S,N,0,114411.33,8,1
1169822,2016-06-28,test,1,22,34,0,1,1.0,A,S,N,1,63447.84,47,2
1169824,2016-06-28,test,1,27,34,0,1,1.0,I,S,S,0,NA,8,2
1169825,2016-06-28,test,1,22,34,0,1,1.0,I,S,N,0,79424.40,25,2
1169826,2016-06-28,test,1,22,34,0,1,1.0,I,S,N,0,119333.70,2,2
1169828,2016-06-28,test,1,22,34,0,1,1.0,I,S,N,1,28884.36,37,2
1169830,2016-06-28,test,1,31,34,0,1,1.0,I,S,S,0,54449.10,43,2
1169831,2016-06-28,test,1,22,34,0,1,1.0,I,S,N,0,54155.31,46,2
1169833,2016-06-28,test,1,22,34,0,1,1.0,A,S,N,1,65143.53,36,2
1169835,2016-06-28,test,1,22,34,0,1,1.0,I,S,N,1,46415.49,10,2
1169837,2016-06-28,test,1,24,34,0,1,1.0,I,S,N,0,453302.97,8,2
1169838,2016-06-28,test,1,22,34,0,1,1.0,I,S,N,0,55915.41,46,2
1169842,2016-06-28,test,1,22,34,0,1,1.0,I,S,N,0,44948.52,46,2
1169844,2016-06-28,test,1,22,34,0,1,1.0,I,S,N,0,38894.10,46,2
1169846,2016-06-28,test,1,22,34,0,1,1.0,I,S,N,0,82514.16,8,2
1169847,2016-06-28,test,1,22,34,0,1,1.0,I,S,N,0,52326.72,46,2
1169805,2016-06-28,test,1,29,34,0,1,1.0,I,S,N,0,103287.90,8,2
1169890,2016-06-28,test,1,31,34,0,1,1.0,I,S,N,0,NA,8,2
1169720,2016-06-28,test,1,59,34,0,1,1,A,S,N,1,NA,8,1
1169717,2016-06-28,test,1,22,34,0,1,1,I,S,N,0,138966.81,42,2
1169569,2016-06-28,test,1,22,34,0,1,1,I,S,N,0,161831.40,8,2
1169571,2016-06-28,test,1,24,34,0,1,1,A,S,N,1,47215.14,29,2
1169572,2016-06-28,test,1,22,34,0,1,1,A,S,N,1,NA,15,2
1169574,2016-06-28,test,1,22,34,0,1,1,A,S,N,1,108895.29,8,2
1169576,2016-06-28,test,1,25,34,0,1,1,I,S,N,0,NA,19,1
1169577,2016-06-28,test,1,22,34,0,1,1,I,S,N,0,NA,8,2
1169579,2016-06-28,test,1,31,34,0,1,1,A,S,N,1,147175.59,15,1
1169580,2016-06-28,test,1,22,34,0,1,1,A,S,N,1,26519.67,24,2
1169582,2016-06-28,test,1,22,34,0,1,1,I,S,N,1,NA,8,2
1169584,2016-06-28,test,1,22,34,0,1,1,A,S,N,1,NA,8,2
1169586,2016-06-28,test,1,22,34,0,1,1,I,S,N,0,178723.20,47,2
1169567,2016-06-28,test,1,22,34,0,1,1,A,S,N,1,NA,15,2
1169588,2016-06-28,test,1,22,34,0,1,1,A,S,N,1,146184.54,8,2
1169592,2016-06-28,test,1,22,34,0,1,1,I,S,N,0,NA,8,2
1169594,2016-06-28,test,1,22,34,0,1,1,I,S,N,0,NA,8,2
1169596,2016-06-28,test,1,22,34,0,1,1,A,S,N,1,NA,47,2
1169598,2016-06-28,test,1,30,34,0,1,1,A,S,N,1,48682.20,30,2
1169602,2016-06-28,test,1,22,34,0,1,1,I,S,N,0,NA,8,2
1169603,2016-06-28,test,1,22,34,0,1,1,A,S,N,1,84774.60,8,2
1169606,2016-06-28,test,1,22,34,0,1,1,I,S,N,0,55016.16,47,2
1169608,2016-06-28,test,1,22,34,0,1,1,I,S,N,0,307335.39,8,2
1169610,2016-06-28,test,1,22,34,0,1,1,A,S,N,1,121370.10,47,2
1169612,2016-06-28,test,1,22,34,0,1,1,I,S,N,0,73217.10,15,2
1169614,2016-06-28,test,1,22,34,0,1,1,I,S,N,0,43767.18,8,2
1169590,2016-06-28,test,1,22,34,0,1,1,A,S,N,1,NA,47,2
1169566,2016-06-28,test,1,32,34,0,1,1,A,S,N,1,86274.33,28,2
1169563,2016-06-28,test,1,22,34,0,1,1,A,S,N,1,167832.87,8,2
1169560,2016-06-28,test,1,22,34,0,1,1,I,S,N,0,NA,46,2
1169510,2016-06-28,test,1,22,34,0,1,1,I,S,N,0,90464.01,34,2
1169512,2016-06-28,test,1,22,34,0,1,1,I,S,N,0,NA,46,2
1169514,2016-06-28,test,1,22,34,0,1,1,A,S,N,1,41446.41,32,2
1169516,2016-06-28,test,1,22,34,0,1,1,A,S,N,1,106959.93,7,2
1169518,2016-06-28,test,1,22,34,0,1,1,A,S,N,1,NA,15,2
1169520,2016-06-28,test,1,22,34,0,1,1,I,S,N,0,NA,46,2
1169522,2016-06-28,test,1,39,34,0,1,1,I,S,N,0,NA,7,1
1169523,2016-06-28,test,1,22,34,0,1,1,I,S,N,0,114897.51,27,2
1169525,2016-06-28,test,1,22,34,0,1,1,I,S,N,0,54120.66,34,2
1169529,2016-06-28,test,1,22,34,0,1,1,I,S,N,0,37606.86,46,2
1169531,2016-06-28,test,1,22,34,0,1,1,I,S,N,0,NA,46,2
1169533,2016-06-28,test,1,22,34,0,1,1,A,S,N,1,NA,36,2
1169540,2016-06-28,test,1,23,34,0,1,1,A,S,N,1,NA,28,2
1169541,2016-06-28,test,1,22,34,0,1,1,I,S,N,0,NA,15,2
1169542,2016-06-28,test,1,22,34,0,1,1,A,S,N,1,121529.52,15,2
1169543,2016-06-28,test,1,22,34,0,1,1,I,S,N,0,90151.68,46,2
1169544,2016-06-28,test,1,24,34,0,1,1,A,S,N,1,169038.54,18,2
1169546,2016-06-28,test,1,22,34,0,1,1,A,S,N,1,NA,15,2
1169548,2016-06-28,test,1,54,34,0,1,1,A,S,N,1,116483.67,29,1
1169549,2016-06-28,test,1,22,34,0,1,1,I,S,N,0,NA,46,2
1169551,2016-06-28,test,1,33,34,0,1,1,A,S,N,1,66202.56,28,2
1169553,2016-06-28,test,1,22,34,0,1,1,I,S,N,0,NA,46,2
1169555,2016-06-28,test,1,22,34,0,1,1,I,S,N,0,22907.91,46,2
1169557,2016-06-28,test,1,22,34,0,1,1,A,S,N,1,86572.98,15,2
1169559,2016-06-28,test,1,44,34,0,1,1,A,S,N,1,182447.73,28,1
1169616,2016-06-28,test,1,22,34,0,1,1,I,S,N,0,NA,8,2
1169719,2016-06-28,test,1,23,34,0,1,1,A,S,N,1,NA,8,2
1169618,2016-06-28,test,1,44,34,0,1,1,I,S,N,0,168015.06,17,1
1169620,2016-06-28,test,1,22,34,0,1,1,I,S,N,0,151629.72,15,2
1169675,2016-06-28,test,1,22,34,0,1,1,A,S,N,1,NA,22,2
1169677,2016-06-28,test,1,7,33,0,1,1,A,S,N,1,245073.63,28,1
1169678,2016-06-28,test,1,22,34,0,1,1,I,S,N,0,73675.50,25,2
1169680,2016-06-28,test,1,22,34,0,1,1,A,S,N,0,119219.67,46,2
1169681,2016-06-28,test,1,22,34,0,1,1,I,S,N,0,63809.49,8,2
1169683,2016-06-28,test,1,22,34,0,1,1,A,S,N,1,181001.61,8,2
1169687,2016-06-28,test,1,22,34,0,1,1,I,S,N,0,279756.90,8,2
1169689,2016-06-28,test,1,22,34,0,1,1,A,S,N,1,NA,34,2
1169691,2016-06-28,test,1,22,34,0,1,1,A,S,N,1,113678.10,8,2
1169693,2016-06-28,test,1,22,34,0,1,1,A,S,N,0,74647.02,10,2
1169695,2016-06-28,test,1,22,34,0,1,1,I,S,N,0,81438.51,50,2
1169673,2016-06-28,test,1,22,34,0,1,1,A,S,N,1,48050.01,25,2
1169697,2016-06-28,test,1,22,34,0,1,1,I,S,N,0,174059.43,8,2
1169700,2016-06-28,test,1,22,34,0,1,1,A,S,N,1,53948.67,34,2
1169702,2016-06-28,test,1,23,34,0,1,1,I,S,S,0,52503.15,8,2
1169703,2016-06-28,test,1,53,34,0,1,1,I,S,N,0,NA,8,1
1169704,2016-06-28,test,1,22,34,0,1,1,A,S,N,1,129841.65,8,2
1169706,2016-06-28,test,1,22,34,0,1,1,I,S,N,0,52678.98,6,2
1169707,2016-06-28,test,1,22,34,0,1,1,A,S,N,1,NA,9,2
1169709,2016-06-28,test,1,22,34,0,1,1,I,S,N,0,73480.11,8,2
1169711,2016-06-28,test,1,22,34,0,1,1,A,S,N,1,NA,47,2
1169713,2016-06-28,test,1,43,34,0,1,1,A,S,N,1,96341.67,8,1
1169714,2016-06-28,test,1,27,34,0,1,1,I,S,N,0,342941.76,8,2
1169715,2016-06-28,test,1,22,34,0,1,1,I,S,N,1,262707.27,8,2
1169699,2016-06-28,test,1,25,34,0,1,1,I,S,N,0,NA,8,2
1169672,2016-06-28,test,1,22,34,0,1,1,I,S,N,1,NA,15,2
1169671,2016-06-28,test,1,22,34,0,1,1,A,S,N,1,82748.58,32,2
1169669,2016-06-28,test,1,22,34,0,1,1,I,S,N,0,138199.23,36,2
1169622,2016-06-28,test,1,22,34,0,1,1,A,S,N,1,102432.57,37,2
1169625,2016-06-28,test,1,43,34,0,1,1,A,S,S,1,156060.51,28,1
1169627,2016-06-28,test,1,41,34,0,1,1,A,S,N,1,139432.35,28,1
1169629,2016-06-28,test,1,21,34,0,1,1,A,S,N,1,81772.23,29,1
1169630,2016-06-28,test,1,22,34,0,1,1,I,S,N,0,NA,37,2
1169632,2016-06-28,test,1,22,34,0,1,1,A,S,N,1,99273.72,37,2
1169633,2016-06-28,test,1,23,32,0,1,1,A,S,N,1,86587.71,37,2
1169634,2016-06-28,test,1,22,34,0,1,1,I,S,N,1,234039.60,37,2
1169636,2016-06-28,test,1,23,34,0,1,1,I,S,N,0,95510.34,46,2
1169638,2016-06-28,test,1,22,34,0,1,1,I,S,N,0,102738.42,6,2
1169640,2016-06-28,test,1,22,34,0,1,1,A,S,N,1,44809.35,46,2
1169642,2016-06-28,test,1,22,34,0,1,1,I,S,N,0,62310.72,26,2
1169644,2016-06-28,test,1,22,34,0,1,1,I,S,N,0,73292.01,9,2
1169646,2016-06-28,test,1,22,34,0,1,1,A,S,N,1,44809.35,46,2
1169648,2016-06-28,test,1,22,34,0,1,1,I,S,N,0,41678.73,37,2
1169650,2016-06-28,test,1,62,34,0,1,1,A,S,N,1,162579.03,8,1
1169651,2016-06-28,test,1,67,34,0,1,1,A,S,S,0,NA,8,1
1169652,2016-06-28,test,1,22,34,0,1,1,I,S,N,1,58695.72,46,2
1169654,2016-06-28,test,1,22,34,0,1,1,A,S,N,1,81011.52,37,2
1169655,2016-06-28,test,1,52,15,0,1,1,A,S,N,1,81011.52,37,1
1169656,2016-06-28,test,1,22,34,0,1,1,A,S,N,1,NA,46,2
1169659,2016-06-28,test,1,22,34,0,1,1,A,S,N,1,109397.13,46,2
1169663,2016-06-28,test,1,37,34,0,1,1,I,S,N,1,51587.04,41,1
1169665,2016-06-28,test,1,22,34,0,1,1,I,S,N,0,40245.96,15,2
1169667,2016-06-28,test,1,22,34,0,1,1,I,S,N,0,160811.19,15,2
1169619,2016-06-28,test,1,48,34,0,1,1,A,S,N,0,NA,8,3
1170273,2016-06-28,test,1,22,34,0,1,1.0,A,S,N,1,51926.55,26,2
1169891,2016-06-28,test,1,34,34,0,1,1.0,A,S,N,1,157471.23,28,1
1169894,2016-06-28,test,1,22,34,0,1,1.0,A,S,N,1,169569.12,46,2
1170125,2016-06-28,test,1,22,34,0,1,1.0,I,S,S,0,NA,50,2
1170127,2016-06-28,test,1,22,34,0,1,1.0,A,S,N,1,237582.66,8,2
1170129,2016-06-28,test,1,22,34,0,1,1.0,I,S,N,0,NA,8,2
1170131,2016-06-28,test,1,22,34,0,1,1.0,I,S,N,0,19689.54,50,2
1170133,2016-06-28,test,1,22,34,0,1,1.0,A,S,N,1,NA,8,2
1170135,2016-06-28,test,1,22,34,0,1,1.0,I,S,N,0,57731.70,36,2
1170137,2016-06-28,test,1,22,34,0,1,1.0,I,S,N,0,43020.03,44,2
1170139,2016-06-28,test,1,44,34,0,1,1.0,A,S,N,1,NA,7,1
1170140,2016-06-28,test,1,22,34,0,1,1.0,I,S,N,0,73076.04,47,2
1170142,2016-06-28,test,1,37,34,0,1,1.0,A,S,N,1,NA,28,1
1170143,2016-06-28,test,1,22,34,0,1,1.0,A,S,N,1,42096.21,47,2
1170123,2016-06-28,test,1,22,34,0,1,1.0,A,S,N,1,124985.64,8,2
1170145,2016-06-28,test,1,22,34,0,1,1.0,A,S,N,1,NA,10,2
1170149,2016-06-28,test,1,22,34,0,1,1.0,I,S,N,0,NA,50,2
1170151,2016-06-28,test,1,22,34,0,1,1.0,I,S,N,0,54921.18,47,2
1170152,2016-06-28,test,1,22,18,0,1,1.0,I,S,N,0,32997.30,28,2
1170154,2016-06-28,test,1,22,34,0,1,1.0,I,S,S,1,NA,15,2
1170156,2016-06-28,test,1,22,34,0,1,1.0,I,S,N,0,1580022.87,28,2
1170158,2016-06-28,test,1,22,34,0,1,1.0,I,S,N,0,NA,34,2
1170160,2016-06-28,test,1,22,34,0,1,1.0,I,S,N,0,129877.71,9,2
1170162,2016-06-28,test,1,24,34,0,1,1.0,A,S,N,1,NA,18,2
1170163,2016-06-28,test,1,22,34,0,1,1.0,I,S,N,0,296902.95,28,2
1170165,2016-06-28,test,1,22,34,0,1,1.0,A,S,N,1,NA,47,2
1170167,2016-06-28,test,1,22,34,0,1,1.0,I,S,N,1,NA,34,2
1170147,2016-06-28,test,1,22,34,0,1,1.0,A,S,N,1,NA,40,2
1170122,2016-06-28,test,1,22,34,0,1,1.0,A,S,N,1,NA,8,2
1170120,2016-06-28,test,1,22,34,0,1,1.0,A,S,N,1,NA,44,2
1170118,2016-06-28,test,1,22,34,0,1,1.0,I,S,N,0,NA,43,2
1170069,2016-06-28,test,1,22,34,0,1,1.0,I,S,N,0,NA,8,2
1170071,2016-06-28,test,1,22,34,0,1,1.0,I,S,N,0,NA,47,2
1170073,2016-06-28,test,1,22,34,0,1,1.0,I,S,N,0,NA,8,2
1170074,2016-06-28,test,1,22,34,0,1,1.0,A,S,N,1,NA,8,2
1170075,2016-06-28,test,1,35,34,0,1,1.0,A,S,N,1,129815.55,28,1
1170077,2016-06-28,test,1,22,34,0,1,1.0,I,S,N,0,69135.09,8,2
1170079,2016-06-28,test,1,22,34,0,1,1.0,I,S,N,0,NA,25,2
1170081,2016-06-28,test,1,22,34,0,1,1.0,A,S,N,1,72011.94,47,2
1170083,2016-06-28,test,1,22,34,0,1,1.0,I,S,N,0,NA,8,2
1170085,2016-06-28,test,1,22,34,0,1,1.0,A,S,N,1,NA,36,2
1170087,2016-06-28,test,1,22,34,0,1,1.0,A,S,N,1,110687.19,8,2
1170090,2016-06-28,test,1,22,34,0,1,1.0,I,S,N,0,NA,25,2
1170093,2016-06-28,test,1,22,34,0,1,1.0,I,S,N,0,164616.48,8,2
1170095,2016-06-28,test,1,22,34,0,1,1.0,I,S,N,0,NA,17,2
1170097,2016-06-28,test,1,22,34,0,1,1.0,I,S,N,0,NA,8,2
1170099,2016-06-28,test,1,22,34,0,1,1.0,A,S,N,1,68743.74,15,2
1170101,2016-06-28,test,1,22,34,0,1,1.0,I,S,N,1,224879.34,47,2
1170102,2016-06-28,test,1,22,34,0,1,1.0,I,S,S,0,NA,46,2
1170104,2016-06-28,test,1,22,34,0,1,1.0,I,S,N,1,NA,15,2
1170106,2016-06-28,test,1,22,34,0,1,1.0,A,S,N,1,126812.22,47,2
1170108,2016-06-28,test,1,22,34,0,1,1.0,I,S,N,0,NA,25,2
1170110,2016-06-28,test,1,22,25,0,1,1.0,A,S,N,1,91006.38,28,1
1170111,2016-06-28,test,1,22,34,0,1,1.0,A,S,N,1,327533.31,8,2
1170114,2016-06-28,test,1,22,34,0,1,1.0,I,S,N,0,NA,43,2
1170117,2016-06-28,test,1,53,34,0,1,1.0,A,S,N,1,NA,28,1
1170169,2016-06-28,test,1,34,34,0,1,1.0,I,S,N,0,451931.22,28,1
1170067,2016-06-28,test,1,22,34,0,1,1.0,I,S,N,0,95408.16,8,2
1170170,2016-06-28,test,1,22,34,0,1,1.0,A,S,N,1,NA,47,2
1170173,2016-06-28,test,1,22,34,0,1,1.0,I,S,N,0,78561.69,9,2
1170229,2016-06-28,test,1,22,34,0,1,1.0,I,S,N,0,75372.75,50,2
1170231,2016-06-28,test,1,45,23,0,1,1.0,A,S,N,1,NA,8,1
1170232,2016-06-28,test,1,22,34,0,1,1.0,I,S,N,0,26936.58,50,2
1170234,2016-06-28,test,1,53,34,0,1,1.0,I,S,N,0,178162.92,29,1
1170236,2016-06-28,test,1,21,34,0,1,1.0,I,S,N,0,NA,41,2
1170237,2016-06-28,test,1,50,34,0,1,1.0,A,S,N,1,NA,22,1
1170238,2016-06-28,test,1,23,34,0,1,1.0,I,S,N,0,148718.58,39,2
1170239,2016-06-28,test,1,59,34,0,1,1.0,I,S,S,0,NA,8,1
1170240,2016-06-28,test,1,37,34,0,1,1.0,A,S,S,1,134222.04,41,1
1170241,2016-06-28,test,1,22,34,0,1,1.0,A,S,N,1,135305.40,15,2
1170243,2016-06-28,test,1,22,34,0,1,1.0,A,S,N,1,217140.45,8,2
1170226,2016-06-28,test,1,29,34,0,1,1.0,I,S,N,1,153299.34,28,2
1170245,2016-06-28,test,1,22,34,0,1,1.0,A,S,N,1,NA,15,2
1170248,2016-06-28,test,1,22,33,0,1,1.0,A,S,N,1,38224.05,9,2
1170250,2016-06-28,test,1,39,34,0,1,1.0,A,S,N,1,56447.34,46,1
1170252,2016-06-28,test,1,22,34,0,1,1.0,A,S,N,1,NA,15,2
1170254,2016-06-28,test,1,22,34,0,1,1.0,I,S,N,0,58226.49,26,2
1170256,2016-06-28,test,1,41,34,0,1,1.0,I,S,N,0,237217.62,28,1
1170257,2016-06-28,test,1,22,34,0,1,1.0,A,S,N,1,195806.52,28,2
1170259,2016-06-28,test,1,49,34,0,1,1.0,A,S,N,1,NA,33,1
1170260,2016-06-28,test,1,22,34,0,1,1.0,I,S,N,0,53867.04,26,2
1170262,2016-06-28,test,1,22,34,0,1,1.0,A,S,N,1,NA,31,2
1170264,2016-06-28,test,1,22,34,0,1,1.0,I,S,N,0,NA,15,2
1170267,2016-06-28,test,1,24,34,0,1,1.0,A,S,N,1,NA,29,2
1170247,2016-06-28,test,1,39,34,0,1,1.0,A,S,S,1,108771.96,8,1
1170224,2016-06-28,test,1,22,34,0,1,1.0,I,S,N,0,NA,50,2
1170222,2016-06-28,test,1,31,34,0,1,1.0,I,S,N,0,NA,41,1
1170221,2016-06-28,test,1,38,34,0,1,1.0,I,S,N,0,NA,18,1
1170175,2016-06-28,test,1,22,34,0,1,1.0,A,S,N,1,94821.66,44,2
1170177,2016-06-28,test,1,22,34,0,1,1.0,A,S,N,1,75602.52,47,2
1170178,2016-06-28,test,1,56,34,0,1,1.0,A,S,N,1,162508.29,28,1
1170180,2016-06-28,test,1,22,34,0,1,1.0,A,S,N,1,NA,15,2
1170182,2016-06-28,test,1,22,34,0,1,1.0,I,S,N,1,NA,24,2
1170184,2016-06-28,test,1,22,34,0,1,1.0,A,S,N,1,NA,36,2
1170185,2016-06-28,test,1,22,34,0,1,1.0,A,S,N,1,66054.45,40,2
1170187,2016-06-28,test,1,22,34,0,1,1.0,I,S,N,0,128485.23,47,2
1170189,2016-06-28,test,1,41,34,0,1,1.0,I,S,N,0,NA,43,1
1170190,2016-06-28,test,1,40,34,0,1,1.0,A,S,N,1,113101.68,28,1
1170192,2016-06-28,test,1,37,34,0,1,1.0,A,S,N,1,79534.59,28,1
1170194,2016-06-28,test,1,47,34,0,1,1.0,A,S,N,1,NA,1,1
1170195,2016-06-28,test,1,22,34,0,1,1.0,I,S,N,0,NA,45,2
1170198,2016-06-28,test,1,35,34,0,1,1.0,A,S,N,1,102211.02,28,1
1170199,2016-06-28,test,1,67,34,0,1,1.0,I,S,N,0,185220.81,28,1
1170200,2016-06-28,test,1,22,34,0,1,1.0,I,S,N,0,NA,45,2
1170202,2016-06-28,test,1,31,34,0,1,1.0,A,S,N,1,120768.48,28,2
1170204,2016-06-28,test,1,22,34,0,1,1.0,I,S,N,0,106173.66,2,2
1170207,2016-06-28,test,1,22,34,0,1,1.0,I,S,N,0,NA,2,2
1170209,2016-06-28,test,1,46,34,0,1,1.0,I,S,N,0,75574.38,8,1
1170213,2016-06-28,test,1,60,34,0,1,1.0,A,S,N,1,85720.68,49,1
1170215,2016-06-28,test,1,38,34,0,1,1.0,I,S,N,0,NA,41,1
1170216,2016-06-28,test,1,32,34,0,1,1.0,A,S,N,1,178048.92,37,2
1170217,2016-06-28,test,1,22,34,0,1,1.0,I,S,N,0,76981.29,50,2
1170219,2016-06-28,test,1,37,34,0,1,1.0,A,S,N,1,75009.99,41,1
1170172,2016-06-28,test,1,48,34,0,1,1.0,A,S,N,1,64886.97,52,1
1169893,2016-06-28,test,1,26,34,0,1,1.0,I,S,N,0,185481.93,8,2
1170066,2016-06-28,test,1,47,34,0,1,1.0,I,S,N,0,NA,10,1
1170063,2016-06-28,test,1,39,34,0,1,1.0,A,S,N,1,71341.95,8,1
1169935,2016-06-28,test,1,22,34,0,1,1.0,I,S,N,0,92043.36,26,2
1169937,2016-06-28,test,1,23,34,0,1,1.0,I,S,N,0,79368.93,46,2
1169938,2016-06-28,test,1,22,34,0,1,1.0,A,S,N,1,60340.17,37,2
1169940,2016-06-28,test,1,22,34,0,1,1.0,A,S,N,0,NA,28,2
1169941,2016-06-28,test,1,22,34,0,1,1.0,A,S,N,1,NA,31,2
1169943,2016-06-28,test,1,23,34,0,1,1.0,I,S,N,0,53562.90,12,2
1169944,2016-06-28,test,1,22,34,0,1,1.0,I,S,N,0,NA,37,2
1169946,2016-06-28,test,1,22,34,0,1,1.0,I,S,N,0,65720.82,46,2
1169948,2016-06-28,test,1,23,34,0,1,1.0,I,S,N,0,184157.76,46,2
1169949,2016-06-28,test,1,22,34,0,1,1.0,A,S,N,1,67272.36,37,2
1169951,2016-06-28,test,1,27,34,0,1,1.0,I,S,N,0,64605.27,46,2
1169933,2016-06-28,test,1,22,34,0,1,1.0,A,S,N,1,95743.80,49,2
1169952,2016-06-28,test,1,22,34,0,1,1.0,I,S,N,0,39938.94,12,2
1169956,2016-06-28,test,1,25,34,0,1,1.0,I,S,N,0,54583.20,3,2
1169957,2016-06-28,test,1,34,34,0,1,1.0,A,S,N,1,NA,28,1
1169958,2016-06-28,test,1,22,34,0,1,1.0,I,S,N,0,119236.02,49,2
1169960,2016-06-28,test,1,22,34,0,1,1.0,I,S,N,0,53295.90,46,2
1169961,2016-06-28,test,1,23,34,0,1,1.0,I,S,N,0,63588.27,46,2
1169963,2016-06-28,test,1,22,34,0,1,1.0,A,S,N,1,NA,37,2
1169965,2016-06-28,test,1,24,34,0,1,1.0,A,S,N,1,21044.31,46,2
1169966,2016-06-28,test,1,22,34,0,1,1.0,I,S,N,0,92024.19,33,2
1169968,2016-06-28,test,1,22,34,0,1,1.0,A,S,N,1,466761.90,28,2
1169969,2016-06-28,test,1,23,34,0,1,1.0,A,S,N,1,38508.18,46,2
1169970,2016-06-28,test,1,22,34,0,1,1.0,I,S,N,0,69003.00,24,2
1169954,2016-06-28,test,1,22,34,0,1,1.0,I,S,N,0,NA,49,2
1169931,2016-06-28,test,1,22,34,0,1,1.0,A,S,N,1,NA,7,2
1169930,2016-06-28,test,1,22,34,0,1,1.0,A,S,N,1,23667.69,4,2
1169929,2016-06-28,test,1,22,34,0,1,1.0,I,S,N,0,NA,21,2
1169896,2016-06-28,test,1,23,34,0,1,1.0,I,S,N,0,57459.81,46,2
1169898,2016-06-28,test,1,49,34,0,1,1.0,I,S,N,0,NA,8,1
1169899,2016-06-28,test,1,23,34,0,1,1.0,I,S,N,1,NA,8,2
1169901,2016-06-28,test,1,28,34,0,1,1.0,I,S,N,0,78397.77,8,2
1169902,2016-06-28,test,1,25,34,0,1,1.0,I,S,N,0,NA,8,2
1169903,2016-06-28,test,1,23,34,0,1,1.0,I,S,N,0,NA,8,2
1169905,2016-06-28,test,1,25,34,0,1,1.0,I,S,N,0,85315.29,8,2
1169906,2016-06-28,test,1,23,34,0,1,1.0,I,S,N,0,202895.10,8,2
1169907,2016-06-28,test,1,25,34,0,1,1.0,I,S,N,0,109733.07,8,2
1169908,2016-06-28,test,1,22,34,0,1,1.0,I,S,N,0,27509.13,46,2
1169910,2016-06-28,test,1,23,34,0,1,1.0,I,S,N,0,88847.58,8,2
1169911,2016-06-28,test,1,24,34,0,1,1.0,I,S,N,0,NA,20,2
1169912,2016-06-28,test,1,22,34,0,1,1.0,I,S,N,0,168483.69,2,2
1169913,2016-06-28,test,1,30,34,0,1,1.0,I,S,N,0,84058.05,8,2
1169915,2016-06-28,test,1,23,34,0,1,1.0,I,S,N,0,109989.54,8,2
1169916,2016-06-28,test,1,24,34,0,1,1.0,I,S,N,0,162719.07,8,2
1169917,2016-06-28,test,1,27,34,0,1,1.0,I,S,N,0,NA,20,2
1169918,2016-06-28,test,1,27,34,0,1,1.0,I,S,N,0,301528.32,8,2
1169919,2016-06-28,test,1,22,34,0,1,1.0,A,S,N,1,86867.94,2,2
1169920,2016-06-28,test,1,28,34,0,1,1.0,I,S,N,0,NA,8,2
1169921,2016-06-28,test,1,26,34,0,1,1.0,I,S,N,0,NA,8,2
1169922,2016-06-28,test,1,22,34,0,1,1.0,A,S,N,1,32642.64,3,2
1169924,2016-06-28,test,1,26,34,0,1,1.0,I,S,N,1,173526.51,8,2
1169925,2016-06-28,test,1,22,34,0,1,1.0,A,S,N,1,116427.39,2,2
1169927,2016-06-28,test,1,22,34,0,1,1.0,I,S,N,0,53275.44,2,2
1169971,2016-06-28,test,1,23,34,0,1,1.0,I,S,N,0,62018.94,44,2
1170064,2016-06-28,test,1,24,34,0,1,1.0,I,S,N,1,98896.26,18,1
1169972,2016-06-28,test,1,22,34,0,1,1.0,I,S,N,0,NA,31,2
1169976,2016-06-28,test,1,22,34,0,1,1.0,I,S,N,0,NA,37,2
1170027,2016-06-28,test,1,22,34,0,1,1.0,I,S,N,0,NA,15,2
1170029,2016-06-28,test,1,39,34,0,1,1.0,A,S,N,1,38161.26,27,1
1170030,2016-06-28,test,1,22,34,0,1,1.0,A,S,N,1,NA,15,2
1170032,2016-06-28,test,1,66,34,0,1,1.0,I,S,N,0,121133.22,11,1
1170034,2016-06-28,test,1,33,34,0,1,1.0,A,S,N,1,NA,12,2
1170035,2016-06-28,test,1,47,34,0,1,1.0,I,S,N,0,154151.70,8,1
1170038,2016-06-28,test,1,34,34,0,1,1.0,A,S,S,1,NA,8,1
1170040,2016-06-28,test,1,23,16,0,1,1.0,I,S,S,1,NA,8,1
1170041,2016-06-28,test,1,36,34,0,1,1.0,A,S,N,1,140683.20,15,1
1170044,2016-06-28,test,1,35,34,0,1,1.0,A,S,N,1,112074.54,28,1
1170046,2016-06-28,test,1,27,34,0,1,1.0,A,S,N,1,52096.56,3,2
1170026,2016-06-28,test,1,22,34,0,1,1.0,I,S,N,0,NA,15,2
1170048,2016-06-28,test,1,26,34,0,1,1.0,I,S,N,0,NA,25,1
1170051,2016-06-28,test,1,22,34,0,1,1.0,A,S,N,1,58695.30,35,2
1170052,2016-06-28,test,1,37,34,0,1,1.0,A,S,N,1,168156.75,28,1
1170053,2016-06-28,test,1,63,34,0,1,1.0,I,S,N,0,166346.37,8,1
1170054,2016-06-28,test,1,29,23,0,1,1.0,A,S,N,1,437973.09,28,2
1170055,2016-06-28,test,1,48,26,0,1,1.0,A,S,N,1,NA,18,1
1170056,2016-06-28,test,1,49,34,0,1,1.0,I,S,S,0,76239.60,28,1
1170057,2016-06-28,test,1,42,34,0,1,1.0,A,S,N,1,42787.02,28,1
1170058,2016-06-28,test,1,39,34,0,1,1.0,A,S,N,0,NA,31,1
1170059,2016-06-28,test,1,49,34,0,1,1.0,I,S,N,0,NA,9,1
1170061,2016-06-28,test,1,26,34,0,1,1.0,A,S,N,0,187983.09,28,2
1170062,2016-06-28,test,1,38,34,0,1,1.0,I,S,N,0,89396.37,28,1
1170049,2016-06-28,test,1,46,34,0,1,1.0,I,S,N,0,NA,8,1
1170024,2016-06-28,test,1,22,34,0,1,1.0,I,S,N,0,NA,15,2
1170022,2016-06-28,test,1,22,34,0,1,1.0,A,S,N,1,NA,36,2
1170020,2016-06-28,test,1,58,34,0,1,1.0,A,S,N,1,68062.29,21,1
1169979,2016-06-28,test,1,38,34,0,1,1.0,A,S,N,1,56233.98,46,1
1169981,2016-06-28,test,1,22,34,0,1,1.0,I,S,N,0,95286.84,46,2
1169983,2016-06-28,test,1,22,34,0,1,1.0,A,S,N,1,56076.78,46,2
1169985,2016-06-28,test,1,31,34,0,1,1.0,A,S,N,1,NA,28,2
1169987,2016-06-28,test,1,22,34,0,1,1.0,I,S,N,0,88143.63,46,2
1169989,2016-06-28,test,1,22,34,0,1,1.0,I,S,N,0,NA,46,2
1169991,2016-06-28,test,1,11,34,0,1,1.0,I,S,N,0,139890.30,46,1
1169992,2016-06-28,test,1,22,34,0,1,1.0,I,S,N,0,NA,8,2
1169994,2016-06-28,test,1,47,34,0,1,1.0,I,S,N,0,47332.44,38,1
1169995,2016-06-28,test,1,23,34,0,1,1.0,A,S,N,1,158052.39,33,2
1169996,2016-06-28,test,1,22,34,0,1,1.0,I,S,N,0,387651.42,15,2
1169998,2016-06-28,test,1,40,34,0,1,1.0,A,S,N,1,127681.74,28,1
1169999,2016-06-28,test,1,22,34,0,1,1.0,I,S,N,0,143735.19,8,2
1170001,2016-06-28,test,1,48,34,0,1,1.0,A,S,N,1,NA,27,1
1170002,2016-06-28,test,1,42,34,0,1,1.0,I,S,N,1,48572.61,27,1
1170003,2016-06-28,test,1,49,34,0,1,1.0,A,S,N,1,70854.84,46,1
1170005,2016-06-28,test,1,22,34,0,1,1.0,I,S,N,0,53523.42,6,2
1170007,2016-06-28,test,1,44,34,0,1,1.0,I,S,N,0,NA,28,1
1170008,2016-06-28,test,1,22,34,0,1,1.0,I,S,N,0,40820.01,41,1
1170010,2016-06-28,test,1,22,34,0,1,1.0,I,S,N,0,NA,28,1
1170011,2016-06-28,test,1,22,34,0,1,1.0,I,S,N,0,NA,32,2
1170013,2016-06-28,test,1,23,34,0,1,1.0,I,S,N,0,74172.33,35,1
1170015,2016-06-28,test,1,27,34,0,1,1.0,I,S,N,0,NA,21,1
1170016,2016-06-28,test,1,22,34,0,1,1.0,A,S,N,1,NA,32,2
1170018,2016-06-28,test,1,22,34,0,1,1.0,I,S,N,0,179970.30,8,2
1169974,2016-06-28,test,1,22,34,0,1,1.0,I,S,N,0,55803.21,24,2
1171071,2016-06-28,test,1,22,34,0,1,1.0,I,S,N,0,378289.89,8,2
1171072,2016-06-28,test,1,22,34,0,1,1.0,I,S,N,0,92869.86,17,2
1171073,2016-06-28,test,1,22,34,0,1,1.0,I,S,N,0,216677.49,8,2
1171841,2016-06-28,test,1,42,33,0,1,1.0,I,S,N,0,78108.33,28,1
1171842,2016-06-28,test,1,31,33,0,1,1.0,A,S,N,0,32038.86,27,1
1171844,2016-06-28,test,1,22,33,0,1,1.0,A,S,N,1,76327.29,28,2
1171845,2016-06-28,test,1,23,33,0,1,1.0,I,S,N,0,63747.27,44,2
1171846,2016-06-28,test,1,90,33,0,1,1.0,I,S,N,0,233590.83,8,1
1171847,2016-06-28,test,1,23,33,0,1,1.0,I,S,N,0,NA,50,2
1171848,2016-06-28,test,1,26,33,0,1,1.0,I,S,N,0,113452.44,8,2
1171849,2016-06-28,test,1,23,33,0,1,1.0,I,S,N,0,126239.91,50,2
1171850,2016-06-28,test,1,27,33,0,1,1.0,I,S,N,0,233590.83,8,2
1171851,2016-06-28,test,1,23,33,0,1,1.0,I,S,N,0,63747.27,44,2
1171853,2016-06-28,test,1,23,33,0,1,1.0,I,S,N,0,103454.28,50,2
1171837,2016-06-28,test,1,33,33,0,1,1.0,A,S,N,1,NA,3,1
1171855,2016-06-28,test,1,23,33,0,1,1.0,I,S,N,0,119809.17,50,2
1171857,2016-06-28,test,1,23,33,0,1,1.0,I,S,N,0,131610.66,50,2
1171858,2016-06-28,test,1,23,33,0,1,1.0,I,S,N,0,131610.66,50,2
1171859,2016-06-28,test,1,27,33,0,1,1.0,I,S,N,0,248472.21,8,2
1171860,2016-06-28,test,1,25,33,0,1,1.0,I,S,N,0,NA,31,2
1171861,2016-06-28,test,1,27,33,0,1,1.0,I,S,N,0,NA,8,2
1171862,2016-06-28,test,1,24,33,0,1,1.0,I,S,N,0,118876.32,50,2
1171863,2016-06-28,test,1,24,33,0,1,1.0,I,S,N,0,196889.76,50,2
1171864,2016-06-28,test,1,22,33,0,1,1.0,I,S,N,0,178553.97,50,2
1171865,2016-06-28,test,1,23,33,0,1,1.0,I,S,N,0,164995.71,50,2
1171866,2016-06-28,test,1,27,33,0,1,1.0,I,S,N,0,NA,8,2
1171868,2016-06-28,test,1,28,33,0,1,1.0,I,S,N,0,593711.37,8,2
1171856,2016-06-28,test,1,26,33,0,1,1.0,I,S,N,0,345279.09,8,2
1171836,2016-06-28,test,1,42,33,0,1,1.0,A,S,N,1,53644.74,46,1
1171834,2016-06-28,test,1,34,33,0,1,1.0,A,S,N,1,91018.53,28,1
1171832,2016-06-28,test,1,23,33,0,1,1.0,I,S,N,0,70442.10,5,2
1171792,2016-06-28,test,1,33,33,0,1,1.0,A,S,N,1,50575.44,29,1
1171794,2016-06-28,test,1,52,33,0,1,1.0,A,S,N,1,2367854.91,29,1
1171795,2016-06-28,test,1,26,33,0,1,1.0,A,S,N,1,NA,12,2
1171797,2016-06-28,test,1,23,33,0,1,1.0,I,S,N,0,30264.30,30,1
1171801,2016-06-28,test,1,42,33,0,1,1.0,I,S,N,0,NA,28,1
1171802,2016-06-28,test,1,23,33,0,1,1.0,I,S,N,0,NA,33,1
1171803,2016-06-28,test,1,73,33,0,1,1.0,I,S,N,0,120883.29,33,1
1171805,2016-06-28,test,1,32,33,0,1,1.0,A,S,N,1,103058.67,8,2
1171808,2016-06-28,test,1,62,33,0,1,1.0,A,S,N,1,153131.97,28,1
1171809,2016-06-28,test,1,66,33,0,1,1.0,A,S,N,1,203019.66,28,1
1171810,2016-06-28,test,1,31,33,0,1,1.0,A,S,N,1,NA,28,2
1171812,2016-06-28,test,1,45,33,0,1,1.0,A,S,N,1,104499.36,28,1
1171813,2016-06-28,test,1,38,33,0,1,1.0,I,S,N,1,NA,15,1
1171814,2016-06-28,test,1,51,33,0,1,1.0,I,S,N,1,71242.71,41,1
1171816,2016-06-28,test,1,43,33,0,1,1.0,I,S,N,0,115423.11,10,1
1171817,2016-06-28,test,1,31,33,0,1,1.0,A,S,S,1,45379.59,28,1
1171818,2016-06-28,test,1,23,33,0,1,1.0,A,S,S,1,53958.63,30,1
1171819,2016-06-28,test,1,27,33,0,1,1.0,A,S,N,1,91871.28,27,2
1171820,2016-06-28,test,1,47,33,0,1,1.0,A,S,N,1,NA,45,3
1171821,2016-06-28,test,1,58,33,0,1,1.0,A,S,N,1,73320.27,10,1
1171823,2016-06-28,test,1,48,33,0,1,1.0,A,S,N,1,NA,30,1
1171826,2016-06-28,test,1,33,33,0,1,1.0,A,S,N,1,203577.36,28,1
1171828,2016-06-28,test,1,32,33,0,1,1.0,A,S,N,1,NA,33,1
1171829,2016-06-28,test,1,62,33,0,1,1.0,I,S,N,0,NA,38,1
1171830,2016-06-28,test,1,72,33,0,1,1.0,A,S,N,1,NA,28,1
1171869,2016-06-28,test,1,23,33,0,1,1.0,I,S,N,0,188149.44,50,2
1171788,2016-06-28,test,1,31,33,0,1,1.0,I,S,N,0,397292.16,28,1
1171871,2016-06-28,test,1,27,33,0,1,1.0,I,S,N,0,244863.00,8,2
1171873,2016-06-28,test,1,42,33,0,1,1.0,A,S,N,1,51946.95,28,1
1171905,2016-06-28,test,1,26,33,0,1,1.0,I,S,N,0,126900.24,50,2
1171906,2016-06-28,test,1,26,33,0,1,1.0,I,S,N,1,82384.92,50,2
1171907,2016-06-28,test,1,23,33,0,1,1.0,A,S,N,1,101656.83,44,2
1171908,2016-06-28,test,1,23,33,0,1,1.0,A,S,N,1,57661.32,50,2
1171909,2016-06-28,test,1,28,33,0,1,1.0,I,S,N,1,30862.29,50,2
1171910,2016-06-28,test,1,23,33,0,1,1.0,I,S,N,0,88167.63,50,2
1171911,2016-06-28,test,1,23,33,0,1,1.0,I,S,N,0,108459.06,50,2
1171912,2016-06-28,test,1,30,33,0,1,1.0,I,S,N,0,93746.22,50,2
1171913,2016-06-28,test,1,23,33,0,1,1.0,A,S,N,1,68392.20,22,2
1171914,2016-06-28,test,1,22,33,0,1,1.0,I,S,N,0,101913.27,50,2
1171915,2016-06-28,test,1,28,33,0,1,1.0,I,S,N,0,138405.15,50,2
1171904,2016-06-28,test,1,23,33,0,1,1.0,I,S,N,0,148640.70,50,2
1171916,2016-06-28,test,1,23,33,0,1,1.0,I,S,N,0,73162.65,50,2
1171918,2016-06-28,test,1,23,33,0,1,1.0,A,S,N,1,126319.41,50,2
1171919,2016-06-28,test,1,23,33,0,1,1.0,I,S,N,0,59329.80,50,2
1171920,2016-06-28,test,1,22,33,0,1,1.0,I,S,N,0,74034.57,22,2
1171921,2016-06-28,test,1,25,33,0,1,1.0,A,S,N,1,121478.52,50,2
1171922,2016-06-28,test,1,23,33,0,1,1.0,A,S,N,1,99564.90,50,2
1171923,2016-06-28,test,1,25,33,0,1,1.0,I,S,N,0,369779.91,28,2
1171924,2016-06-28,test,1,22,33,0,1,1.0,A,S,N,1,NA,50,2
1171925,2016-06-28,test,1,27,33,0,1,1.0,I,S,S,0,53300.52,28,2
1171926,2016-06-28,test,1,24,33,0,1,1.0,I,S,N,0,122180.22,50,2
1171927,2016-06-28,test,1,23,33,0,1,1.0,I,S,N,0,57943.95,42,2
1171928,2016-06-28,test,1,22,33,0,1,1,A,S,S,1,NA,28,2
1171917,2016-06-28,test,1,23,33,0,1,1.0,A,S,N,1,67752.18,50,2
1171903,2016-06-28,test,1,23,33,0,1,1.0,I,S,N,0,97133.94,28,2
1171902,2016-06-28,test,1,23,33,0,1,1.0,I,S,N,0,175018.59,50,2
1171901,2016-06-28,test,1,23,33,0,1,1.0,I,S,N,0,109598.67,50,2
1171874,2016-06-28,test,1,23,33,0,1,1.0,I,S,N,0,72903.84,50,2
1171875,2016-06-28,test,1,23,33,0,1,1.0,I,S,N,0,150463.47,50,2
1171876,2016-06-28,test,1,24,33,0,1,1.0,I,S,N,0,109123.14,50,2
